256 252
1 2 2
1 3 3
1 4 4
1 5 5
1 6 6
1 7 7
1 8 8
1 9 9
1 10 10
1 11 11
1 12 12
1 13 13
1 14 14
1 15 15
1 16 16
1 17 17
1 18 18
1 19 19
1 20 20
1 21 21
1 22 22
1 23 23
1 24 24
1 25 25
1 26 26
1 27 27
1 28 28
1 29 29
1 30 30
1 31 31
1 32 32
1 33 33
1 34 34
1 35 35
1 36 36
1 37 37
1 38 38
1 39 39
1 40 40
1 41 41
1 42 42
1 43 43
1 44 44
1 45 45
1 46 46
1 47 47
1 48 48
1 49 49
1 50 50
1 51 51
1 52 52
1 53 53
1 54 54
1 55 55
1 56 56
1 57 57
1 58 58
1 59 59
1 60 60
1 61 61
1 62 62
1 63 63
1 64 64
1 65 65
1 66 66
1 67 67
1 68 68
1 69 69
1 70 70
1 71 71
1 72 72
1 73 73
1 74 74
1 75 75
1 76 76
1 77 77
1 78 78
1 79 79
1 80 80
1 81 81
1 82 82
1 83 83
1 84 84
1 85 85
1 86 86
1 87 87
1 88 88
1 89 89
1 90 90
1 91 91
1 92 92
1 93 93
1 94 94
1 95 95
1 96 96
1 97 97
1 98 98
1 99 99
1 100 100
1 101 101
1 102 102
1 103 103
1 104 104
1 105 105
1 106 106
1 107 107
1 108 108
1 109 109
1 110 110
1 111 111
1 112 112
1 113 113
1 114 114
1 115 115
1 116 116
1 117 117
1 118 118
1 119 119
1 120 120
1 121 121
1 122 122
1 123 123
1 124 124
1 125 125
1 126 126
1 127 127
1 128 128
1 129 129
1 130 130
1 131 131
1 132 132
1 133 133
1 134 134
1 135 135
1 136 136
1 137 137
1 138 138
1 139 139
1 140 140
1 141 141
1 142 142
1 143 143
1 144 144
1 145 145
1 146 146
1 147 147
1 148 148
1 149 149
1 150 150
1 151 151
1 152 152
1 153 153
1 154 154
1 155 155
1 156 156
1 157 157
1 158 158
1 159 159
1 160 160
1 161 161
1 162 162
1 163 163
1 164 164
1 165 165
1 166 166
1 167 167
1 168 168
1 169 169
1 170 170
1 171 171
1 172 172
1 173 173
1 174 174
1 175 175
1 176 176
1 177 177
1 178 178
1 179 179
1 180 180
1 181 181
1 182 182
1 183 183
1 184 184
1 185 185
1 186 186
1 187 187
1 188 188
1 189 189
1 190 190
1 191 191
1 192 192
1 193 193
1 194 194
1 195 195
1 196 196
1 197 197
1 198 198
1 199 199
1 200 200
1 201 201
1 202 202
1 203 203
1 204 204
1 205 205
1 206 206
1 207 207
1 208 208
1 209 209
1 210 210
1 211 211
1 212 212
1 213 213
1 214 214
1 215 215
1 216 216
1 217 217
1 218 218
1 219 219
1 220 220
1 221 221
1 222 222
1 223 223
1 224 224
1 225 225
1 226 226
1 227 227
1 228 228
1 229 229
1 230 230
1 231 231
1 232 232
1 233 233
1 234 234
1 235 235
1 236 236
1 237 237
1 238 238
1 239 239
1 240 240
1 241 241
1 242 242
1 243 243
1 244 244
1 245 245
1 246 246
1 247 247
1 248 248
1 249 249
1 250 250
1 251 251
1 252 0
1 253 1
1 254 2
1 255 3
1 256 4
2 3 6
2 4 8
2 5 10
2 6 12
2 7 14
2 8 16
2 9 18
2 10 20
2 11 22
2 12 24
2 13 26
2 14 28
2 15 30
2 16 32
2 17 34
2 18 36
2 19 38
2 20 40
2 21 42
2 22 44
2 23 46
2 24 48
2 25 50
2 26 52
2 27 54
2 28 56
2 29 58
2 30 60
2 31 62
2 32 64
2 33 66
2 34 68
2 35 70
2 36 72
2 37 74
2 38 76
2 39 78
2 40 80
2 41 82
2 42 84
2 43 86
2 44 88
2 45 90
2 46 92
2 47 94
2 48 96
2 49 98
2 50 100
2 51 102
2 52 104
2 53 106
2 54 108
2 55 110
2 56 112
2 57 114
2 58 116
2 59 118
2 60 120
2 61 122
2 62 124
2 63 126
2 64 128
2 65 130
2 66 132
2 67 134
2 68 136
2 69 138
2 70 140
2 71 142
2 72 144
2 73 146
2 74 148
2 75 150
2 76 152
2 77 154
2 78 156
2 79 158
2 80 160
2 81 162
2 82 164
2 83 166
2 84 168
2 85 170
2 86 172
2 87 174
2 88 176
2 89 178
2 90 180
2 91 182
2 92 184
2 93 186
2 94 188
2 95 190
2 96 192
2 97 194
2 98 196
2 99 198
2 100 200
2 101 202
2 102 204
2 103 206
2 104 208
2 105 210
2 106 212
2 107 214
2 108 216
2 109 218
2 110 220
2 111 222
2 112 224
2 113 226
2 114 228
2 115 230
2 116 232
2 117 234
2 118 236
2 119 238
2 120 240
2 121 242
2 122 244
2 123 246
2 124 248
2 125 250
2 126 0
2 127 2
2 128 4
2 129 6
2 130 8
2 131 10
2 132 12
2 133 14
2 134 16
2 135 18
2 136 20
2 137 22
2 138 24
2 139 26
2 140 28
2 141 30
2 142 32
2 143 34
2 144 36
2 145 38
2 146 40
2 147 42
2 148 44
2 149 46
2 150 48
2 151 50
2 152 52
2 153 54
2 154 56
2 155 58
2 156 60
2 157 62
2 158 64
2 159 66
2 160 68
2 161 70
2 162 72
2 163 74
2 164 76
2 165 78
2 166 80
2 167 82
2 168 84
2 169 86
2 170 88
2 171 90
2 172 92
2 173 94
2 174 96
2 175 98
2 176 100
2 177 102
2 178 104
2 179 106
2 180 108
2 181 110
2 182 112
2 183 114
2 184 116
2 185 118
2 186 120
2 187 122
2 188 124
2 189 126
2 190 128
2 191 130
2 192 132
2 193 134
2 194 136
2 195 138
2 196 140
2 197 142
2 198 144
2 199 146
2 200 148
2 201 150
2 202 152
2 203 154
2 204 156
2 205 158
2 206 160
2 207 162
2 208 164
2 209 166
2 210 168
2 211 170
2 212 172
2 213 174
2 214 176
2 215 178
2 216 180
2 217 182
2 218 184
2 219 186
2 220 188
2 221 190
2 222 192
2 223 194
2 224 196
2 225 198
2 226 200
2 227 202
2 228 204
2 229 206
2 230 208
2 231 210
2 232 212
2 233 214
2 234 216
2 235 218
2 236 220
2 237 222
2 238 224
2 239 226
2 240 228
2 241 230
2 242 232
2 243 234
2 244 236
2 245 238
2 246 240
2 247 242
2 248 244
2 249 246
2 250 248
2 251 250
2 252 0
2 253 2
2 254 4
2 255 6
2 256 8
3 4 12
3 5 15
3 6 18
3 7 21
3 8 24
3 9 27
3 10 30
3 11 33
3 12 36
3 13 39
3 14 42
3 15 45
3 16 48
3 17 51
3 18 54
3 19 57
3 20 60
3 21 63
3 22 66
3 23 69
3 24 72
3 25 75
3 26 78
3 27 81
3 28 84
3 29 87
3 30 90
3 31 93
3 32 96
3 33 99
3 34 102
3 35 105
3 36 108
3 37 111
3 38 114
3 39 117
3 40 120
3 41 123
3 42 126
3 43 129
3 44 132
3 45 135
3 46 138
3 47 141
3 48 144
3 49 147
3 50 150
3 51 153
3 52 156
3 53 159
3 54 162
3 55 165
3 56 168
3 57 171
3 58 174
3 59 177
3 60 180
3 61 183
3 62 186
3 63 189
3 64 192
3 65 195
3 66 198
3 67 201
3 68 204
3 69 207
3 70 210
3 71 213
3 72 216
3 73 219
3 74 222
3 75 225
3 76 228
3 77 231
3 78 234
3 79 237
3 80 240
3 81 243
3 82 246
3 83 249
3 84 0
3 85 3
3 86 6
3 87 9
3 88 12
3 89 15
3 90 18
3 91 21
3 92 24
3 93 27
3 94 30
3 95 33
3 96 36
3 97 39
3 98 42
3 99 45
3 100 48
3 101 51
3 102 54
3 103 57
3 104 60
3 105 63
3 106 66
3 107 69
3 108 72
3 109 75
3 110 78
3 111 81
3 112 84
3 113 87
3 114 90
3 115 93
3 116 96
3 117 99
3 118 102
3 119 105
3 120 108
3 121 111
3 122 114
3 123 117
3 124 120
3 125 123
3 126 126
3 127 129
3 128 132
3 129 135
3 130 138
3 131 141
3 132 144
3 133 147
3 134 150
3 135 153
3 136 156
3 137 159
3 138 162
3 139 165
3 140 168
3 141 171
3 142 174
3 143 177
3 144 180
3 145 183
3 146 186
3 147 189
3 148 192
3 149 195
3 150 198
3 151 201
3 152 204
3 153 207
3 154 210
3 155 213
3 156 216
3 157 219
3 158 222
3 159 225
3 160 228
3 161 231
3 162 234
3 163 237
3 164 240
3 165 243
3 166 246
3 167 249
3 168 0
3 169 3
3 170 6
3 171 9
3 172 12
3 173 15
3 174 18
3 175 21
3 176 24
3 177 27
3 178 30
3 179 33
3 180 36
3 181 39
3 182 42
3 183 45
3 184 48
3 185 51
3 186 54
3 187 57
3 188 60
3 189 63
3 190 66
3 191 69
3 192 72
3 193 75
3 194 78
3 195 81
3 196 84
3 197 87
3 198 90
3 199 93
3 200 96
3 201 99
3 202 102
3 203 105
3 204 108
3 205 111
3 206 114
3 207 117
3 208 120
3 209 123
3 210 126
3 211 129
3 212 132
3 213 135
3 214 138
3 215 141
3 216 144
3 217 147
3 218 150
3 219 153
3 220 156
3 221 159
3 222 162
3 223 165
3 224 168
3 225 171
3 226 174
3 227 177
3 228 180
3 229 183
3 230 186
3 231 189
3 232 192
3 233 195
3 234 198
3 235 201
3 236 204
3 237 207
3 238 210
3 239 213
3 240 216
3 241 219
3 242 222
3 243 225
3 244 228
3 245 231
3 246 234
3 247 237
3 248 240
3 249 243
3 250 246
3 251 249
3 252 0
3 253 3
3 254 6
3 255 9
3 256 12
4 5 20
4 6 24
4 7 28
4 8 32
4 9 36
4 10 40
4 11 44
4 12 48
4 13 52
4 14 56
4 15 60
4 16 64
4 17 68
4 18 72
4 19 76
4 20 80
4 21 84
4 22 88
4 23 92
4 24 96
4 25 100
4 26 104
4 27 108
4 28 112
4 29 116
4 30 120
4 31 124
4 32 128
4 33 132
4 34 136
4 35 140
4 36 144
4 37 148
4 38 152
4 39 156
4 40 160
4 41 164
4 42 168
4 43 172
4 44 176
4 45 180
4 46 184
4 47 188
4 48 192
4 49 196
4 50 200
4 51 204
4 52 208
4 53 212
4 54 216
4 55 220
4 56 224
4 57 228
4 58 232
4 59 236
4 60 240
4 61 244
4 62 248
4 63 0
4 64 4
4 65 8
4 66 12
4 67 16
4 68 20
4 69 24
4 70 28
4 71 32
4 72 36
4 73 40
4 74 44
4 75 48
4 76 52
4 77 56
4 78 60
4 79 64
4 80 68
4 81 72
4 82 76
4 83 80
4 84 84
4 85 88
4 86 92
4 87 96
4 88 100
4 89 104
4 90 108
4 91 112
4 92 116
4 93 120
4 94 124
4 95 128
4 96 132
4 97 136
4 98 140
4 99 144
4 100 148
4 101 152
4 102 156
4 103 160
4 104 164
4 105 168
4 106 172
4 107 176
4 108 180
4 109 184
4 110 188
4 111 192
4 112 196
4 113 200
4 114 204
4 115 208
4 116 212
4 117 216
4 118 220
4 119 224
4 120 228
4 121 232
4 122 236
4 123 240
4 124 244
4 125 248
4 126 0
4 127 4
4 128 8
4 129 12
4 130 16
4 131 20
4 132 24
4 133 28
4 134 32
4 135 36
4 136 40
4 137 44
4 138 48
4 139 52
4 140 56
4 141 60
4 142 64
4 143 68
4 144 72
4 145 76
4 146 80
4 147 84
4 148 88
4 149 92
4 150 96
4 151 100
4 152 104
4 153 108
4 154 112
4 155 116
4 156 120
4 157 124
4 158 128
4 159 132
4 160 136
4 161 140
4 162 144
4 163 148
4 164 152
4 165 156
4 166 160
4 167 164
4 168 168
4 169 172
4 170 176
4 171 180
4 172 184
4 173 188
4 174 192
4 175 196
4 176 200
4 177 204
4 178 208
4 179 212
4 180 216
4 181 220
4 182 224
4 183 228
4 184 232
4 185 236
4 186 240
4 187 244
4 188 248
4 189 0
4 190 4
4 191 8
4 192 12
4 193 16
4 194 20
4 195 24
4 196 28
4 197 32
4 198 36
4 199 40
4 200 44
4 201 48
4 202 52
4 203 56
4 204 60
4 205 64
4 206 68
4 207 72
4 208 76
4 209 80
4 210 84
4 211 88
4 212 92
4 213 96
4 214 100
4 215 104
4 216 108
4 217 112
4 218 116
4 219 120
4 220 124
4 221 128
4 222 132
4 223 136
4 224 140
4 225 144
4 226 148
4 227 152
4 228 156
4 229 160
4 230 164
4 231 168
4 232 172
4 233 176
4 234 180
4 235 184
4 236 188
4 237 192
4 238 196
4 239 200
4 240 204
4 241 208
4 242 212
4 243 216
4 244 220
4 245 224
4 246 228
4 247 232
4 248 236
4 249 240
4 250 244
4 251 248
4 252 0
4 253 4
4 254 8
4 255 12
4 256 16
5 6 30
5 7 35
5 8 40
5 9 45
5 10 50
5 11 55
5 12 60
5 13 65
5 14 70
5 15 75
5 16 80
5 17 85
5 18 90
5 19 95
5 20 100
5 21 105
5 22 110
5 23 115
5 24 120
5 25 125
5 26 130
5 27 135
5 28 140
5 29 145
5 30 150
5 31 155
5 32 160
5 33 165
5 34 170
5 35 175
5 36 180
5 37 185
5 38 190
5 39 195
5 40 200
5 41 205
5 42 210
5 43 215
5 44 220
5 45 225
5 46 230
5 47 235
5 48 240
5 49 245
5 50 250
5 51 3
5 52 8
5 53 13
5 54 18
5 55 23
5 56 28
5 57 33
5 58 38
5 59 43
5 60 48
5 61 53
5 62 58
5 63 63
5 64 68
5 65 73
5 66 78
5 67 83
5 68 88
5 69 93
5 70 98
5 71 103
5 72 108
5 73 113
5 74 118
5 75 123
5 76 128
5 77 133
5 78 138
5 79 143
5 80 148
5 81 153
5 82 158
5 83 163
5 84 168
5 85 173
5 86 178
5 87 183
5 88 188
5 89 193
5 90 198
5 91 203
5 92 208
5 93 213
5 94 218
5 95 223
5 96 228
5 97 233
5 98 238
5 99 243
5 100 248
5 101 1
5 102 6
5 103 11
5 104 16
5 105 21
5 106 26
5 107 31
5 108 36
5 109 41
5 110 46
5 111 51
5 112 56
5 113 61
5 114 66
5 115 71
5 116 76
5 117 81
5 118 86
5 119 91
5 120 96
5 121 101
5 122 106
5 123 111
5 124 116
5 125 121
5 126 126
5 127 131
5 128 136
5 129 141
5 130 146
5 131 151
5 132 156
5 133 161
5 134 166
5 135 171
5 136 176
5 137 181
5 138 186
5 139 191
5 140 196
5 141 201
5 142 206
5 143 211
5 144 216
5 145 221
5 146 226
5 147 231
5 148 236
5 149 241
5 150 246
5 151 251
5 152 4
5 153 9
5 154 14
5 155 19
5 156 24
5 157 29
5 158 34
5 159 39
5 160 44
5 161 49
5 162 54
5 163 59
5 164 64
5 165 69
5 166 74
5 167 79
5 168 84
5 169 89
5 170 94
5 171 99
5 172 104
5 173 109
5 174 114
5 175 119
5 176 124
5 177 129
5 178 134
5 179 139
5 180 144
5 181 149
5 182 154
5 183 159
5 184 164
5 185 169
5 186 174
5 187 179
5 188 184
5 189 189
5 190 194
5 191 199
5 192 204
5 193 209
5 194 214
5 195 219
5 196 224
5 197 229
5 198 234
5 199 239
5 200 244
5 201 249
5 202 2
5 203 7
5 204 12
5 205 17
5 206 22
5 207 27
5 208 32
5 209 37
5 210 42
5 211 47
5 212 52
5 213 57
5 214 62
5 215 67
5 216 72
5 217 77
5 218 82
5 219 87
5 220 92
5 221 97
5 222 102
5 223 107
5 224 112
5 225 117
5 226 122
5 227 127
5 228 132
5 229 137
5 230 142
5 231 147
5 232 152
5 233 157
5 234 162
5 235 167
5 236 172
5 237 177
5 238 182
5 239 187
5 240 192
5 241 197
5 242 202
5 243 207
5 244 212
5 245 217
5 246 222
5 247 227
5 248 232
5 249 237
5 250 242
5 251 247
5 252 0
5 253 5
5 254 10
5 255 15
5 256 20
6 7 42
6 8 48
6 9 54
6 10 60
6 11 66
6 12 72
6 13 78
6 14 84
6 15 90
6 16 96
6 17 102
6 18 108
6 19 114
6 20 120
6 21 126
6 22 132
6 23 138
6 24 144
6 25 150
6 26 156
6 27 162
6 28 168
6 29 174
6 30 180
6 31 186
6 32 192
6 33 198
6 34 204
6 35 210
6 36 216
6 37 222
6 38 228
6 39 234
6 40 240
6 41 246
6 42 0
6 43 6
6 44 12
6 45 18
6 46 24
6 47 30
6 48 36
6 49 42
6 50 48
6 51 54
6 52 60
6 53 66
6 54 72
6 55 78
6 56 84
6 57 90
6 58 96
6 59 102
6 60 108
6 61 114
6 62 120
6 63 126
6 64 132
6 65 138
6 66 144
6 67 150
6 68 156
6 69 162
6 70 168
6 71 174
6 72 180
6 73 186
6 74 192
6 75 198
6 76 204
6 77 210
6 78 216
6 79 222
6 80 228
6 81 234
6 82 240
6 83 246
6 84 0
6 85 6
6 86 12
6 87 18
6 88 24
6 89 30
6 90 36
6 91 42
6 92 48
6 93 54
6 94 60
6 95 66
6 96 72
6 97 78
6 98 84
6 99 90
6 100 96
6 101 102
6 102 108
6 103 114
6 104 120
6 105 126
6 106 132
6 107 138
6 108 144
6 109 150
6 110 156
6 111 162
6 112 168
6 113 174
6 114 180
6 115 186
6 116 192
6 117 198
6 118 204
6 119 210
6 120 216
6 121 222
6 122 228
6 123 234
6 124 240
6 125 246
6 126 0
6 127 6
6 128 12
6 129 18
6 130 24
6 131 30
6 132 36
6 133 42
6 134 48
6 135 54
6 136 60
6 137 66
6 138 72
6 139 78
6 140 84
6 141 90
6 142 96
6 143 102
6 144 108
6 145 114
6 146 120
6 147 126
6 148 132
6 149 138
6 150 144
6 151 150
6 152 156
6 153 162
6 154 168
6 155 174
6 156 180
6 157 186
6 158 192
6 159 198
6 160 204
6 161 210
6 162 216
6 163 222
6 164 228
6 165 234
6 166 240
6 167 246
6 168 0
6 169 6
6 170 12
6 171 18
6 172 24
6 173 30
6 174 36
6 175 42
6 176 48
6 177 54
6 178 60
6 179 66
6 180 72
6 181 78
6 182 84
6 183 90
6 184 96
6 185 102
6 186 108
6 187 114
6 188 120
6 189 126
6 190 132
6 191 138
6 192 144
6 193 150
6 194 156
6 195 162
6 196 168
6 197 174
6 198 180
6 199 186
6 200 192
6 201 198
6 202 204
6 203 210
6 204 216
6 205 222
6 206 228
6 207 234
6 208 240
6 209 246
6 210 0
6 211 6
6 212 12
6 213 18
6 214 24
6 215 30
6 216 36
6 217 42
6 218 48
6 219 54
6 220 60
6 221 66
6 222 72
6 223 78
6 224 84
6 225 90
6 226 96
6 227 102
6 228 108
6 229 114
6 230 120
6 231 126
6 232 132
6 233 138
6 234 144
6 235 150
6 236 156
6 237 162
6 238 168
6 239 174
6 240 180
6 241 186
6 242 192
6 243 198
6 244 204
6 245 210
6 246 216
6 247 222
6 248 228
6 249 234
6 250 240
6 251 246
6 252 0
6 253 6
6 254 12
6 255 18
6 256 24
7 8 56
7 9 63
7 10 70
7 11 77
7 12 84
7 13 91
7 14 98
7 15 105
7 16 112
7 17 119
7 18 126
7 19 133
7 20 140
7 21 147
7 22 154
7 23 161
7 24 168
7 25 175
7 26 182
7 27 189
7 28 196
7 29 203
7 30 210
7 31 217
7 32 224
7 33 231
7 34 238
7 35 245
7 36 0
7 37 7
7 38 14
7 39 21
7 40 28
7 41 35
7 42 42
7 43 49
7 44 56
7 45 63
7 46 70
7 47 77
7 48 84
7 49 91
7 50 98
7 51 105
7 52 112
7 53 119
7 54 126
7 55 133
7 56 140
7 57 147
7 58 154
7 59 161
7 60 168
7 61 175
7 62 182
7 63 189
7 64 196
7 65 203
7 66 210
7 67 217
7 68 224
7 69 231
7 70 238
7 71 245
7 72 0
7 73 7
7 74 14
7 75 21
7 76 28
7 77 35
7 78 42
7 79 49
7 80 56
7 81 63
7 82 70
7 83 77
7 84 84
7 85 91
7 86 98
7 87 105
7 88 112
7 89 119
7 90 126
7 91 133
7 92 140
7 93 147
7 94 154
7 95 161
7 96 168
7 97 175
7 98 182
7 99 189
7 100 196
7 101 203
7 102 210
7 103 217
7 104 224
7 105 231
7 106 238
7 107 245
7 108 0
7 109 7
7 110 14
7 111 21
7 112 28
7 113 35
7 114 42
7 115 49
7 116 56
7 117 63
7 118 70
7 119 77
7 120 84
7 121 91
7 122 98
7 123 105
7 124 112
7 125 119
7 126 126
7 127 133
7 128 140
7 129 147
7 130 154
7 131 161
7 132 168
7 133 175
7 134 182
7 135 189
7 136 196
7 137 203
7 138 210
7 139 217
7 140 224
7 141 231
7 142 238
7 143 245
7 144 0
7 145 7
7 146 14
7 147 21
7 148 28
7 149 35
7 150 42
7 151 49
7 152 56
7 153 63
7 154 70
7 155 77
7 156 84
7 157 91
7 158 98
7 159 105
7 160 112
7 161 119
7 162 126
7 163 133
7 164 140
7 165 147
7 166 154
7 167 161
7 168 168
7 169 175
7 170 182
7 171 189
7 172 196
7 173 203
7 174 210
7 175 217
7 176 224
7 177 231
7 178 238
7 179 245
7 180 0
7 181 7
7 182 14
7 183 21
7 184 28
7 185 35
7 186 42
7 187 49
7 188 56
7 189 63
7 190 70
7 191 77
7 192 84
7 193 91
7 194 98
7 195 105
7 196 112
7 197 119
7 198 126
7 199 133
7 200 140
7 201 147
7 202 154
7 203 161
7 204 168
7 205 175
7 206 182
7 207 189
7 208 196
7 209 203
7 210 210
7 211 217
7 212 224
7 213 231
7 214 238
7 215 245
7 216 0
7 217 7
7 218 14
7 219 21
7 220 28
7 221 35
7 222 42
7 223 49
7 224 56
7 225 63
7 226 70
7 227 77
7 228 84
7 229 91
7 230 98
7 231 105
7 232 112
7 233 119
7 234 126
7 235 133
7 236 140
7 237 147
7 238 154
7 239 161
7 240 168
7 241 175
7 242 182
7 243 189
7 244 196
7 245 203
7 246 210
7 247 217
7 248 224
7 249 231
7 250 238
7 251 245
7 252 0
7 253 7
7 254 14
7 255 21
7 256 28
8 9 72
8 10 80
8 11 88
8 12 96
8 13 104
8 14 112
8 15 120
8 16 128
8 17 136
8 18 144
8 19 152
8 20 160
8 21 168
8 22 176
8 23 184
8 24 192
8 25 200
8 26 208
8 27 216
8 28 224
8 29 232
8 30 240
8 31 248
8 32 4
8 33 12
8 34 20
8 35 28
8 36 36
8 37 44
8 38 52
8 39 60
8 40 68
8 41 76
8 42 84
8 43 92
8 44 100
8 45 108
8 46 116
8 47 124
8 48 132
8 49 140
8 50 148
8 51 156
8 52 164
8 53 172
8 54 180
8 55 188
8 56 196
8 57 204
8 58 212
8 59 220
8 60 228
8 61 236
8 62 244
8 63 0
8 64 8
8 65 16
8 66 24
8 67 32
8 68 40
8 69 48
8 70 56
8 71 64
8 72 72
8 73 80
8 74 88
8 75 96
8 76 104
8 77 112
8 78 120
8 79 128
8 80 136
8 81 144
8 82 152
8 83 160
8 84 168
8 85 176
8 86 184
8 87 192
8 88 200
8 89 208
8 90 216
8 91 224
8 92 232
8 93 240
8 94 248
8 95 4
8 96 12
8 97 20
8 98 28
8 99 36
8 100 44
8 101 52
8 102 60
8 103 68
8 104 76
8 105 84
8 106 92
8 107 100
8 108 108
8 109 116
8 110 124
8 111 132
8 112 140
8 113 148
8 114 156
8 115 164
8 116 172
8 117 180
8 118 188
8 119 196
8 120 204
8 121 212
8 122 220
8 123 228
8 124 236
8 125 244
8 126 0
8 127 8
8 128 16
8 129 24
8 130 32
8 131 40
8 132 48
8 133 56
8 134 64
8 135 72
8 136 80
8 137 88
8 138 96
8 139 104
8 140 112
8 141 120
8 142 128
8 143 136
8 144 144
8 145 152
8 146 160
8 147 168
8 148 176
8 149 184
8 150 192
8 151 200
8 152 208
8 153 216
8 154 224
8 155 232
8 156 240
8 157 248
8 158 4
8 159 12
8 160 20
8 161 28
8 162 36
8 163 44
8 164 52
8 165 60
8 166 68
8 167 76
8 168 84
8 169 92
8 170 100
8 171 108
8 172 116
8 173 124
8 174 132
8 175 140
8 176 148
8 177 156
8 178 164
8 179 172
8 180 180
8 181 188
8 182 196
8 183 204
8 184 212
8 185 220
8 186 228
8 187 236
8 188 244
8 189 0
8 190 8
8 191 16
8 192 24
8 193 32
8 194 40
8 195 48
8 196 56
8 197 64
8 198 72
8 199 80
8 200 88
8 201 96
8 202 104
8 203 112
8 204 120
8 205 128
8 206 136
8 207 144
8 208 152
8 209 160
8 210 168
8 211 176
8 212 184
8 213 192
8 214 200
8 215 208
8 216 216
8 217 224
8 218 232
8 219 240
8 220 248
8 221 4
8 222 12
8 223 20
8 224 28
8 225 36
8 226 44
8 227 52
8 228 60
8 229 68
8 230 76
8 231 84
8 232 92
8 233 100
8 234 108
8 235 116
8 236 124
8 237 132
8 238 140
8 239 148
8 240 156
8 241 164
8 242 172
8 243 180
8 244 188
8 245 196
8 246 204
8 247 212
8 248 220
8 249 228
8 250 236
8 251 244
8 252 0
8 253 8
8 254 16
8 255 24
8 256 32
9 10 90
9 11 99
9 12 108
9 13 117
9 14 126
9 15 135
9 16 144
9 17 153
9 18 162
9 19 171
9 20 180
9 21 189
9 22 198
9 23 207
9 24 216
9 25 225
9 26 234
9 27 243
9 28 0
9 29 9
9 30 18
9 31 27
9 32 36
9 33 45
9 34 54
9 35 63
9 36 72
9 37 81
9 38 90
9 39 99
9 40 108
9 41 117
9 42 126
9 43 135
9 44 144
9 45 153
9 46 162
9 47 171
9 48 180
9 49 189
9 50 198
9 51 207
9 52 216
9 53 225
9 54 234
9 55 243
9 56 0
9 57 9
9 58 18
9 59 27
9 60 36
9 61 45
9 62 54
9 63 63
9 64 72
9 65 81
9 66 90
9 67 99
9 68 108
9 69 117
9 70 126
9 71 135
9 72 144
9 73 153
9 74 162
9 75 171
9 76 180
9 77 189
9 78 198
9 79 207
9 80 216
9 81 225
9 82 234
9 83 243
9 84 0
9 85 9
9 86 18
9 87 27
9 88 36
9 89 45
9 90 54
9 91 63
9 92 72
9 93 81
9 94 90
9 95 99
9 96 108
9 97 117
9 98 126
9 99 135
9 100 144
9 101 153
9 102 162
9 103 171
9 104 180
9 105 189
9 106 198
9 107 207
9 108 216
9 109 225
9 110 234
9 111 243
9 112 0
9 113 9
9 114 18
9 115 27
9 116 36
9 117 45
9 118 54
9 119 63
9 120 72
9 121 81
9 122 90
9 123 99
9 124 108
9 125 117
9 126 126
9 127 135
9 128 144
9 129 153
9 130 162
9 131 171
9 132 180
9 133 189
9 134 198
9 135 207
9 136 216
9 137 225
9 138 234
9 139 243
9 140 0
9 141 9
9 142 18
9 143 27
9 144 36
9 145 45
9 146 54
9 147 63
9 148 72
9 149 81
9 150 90
9 151 99
9 152 108
9 153 117
9 154 126
9 155 135
9 156 144
9 157 153
9 158 162
9 159 171
9 160 180
9 161 189
9 162 198
9 163 207
9 164 216
9 165 225
9 166 234
9 167 243
9 168 0
9 169 9
9 170 18
9 171 27
9 172 36
9 173 45
9 174 54
9 175 63
9 176 72
9 177 81
9 178 90
9 179 99
9 180 108
9 181 117
9 182 126
9 183 135
9 184 144
9 185 153
9 186 162
9 187 171
9 188 180
9 189 189
9 190 198
9 191 207
9 192 216
9 193 225
9 194 234
9 195 243
9 196 0
9 197 9
9 198 18
9 199 27
9 200 36
9 201 45
9 202 54
9 203 63
9 204 72
9 205 81
9 206 90
9 207 99
9 208 108
9 209 117
9 210 126
9 211 135
9 212 144
9 213 153
9 214 162
9 215 171
9 216 180
9 217 189
9 218 198
9 219 207
9 220 216
9 221 225
9 222 234
9 223 243
9 224 0
9 225 9
9 226 18
9 227 27
9 228 36
9 229 45
9 230 54
9 231 63
9 232 72
9 233 81
9 234 90
9 235 99
9 236 108
9 237 117
9 238 126
9 239 135
9 240 144
9 241 153
9 242 162
9 243 171
9 244 180
9 245 189
9 246 198
9 247 207
9 248 216
9 249 225
9 250 234
9 251 243
9 252 0
9 253 9
9 254 18
9 255 27
9 256 36
10 11 110
10 12 120
10 13 130
10 14 140
10 15 150
10 16 160
10 17 170
10 18 180
10 19 190
10 20 200
10 21 210
10 22 220
10 23 230
10 24 240
10 25 250
10 26 8
10 27 18
10 28 28
10 29 38
10 30 48
10 31 58
10 32 68
10 33 78
10 34 88
10 35 98
10 36 108
10 37 118
10 38 128
10 39 138
10 40 148
10 41 158
10 42 168
10 43 178
10 44 188
10 45 198
10 46 208
10 47 218
10 48 228
10 49 238
10 50 248
10 51 6
10 52 16
10 53 26
10 54 36
10 55 46
10 56 56
10 57 66
10 58 76
10 59 86
10 60 96
10 61 106
10 62 116
10 63 126
10 64 136
10 65 146
10 66 156
10 67 166
10 68 176
10 69 186
10 70 196
10 71 206
10 72 216
10 73 226
10 74 236
10 75 246
10 76 4
10 77 14
10 78 24
10 79 34
10 80 44
10 81 54
10 82 64
10 83 74
10 84 84
10 85 94
10 86 104
10 87 114
10 88 124
10 89 134
10 90 144
10 91 154
10 92 164
10 93 174
10 94 184
10 95 194
10 96 204
10 97 214
10 98 224
10 99 234
10 100 244
10 101 2
10 102 12
10 103 22
10 104 32
10 105 42
10 106 52
10 107 62
10 108 72
10 109 82
10 110 92
10 111 102
10 112 112
10 113 122
10 114 132
10 115 142
10 116 152
10 117 162
10 118 172
10 119 182
10 120 192
10 121 202
10 122 212
10 123 222
10 124 232
10 125 242
10 126 0
10 127 10
10 128 20
10 129 30
10 130 40
10 131 50
10 132 60
10 133 70
10 134 80
10 135 90
10 136 100
10 137 110
10 138 120
10 139 130
10 140 140
10 141 150
10 142 160
10 143 170
10 144 180
10 145 190
10 146 200
10 147 210
10 148 220
10 149 230
10 150 240
10 151 250
10 152 8
10 153 18
10 154 28
10 155 38
10 156 48
10 157 58
10 158 68
10 159 78
10 160 88
10 161 98
10 162 108
10 163 118
10 164 128
10 165 138
10 166 148
10 167 158
10 168 168
10 169 178
10 170 188
10 171 198
10 172 208
10 173 218
10 174 228
10 175 238
10 176 248
10 177 6
10 178 16
10 179 26
10 180 36
10 181 46
10 182 56
10 183 66
10 184 76
10 185 86
10 186 96
10 187 106
10 188 116
10 189 126
10 190 136
10 191 146
10 192 156
10 193 166
10 194 176
10 195 186
10 196 196
10 197 206
10 198 216
10 199 226
10 200 236
10 201 246
10 202 4
10 203 14
10 204 24
10 205 34
10 206 44
10 207 54
10 208 64
10 209 74
10 210 84
10 211 94
10 212 104
10 213 114
10 214 124
10 215 134
10 216 144
10 217 154
10 218 164
10 219 174
10 220 184
10 221 194
10 222 204
10 223 214
10 224 224
10 225 234
10 226 244
10 227 2
10 228 12
10 229 22
10 230 32
10 231 42
10 232 52
10 233 62
10 234 72
10 235 82
10 236 92
10 237 102
10 238 112
10 239 122
10 240 132
10 241 142
10 242 152
10 243 162
10 244 172
10 245 182
10 246 192
10 247 202
10 248 212
10 249 222
10 250 232
10 251 242
10 252 0
10 253 10
10 254 20
10 255 30
10 256 40
11 12 132
11 13 143
11 14 154
11 15 165
11 16 176
11 17 187
11 18 198
11 19 209
11 20 220
11 21 231
11 22 242
11 23 1
11 24 12
11 25 23
11 26 34
11 27 45
11 28 56
11 29 67
11 30 78
11 31 89
11 32 100
11 33 111
11 34 122
11 35 133
11 36 144
11 37 155
11 38 166
11 39 177
11 40 188
11 41 199
11 42 210
11 43 221
11 44 232
11 45 243
11 46 2
11 47 13
11 48 24
11 49 35
11 50 46
11 51 57
11 52 68
11 53 79
11 54 90
11 55 101
11 56 112
11 57 123
11 58 134
11 59 145
11 60 156
11 61 167
11 62 178
11 63 189
11 64 200
11 65 211
11 66 222
11 67 233
11 68 244
11 69 3
11 70 14
11 71 25
11 72 36
11 73 47
11 74 58
11 75 69
11 76 80
11 77 91
11 78 102
11 79 113
11 80 124
11 81 135
11 82 146
11 83 157
11 84 168
11 85 179
11 86 190
11 87 201
11 88 212
11 89 223
11 90 234
11 91 245
11 92 4
11 93 15
11 94 26
11 95 37
11 96 48
11 97 59
11 98 70
11 99 81
11 100 92
11 101 103
11 102 114
11 103 125
11 104 136
11 105 147
11 106 158
11 107 169
11 108 180
11 109 191
11 110 202
11 111 213
11 112 224
11 113 235
11 114 246
11 115 5
11 116 16
11 117 27
11 118 38
11 119 49
11 120 60
11 121 71
11 122 82
11 123 93
11 124 104
11 125 115
11 126 126
11 127 137
11 128 148
11 129 159
11 130 170
11 131 181
11 132 192
11 133 203
11 134 214
11 135 225
11 136 236
11 137 247
11 138 6
11 139 17
11 140 28
11 141 39
11 142 50
11 143 61
11 144 72
11 145 83
11 146 94
11 147 105
11 148 116
11 149 127
11 150 138
11 151 149
11 152 160
11 153 171
11 154 182
11 155 193
11 156 204
11 157 215
11 158 226
11 159 237
11 160 248
11 161 7
11 162 18
11 163 29
11 164 40
11 165 51
11 166 62
11 167 73
11 168 84
11 169 95
11 170 106
11 171 117
11 172 128
11 173 139
11 174 150
11 175 161
11 176 172
11 177 183
11 178 194
11 179 205
11 180 216
11 181 227
11 182 238
11 183 249
11 184 8
11 185 19
11 186 30
11 187 41
11 188 52
11 189 63
11 190 74
11 191 85
11 192 96
11 193 107
11 194 118
11 195 129
11 196 140
11 197 151
11 198 162
11 199 173
11 200 184
11 201 195
11 202 206
11 203 217
11 204 228
11 205 239
11 206 250
11 207 9
11 208 20
11 209 31
11 210 42
11 211 53
11 212 64
11 213 75
11 214 86
11 215 97
11 216 108
11 217 119
11 218 130
11 219 141
11 220 152
11 221 163
11 222 174
11 223 185
11 224 196
11 225 207
11 226 218
11 227 229
11 228 240
11 229 251
11 230 10
11 231 21
11 232 32
11 233 43
11 234 54
11 235 65
11 236 76
11 237 87
11 238 98
11 239 109
11 240 120
11 241 131
11 242 142
11 243 153
11 244 164
11 245 175
11 246 186
11 247 197
11 248 208
11 249 219
11 250 230
11 251 241
11 252 0
11 253 11
11 254 22
11 255 33
11 256 44
12 13 156
12 14 168
12 15 180
12 16 192
12 17 204
12 18 216
12 19 228
12 20 240
12 21 0
12 22 12
12 23 24
12 24 36
12 25 48
12 26 60
12 27 72
12 28 84
12 29 96
12 30 108
12 31 120
12 32 132
12 33 144
12 34 156
12 35 168
12 36 180
12 37 192
12 38 204
12 39 216
12 40 228
12 41 240
12 42 0
12 43 12
12 44 24
12 45 36
12 46 48
12 47 60
12 48 72
12 49 84
12 50 96
12 51 108
12 52 120
12 53 132
12 54 144
12 55 156
12 56 168
12 57 180
12 58 192
12 59 204
12 60 216
12 61 228
12 62 240
12 63 0
12 64 12
12 65 24
12 66 36
12 67 48
12 68 60
12 69 72
12 70 84
12 71 96
12 72 108
12 73 120
12 74 132
12 75 144
12 76 156
12 77 168
12 78 180
12 79 192
12 80 204
12 81 216
12 82 228
12 83 240
12 84 0
12 85 12
12 86 24
12 87 36
12 88 48
12 89 60
12 90 72
12 91 84
12 92 96
12 93 108
12 94 120
12 95 132
12 96 144
12 97 156
12 98 168
12 99 180
12 100 192
12 101 204
12 102 216
12 103 228
12 104 240
12 105 0
12 106 12
12 107 24
12 108 36
12 109 48
12 110 60
12 111 72
12 112 84
12 113 96
12 114 108
12 115 120
12 116 132
12 117 144
12 118 156
12 119 168
12 120 180
12 121 192
12 122 204
12 123 216
12 124 228
12 125 240
12 126 0
12 127 12
12 128 24
12 129 36
12 130 48
12 131 60
12 132 72
12 133 84
12 134 96
12 135 108
12 136 120
12 137 132
12 138 144
12 139 156
12 140 168
12 141 180
12 142 192
12 143 204
12 144 216
12 145 228
12 146 240
12 147 0
12 148 12
12 149 24
12 150 36
12 151 48
12 152 60
12 153 72
12 154 84
12 155 96
12 156 108
12 157 120
12 158 132
12 159 144
12 160 156
12 161 168
12 162 180
12 163 192
12 164 204
12 165 216
12 166 228
12 167 240
12 168 0
12 169 12
12 170 24
12 171 36
12 172 48
12 173 60
12 174 72
12 175 84
12 176 96
12 177 108
12 178 120
12 179 132
12 180 144
12 181 156
12 182 168
12 183 180
12 184 192
12 185 204
12 186 216
12 187 228
12 188 240
12 189 0
12 190 12
12 191 24
12 192 36
12 193 48
12 194 60
12 195 72
12 196 84
12 197 96
12 198 108
12 199 120
12 200 132
12 201 144
12 202 156
12 203 168
12 204 180
12 205 192
12 206 204
12 207 216
12 208 228
12 209 240
12 210 0
12 211 12
12 212 24
12 213 36
12 214 48
12 215 60
12 216 72
12 217 84
12 218 96
12 219 108
12 220 120
12 221 132
12 222 144
12 223 156
12 224 168
12 225 180
12 226 192
12 227 204
12 228 216
12 229 228
12 230 240
12 231 0
12 232 12
12 233 24
12 234 36
12 235 48
12 236 60
12 237 72
12 238 84
12 239 96
12 240 108
12 241 120
12 242 132
12 243 144
12 244 156
12 245 168
12 246 180
12 247 192
12 248 204
12 249 216
12 250 228
12 251 240
12 252 0
12 253 12
12 254 24
12 255 36
12 256 48
13 14 182
13 15 195
13 16 208
13 17 221
13 18 234
13 19 247
13 20 8
13 21 21
13 22 34
13 23 47
13 24 60
13 25 73
13 26 86
13 27 99
13 28 112
13 29 125
13 30 138
13 31 151
13 32 164
13 33 177
13 34 190
13 35 203
13 36 216
13 37 229
13 38 242
13 39 3
13 40 16
13 41 29
13 42 42
13 43 55
13 44 68
13 45 81
13 46 94
13 47 107
13 48 120
13 49 133
13 50 146
13 51 159
13 52 172
13 53 185
13 54 198
13 55 211
13 56 224
13 57 237
13 58 250
13 59 11
13 60 24
13 61 37
13 62 50
13 63 63
13 64 76
13 65 89
13 66 102
13 67 115
13 68 128
13 69 141
13 70 154
13 71 167
13 72 180
13 73 193
13 74 206
13 75 219
13 76 232
13 77 245
13 78 6
13 79 19
13 80 32
13 81 45
13 82 58
13 83 71
13 84 84
13 85 97
13 86 110
13 87 123
13 88 136
13 89 149
13 90 162
13 91 175
13 92 188
13 93 201
13 94 214
13 95 227
13 96 240
13 97 1
13 98 14
13 99 27
13 100 40
13 101 53
13 102 66
13 103 79
13 104 92
13 105 105
13 106 118
13 107 131
13 108 144
13 109 157
13 110 170
13 111 183
13 112 196
13 113 209
13 114 222
13 115 235
13 116 248
13 117 9
13 118 22
13 119 35
13 120 48
13 121 61
13 122 74
13 123 87
13 124 100
13 125 113
13 126 126
13 127 139
13 128 152
13 129 165
13 130 178
13 131 191
13 132 204
13 133 217
13 134 230
13 135 243
13 136 4
13 137 17
13 138 30
13 139 43
13 140 56
13 141 69
13 142 82
13 143 95
13 144 108
13 145 121
13 146 134
13 147 147
13 148 160
13 149 173
13 150 186
13 151 199
13 152 212
13 153 225
13 154 238
13 155 251
13 156 12
13 157 25
13 158 38
13 159 51
13 160 64
13 161 77
13 162 90
13 163 103
13 164 116
13 165 129
13 166 142
13 167 155
13 168 168
13 169 181
13 170 194
13 171 207
13 172 220
13 173 233
13 174 246
13 175 7
13 176 20
13 177 33
13 178 46
13 179 59
13 180 72
13 181 85
13 182 98
13 183 111
13 184 124
13 185 137
13 186 150
13 187 163
13 188 176
13 189 189
13 190 202
13 191 215
13 192 228
13 193 241
13 194 2
13 195 15
13 196 28
13 197 41
13 198 54
13 199 67
13 200 80
13 201 93
13 202 106
13 203 119
13 204 132
13 205 145
13 206 158
13 207 171
13 208 184
13 209 197
13 210 210
13 211 223
13 212 236
13 213 249
13 214 10
13 215 23
13 216 36
13 217 49
13 218 62
13 219 75
13 220 88
13 221 101
13 222 114
13 223 127
13 224 140
13 225 153
13 226 166
13 227 179
13 228 192
13 229 205
13 230 218
13 231 231
13 232 244
13 233 5
13 234 18
13 235 31
13 236 44
13 237 57
13 238 70
13 239 83
13 240 96
13 241 109
13 242 122
13 243 135
13 244 148
13 245 161
13 246 174
13 247 187
13 248 200
13 249 213
13 250 226
13 251 239
13 252 0
13 253 13
13 254 26
13 255 39
13 256 52
14 15 210
14 16 224
14 17 238
14 18 0
14 19 14
14 20 28
14 21 42
14 22 56
14 23 70
14 24 84
14 25 98
14 26 112
14 27 126
14 28 140
14 29 154
14 30 168
14 31 182
14 32 196
14 33 210
14 34 224
14 35 238
14 36 0
14 37 14
14 38 28
14 39 42
14 40 56
14 41 70
14 42 84
14 43 98
14 44 112
14 45 126
14 46 140
14 47 154
14 48 168
14 49 182
14 50 196
14 51 210
14 52 224
14 53 238
14 54 0
14 55 14
14 56 28
14 57 42
14 58 56
14 59 70
14 60 84
14 61 98
14 62 112
14 63 126
14 64 140
14 65 154
14 66 168
14 67 182
14 68 196
14 69 210
14 70 224
14 71 238
14 72 0
14 73 14
14 74 28
14 75 42
14 76 56
14 77 70
14 78 84
14 79 98
14 80 112
14 81 126
14 82 140
14 83 154
14 84 168
14 85 182
14 86 196
14 87 210
14 88 224
14 89 238
14 90 0
14 91 14
14 92 28
14 93 42
14 94 56
14 95 70
14 96 84
14 97 98
14 98 112
14 99 126
14 100 140
14 101 154
14 102 168
14 103 182
14 104 196
14 105 210
14 106 224
14 107 238
14 108 0
14 109 14
14 110 28
14 111 42
14 112 56
14 113 70
14 114 84
14 115 98
14 116 112
14 117 126
14 118 140
14 119 154
14 120 168
14 121 182
14 122 196
14 123 210
14 124 224
14 125 238
14 126 0
14 127 14
14 128 28
14 129 42
14 130 56
14 131 70
14 132 84
14 133 98
14 134 112
14 135 126
14 136 140
14 137 154
14 138 168
14 139 182
14 140 196
14 141 210
14 142 224
14 143 238
14 144 0
14 145 14
14 146 28
14 147 42
14 148 56
14 149 70
14 150 84
14 151 98
14 152 112
14 153 126
14 154 140
14 155 154
14 156 168
14 157 182
14 158 196
14 159 210
14 160 224
14 161 238
14 162 0
14 163 14
14 164 28
14 165 42
14 166 56
14 167 70
14 168 84
14 169 98
14 170 112
14 171 126
14 172 140
14 173 154
14 174 168
14 175 182
14 176 196
14 177 210
14 178 224
14 179 238
14 180 0
14 181 14
14 182 28
14 183 42
14 184 56
14 185 70
14 186 84
14 187 98
14 188 112
14 189 126
14 190 140
14 191 154
14 192 168
14 193 182
14 194 196
14 195 210
14 196 224
14 197 238
14 198 0
14 199 14
14 200 28
14 201 42
14 202 56
14 203 70
14 204 84
14 205 98
14 206 112
14 207 126
14 208 140
14 209 154
14 210 168
14 211 182
14 212 196
14 213 210
14 214 224
14 215 238
14 216 0
14 217 14
14 218 28
14 219 42
14 220 56
14 221 70
14 222 84
14 223 98
14 224 112
14 225 126
14 226 140
14 227 154
14 228 168
14 229 182
14 230 196
14 231 210
14 232 224
14 233 238
14 234 0
14 235 14
14 236 28
14 237 42
14 238 56
14 239 70
14 240 84
14 241 98
14 242 112
14 243 126
14 244 140
14 245 154
14 246 168
14 247 182
14 248 196
14 249 210
14 250 224
14 251 238
14 252 0
14 253 14
14 254 28
14 255 42
14 256 56
15 16 240
15 17 3
15 18 18
15 19 33
15 20 48
15 21 63
15 22 78
15 23 93
15 24 108
15 25 123
15 26 138
15 27 153
15 28 168
15 29 183
15 30 198
15 31 213
15 32 228
15 33 243
15 34 6
15 35 21
15 36 36
15 37 51
15 38 66
15 39 81
15 40 96
15 41 111
15 42 126
15 43 141
15 44 156
15 45 171
15 46 186
15 47 201
15 48 216
15 49 231
15 50 246
15 51 9
15 52 24
15 53 39
15 54 54
15 55 69
15 56 84
15 57 99
15 58 114
15 59 129
15 60 144
15 61 159
15 62 174
15 63 189
15 64 204
15 65 219
15 66 234
15 67 249
15 68 12
15 69 27
15 70 42
15 71 57
15 72 72
15 73 87
15 74 102
15 75 117
15 76 132
15 77 147
15 78 162
15 79 177
15 80 192
15 81 207
15 82 222
15 83 237
15 84 0
15 85 15
15 86 30
15 87 45
15 88 60
15 89 75
15 90 90
15 91 105
15 92 120
15 93 135
15 94 150
15 95 165
15 96 180
15 97 195
15 98 210
15 99 225
15 100 240
15 101 3
15 102 18
15 103 33
15 104 48
15 105 63
15 106 78
15 107 93
15 108 108
15 109 123
15 110 138
15 111 153
15 112 168
15 113 183
15 114 198
15 115 213
15 116 228
15 117 243
15 118 6
15 119 21
15 120 36
15 121 51
15 122 66
15 123 81
15 124 96
15 125 111
15 126 126
15 127 141
15 128 156
15 129 171
15 130 186
15 131 201
15 132 216
15 133 231
15 134 246
15 135 9
15 136 24
15 137 39
15 138 54
15 139 69
15 140 84
15 141 99
15 142 114
15 143 129
15 144 144
15 145 159
15 146 174
15 147 189
15 148 204
15 149 219
15 150 234
15 151 249
15 152 12
15 153 27
15 154 42
15 155 57
15 156 72
15 157 87
15 158 102
15 159 117
15 160 132
15 161 147
15 162 162
15 163 177
15 164 192
15 165 207
15 166 222
15 167 237
15 168 0
15 169 15
15 170 30
15 171 45
15 172 60
15 173 75
15 174 90
15 175 105
15 176 120
15 177 135
15 178 150
15 179 165
15 180 180
15 181 195
15 182 210
15 183 225
15 184 240
15 185 3
15 186 18
15 187 33
15 188 48
15 189 63
15 190 78
15 191 93
15 192 108
15 193 123
15 194 138
15 195 153
15 196 168
15 197 183
15 198 198
15 199 213
15 200 228
15 201 243
15 202 6
15 203 21
15 204 36
15 205 51
15 206 66
15 207 81
15 208 96
15 209 111
15 210 126
15 211 141
15 212 156
15 213 171
15 214 186
15 215 201
15 216 216
15 217 231
15 218 246
15 219 9
15 220 24
15 221 39
15 222 54
15 223 69
15 224 84
15 225 99
15 226 114
15 227 129
15 228 144
15 229 159
15 230 174
15 231 189
15 232 204
15 233 219
15 234 234
15 235 249
15 236 12
15 237 27
15 238 42
15 239 57
15 240 72
15 241 87
15 242 102
15 243 117
15 244 132
15 245 147
15 246 162
15 247 177
15 248 192
15 249 207
15 250 222
15 251 237
15 252 0
15 253 15
15 254 30
15 255 45
15 256 60
16 17 20
16 18 36
16 19 52
16 20 68
16 21 84
16 22 100
16 23 116
16 24 132
16 25 148
16 26 164
16 27 180
16 28 196
16 29 212
16 30 228
16 31 244
16 32 8
16 33 24
16 34 40
16 35 56
16 36 72
16 37 88
16 38 104
16 39 120
16 40 136
16 41 152
16 42 168
16 43 184
16 44 200
16 45 216
16 46 232
16 47 248
16 48 12
16 49 28
16 50 44
16 51 60
16 52 76
16 53 92
16 54 108
16 55 124
16 56 140
16 57 156
16 58 172
16 59 188
16 60 204
16 61 220
16 62 236
16 63 0
16 64 16
16 65 32
16 66 48
16 67 64
16 68 80
16 69 96
16 70 112
16 71 128
16 72 144
16 73 160
16 74 176
16 75 192
16 76 208
16 77 224
16 78 240
16 79 4
16 80 20
16 81 36
16 82 52
16 83 68
16 84 84
16 85 100
16 86 116
16 87 132
16 88 148
16 89 164
16 90 180
16 91 196
16 92 212
16 93 228
16 94 244
16 95 8
16 96 24
16 97 40
16 98 56
16 99 72
16 100 88
16 101 104
16 102 120
16 103 136
16 104 152
16 105 168
16 106 184
16 107 200
16 108 216
16 109 232
16 110 248
16 111 12
16 112 28
16 113 44
16 114 60
16 115 76
16 116 92
16 117 108
16 118 124
16 119 140
16 120 156
16 121 172
16 122 188
16 123 204
16 124 220
16 125 236
16 126 0
16 127 16
16 128 32
16 129 48
16 130 64
16 131 80
16 132 96
16 133 112
16 134 128
16 135 144
16 136 160
16 137 176
16 138 192
16 139 208
16 140 224
16 141 240
16 142 4
16 143 20
16 144 36
16 145 52
16 146 68
16 147 84
16 148 100
16 149 116
16 150 132
16 151 148
16 152 164
16 153 180
16 154 196
16 155 212
16 156 228
16 157 244
16 158 8
16 159 24
16 160 40
16 161 56
16 162 72
16 163 88
16 164 104
16 165 120
16 166 136
16 167 152
16 168 168
16 169 184
16 170 200
16 171 216
16 172 232
16 173 248
16 174 12
16 175 28
16 176 44
16 177 60
16 178 76
16 179 92
16 180 108
16 181 124
16 182 140
16 183 156
16 184 172
16 185 188
16 186 204
16 187 220
16 188 236
16 189 0
16 190 16
16 191 32
16 192 48
16 193 64
16 194 80
16 195 96
16 196 112
16 197 128
16 198 144
16 199 160
16 200 176
16 201 192
16 202 208
16 203 224
16 204 240
16 205 4
16 206 20
16 207 36
16 208 52
16 209 68
16 210 84
16 211 100
16 212 116
16 213 132
16 214 148
16 215 164
16 216 180
16 217 196
16 218 212
16 219 228
16 220 244
16 221 8
16 222 24
16 223 40
16 224 56
16 225 72
16 226 88
16 227 104
16 228 120
16 229 136
16 230 152
16 231 168
16 232 184
16 233 200
16 234 216
16 235 232
16 236 248
16 237 12
16 238 28
16 239 44
16 240 60
16 241 76
16 242 92
16 243 108
16 244 124
16 245 140
16 246 156
16 247 172
16 248 188
16 249 204
16 250 220
16 251 236
16 252 0
16 253 16
16 254 32
16 255 48
16 256 64
17 18 54
17 19 71
17 20 88
17 21 105
17 22 122
17 23 139
17 24 156
17 25 173
17 26 190
17 27 207
17 28 224
17 29 241
17 30 6
17 31 23
17 32 40
17 33 57
17 34 74
17 35 91
17 36 108
17 37 125
17 38 142
17 39 159
17 40 176
17 41 193
17 42 210
17 43 227
17 44 244
17 45 9
17 46 26
17 47 43
17 48 60
17 49 77
17 50 94
17 51 111
17 52 128
17 53 145
17 54 162
17 55 179
17 56 196
17 57 213
17 58 230
17 59 247
17 60 12
17 61 29
17 62 46
17 63 63
17 64 80
17 65 97
17 66 114
17 67 131
17 68 148
17 69 165
17 70 182
17 71 199
17 72 216
17 73 233
17 74 250
17 75 15
17 76 32
17 77 49
17 78 66
17 79 83
17 80 100
17 81 117
17 82 134
17 83 151
17 84 168
17 85 185
17 86 202
17 87 219
17 88 236
17 89 1
17 90 18
17 91 35
17 92 52
17 93 69
17 94 86
17 95 103
17 96 120
17 97 137
17 98 154
17 99 171
17 100 188
17 101 205
17 102 222
17 103 239
17 104 4
17 105 21
17 106 38
17 107 55
17 108 72
17 109 89
17 110 106
17 111 123
17 112 140
17 113 157
17 114 174
17 115 191
17 116 208
17 117 225
17 118 242
17 119 7
17 120 24
17 121 41
17 122 58
17 123 75
17 124 92
17 125 109
17 126 126
17 127 143
17 128 160
17 129 177
17 130 194
17 131 211
17 132 228
17 133 245
17 134 10
17 135 27
17 136 44
17 137 61
17 138 78
17 139 95
17 140 112
17 141 129
17 142 146
17 143 163
17 144 180
17 145 197
17 146 214
17 147 231
17 148 248
17 149 13
17 150 30
17 151 47
17 152 64
17 153 81
17 154 98
17 155 115
17 156 132
17 157 149
17 158 166
17 159 183
17 160 200
17 161 217
17 162 234
17 163 251
17 164 16
17 165 33
17 166 50
17 167 67
17 168 84
17 169 101
17 170 118
17 171 135
17 172 152
17 173 169
17 174 186
17 175 203
17 176 220
17 177 237
17 178 2
17 179 19
17 180 36
17 181 53
17 182 70
17 183 87
17 184 104
17 185 121
17 186 138
17 187 155
17 188 172
17 189 189
17 190 206
17 191 223
17 192 240
17 193 5
17 194 22
17 195 39
17 196 56
17 197 73
17 198 90
17 199 107
17 200 124
17 201 141
17 202 158
17 203 175
17 204 192
17 205 209
17 206 226
17 207 243
17 208 8
17 209 25
17 210 42
17 211 59
17 212 76
17 213 93
17 214 110
17 215 127
17 216 144
17 217 161
17 218 178
17 219 195
17 220 212
17 221 229
17 222 246
17 223 11
17 224 28
17 225 45
17 226 62
17 227 79
17 228 96
17 229 113
17 230 130
17 231 147
17 232 164
17 233 181
17 234 198
17 235 215
17 236 232
17 237 249
17 238 14
17 239 31
17 240 48
17 241 65
17 242 82
17 243 99
17 244 116
17 245 133
17 246 150
17 247 167
17 248 184
17 249 201
17 250 218
17 251 235
17 252 0
17 253 17
17 254 34
17 255 51
17 256 68
18 19 90
18 20 108
18 21 126
18 22 144
18 23 162
18 24 180
18 25 198
18 26 216
18 27 234
18 28 0
18 29 18
18 30 36
18 31 54
18 32 72
18 33 90
18 34 108
18 35 126
18 36 144
18 37 162
18 38 180
18 39 198
18 40 216
18 41 234
18 42 0
18 43 18
18 44 36
18 45 54
18 46 72
18 47 90
18 48 108
18 49 126
18 50 144
18 51 162
18 52 180
18 53 198
18 54 216
18 55 234
18 56 0
18 57 18
18 58 36
18 59 54
18 60 72
18 61 90
18 62 108
18 63 126
18 64 144
18 65 162
18 66 180
18 67 198
18 68 216
18 69 234
18 70 0
18 71 18
18 72 36
18 73 54
18 74 72
18 75 90
18 76 108
18 77 126
18 78 144
18 79 162
18 80 180
18 81 198
18 82 216
18 83 234
18 84 0
18 85 18
18 86 36
18 87 54
18 88 72
18 89 90
18 90 108
18 91 126
18 92 144
18 93 162
18 94 180
18 95 198
18 96 216
18 97 234
18 98 0
18 99 18
18 100 36
18 101 54
18 102 72
18 103 90
18 104 108
18 105 126
18 106 144
18 107 162
18 108 180
18 109 198
18 110 216
18 111 234
18 112 0
18 113 18
18 114 36
18 115 54
18 116 72
18 117 90
18 118 108
18 119 126
18 120 144
18 121 162
18 122 180
18 123 198
18 124 216
18 125 234
18 126 0
18 127 18
18 128 36
18 129 54
18 130 72
18 131 90
18 132 108
18 133 126
18 134 144
18 135 162
18 136 180
18 137 198
18 138 216
18 139 234
18 140 0
18 141 18
18 142 36
18 143 54
18 144 72
18 145 90
18 146 108
18 147 126
18 148 144
18 149 162
18 150 180
18 151 198
18 152 216
18 153 234
18 154 0
18 155 18
18 156 36
18 157 54
18 158 72
18 159 90
18 160 108
18 161 126
18 162 144
18 163 162
18 164 180
18 165 198
18 166 216
18 167 234
18 168 0
18 169 18
18 170 36
18 171 54
18 172 72
18 173 90
18 174 108
18 175 126
18 176 144
18 177 162
18 178 180
18 179 198
18 180 216
18 181 234
18 182 0
18 183 18
18 184 36
18 185 54
18 186 72
18 187 90
18 188 108
18 189 126
18 190 144
18 191 162
18 192 180
18 193 198
18 194 216
18 195 234
18 196 0
18 197 18
18 198 36
18 199 54
18 200 72
18 201 90
18 202 108
18 203 126
18 204 144
18 205 162
18 206 180
18 207 198
18 208 216
18 209 234
18 210 0
18 211 18
18 212 36
18 213 54
18 214 72
18 215 90
18 216 108
18 217 126
18 218 144
18 219 162
18 220 180
18 221 198
18 222 216
18 223 234
18 224 0
18 225 18
18 226 36
18 227 54
18 228 72
18 229 90
18 230 108
18 231 126
18 232 144
18 233 162
18 234 180
18 235 198
18 236 216
18 237 234
18 238 0
18 239 18
18 240 36
18 241 54
18 242 72
18 243 90
18 244 108
18 245 126
18 246 144
18 247 162
18 248 180
18 249 198
18 250 216
18 251 234
18 252 0
18 253 18
18 254 36
18 255 54
18 256 72
19 20 128
19 21 147
19 22 166
19 23 185
19 24 204
19 25 223
19 26 242
19 27 9
19 28 28
19 29 47
19 30 66
19 31 85
19 32 104
19 33 123
19 34 142
19 35 161
19 36 180
19 37 199
19 38 218
19 39 237
19 40 4
19 41 23
19 42 42
19 43 61
19 44 80
19 45 99
19 46 118
19 47 137
19 48 156
19 49 175
19 50 194
19 51 213
19 52 232
19 53 251
19 54 18
19 55 37
19 56 56
19 57 75
19 58 94
19 59 113
19 60 132
19 61 151
19 62 170
19 63 189
19 64 208
19 65 227
19 66 246
19 67 13
19 68 32
19 69 51
19 70 70
19 71 89
19 72 108
19 73 127
19 74 146
19 75 165
19 76 184
19 77 203
19 78 222
19 79 241
19 80 8
19 81 27
19 82 46
19 83 65
19 84 84
19 85 103
19 86 122
19 87 141
19 88 160
19 89 179
19 90 198
19 91 217
19 92 236
19 93 3
19 94 22
19 95 41
19 96 60
19 97 79
19 98 98
19 99 117
19 100 136
19 101 155
19 102 174
19 103 193
19 104 212
19 105 231
19 106 250
19 107 17
19 108 36
19 109 55
19 110 74
19 111 93
19 112 112
19 113 131
19 114 150
19 115 169
19 116 188
19 117 207
19 118 226
19 119 245
19 120 12
19 121 31
19 122 50
19 123 69
19 124 88
19 125 107
19 126 126
19 127 145
19 128 164
19 129 183
19 130 202
19 131 221
19 132 240
19 133 7
19 134 26
19 135 45
19 136 64
19 137 83
19 138 102
19 139 121
19 140 140
19 141 159
19 142 178
19 143 197
19 144 216
19 145 235
19 146 2
19 147 21
19 148 40
19 149 59
19 150 78
19 151 97
19 152 116
19 153 135
19 154 154
19 155 173
19 156 192
19 157 211
19 158 230
19 159 249
19 160 16
19 161 35
19 162 54
19 163 73
19 164 92
19 165 111
19 166 130
19 167 149
19 168 168
19 169 187
19 170 206
19 171 225
19 172 244
19 173 11
19 174 30
19 175 49
19 176 68
19 177 87
19 178 106
19 179 125
19 180 144
19 181 163
19 182 182
19 183 201
19 184 220
19 185 239
19 186 6
19 187 25
19 188 44
19 189 63
19 190 82
19 191 101
19 192 120
19 193 139
19 194 158
19 195 177
19 196 196
19 197 215
19 198 234
19 199 1
19 200 20
19 201 39
19 202 58
19 203 77
19 204 96
19 205 115
19 206 134
19 207 153
19 208 172
19 209 191
19 210 210
19 211 229
19 212 248
19 213 15
19 214 34
19 215 53
19 216 72
19 217 91
19 218 110
19 219 129
19 220 148
19 221 167
19 222 186
19 223 205
19 224 224
19 225 243
19 226 10
19 227 29
19 228 48
19 229 67
19 230 86
19 231 105
19 232 124
19 233 143
19 234 162
19 235 181
19 236 200
19 237 219
19 238 238
19 239 5
19 240 24
19 241 43
19 242 62
19 243 81
19 244 100
19 245 119
19 246 138
19 247 157
19 248 176
19 249 195
19 250 214
19 251 233
19 252 0
19 253 19
19 254 38
19 255 57
19 256 76
20 21 168
20 22 188
20 23 208
20 24 228
20 25 248
20 26 16
20 27 36
20 28 56
20 29 76
20 30 96
20 31 116
20 32 136
20 33 156
20 34 176
20 35 196
20 36 216
20 37 236
20 38 4
20 39 24
20 40 44
20 41 64
20 42 84
20 43 104
20 44 124
20 45 144
20 46 164
20 47 184
20 48 204
20 49 224
20 50 244
20 51 12
20 52 32
20 53 52
20 54 72
20 55 92
20 56 112
20 57 132
20 58 152
20 59 172
20 60 192
20 61 212
20 62 232
20 63 0
20 64 20
20 65 40
20 66 60
20 67 80
20 68 100
20 69 120
20 70 140
20 71 160
20 72 180
20 73 200
20 74 220
20 75 240
20 76 8
20 77 28
20 78 48
20 79 68
20 80 88
20 81 108
20 82 128
20 83 148
20 84 168
20 85 188
20 86 208
20 87 228
20 88 248
20 89 16
20 90 36
20 91 56
20 92 76
20 93 96
20 94 116
20 95 136
20 96 156
20 97 176
20 98 196
20 99 216
20 100 236
20 101 4
20 102 24
20 103 44
20 104 64
20 105 84
20 106 104
20 107 124
20 108 144
20 109 164
20 110 184
20 111 204
20 112 224
20 113 244
20 114 12
20 115 32
20 116 52
20 117 72
20 118 92
20 119 112
20 120 132
20 121 152
20 122 172
20 123 192
20 124 212
20 125 232
20 126 0
20 127 20
20 128 40
20 129 60
20 130 80
20 131 100
20 132 120
20 133 140
20 134 160
20 135 180
20 136 200
20 137 220
20 138 240
20 139 8
20 140 28
20 141 48
20 142 68
20 143 88
20 144 108
20 145 128
20 146 148
20 147 168
20 148 188
20 149 208
20 150 228
20 151 248
20 152 16
20 153 36
20 154 56
20 155 76
20 156 96
20 157 116
20 158 136
20 159 156
20 160 176
20 161 196
20 162 216
20 163 236
20 164 4
20 165 24
20 166 44
20 167 64
20 168 84
20 169 104
20 170 124
20 171 144
20 172 164
20 173 184
20 174 204
20 175 224
20 176 244
20 177 12
20 178 32
20 179 52
20 180 72
20 181 92
20 182 112
20 183 132
20 184 152
20 185 172
20 186 192
20 187 212
20 188 232
20 189 0
20 190 20
20 191 40
20 192 60
20 193 80
20 194 100
20 195 120
20 196 140
20 197 160
20 198 180
20 199 200
20 200 220
20 201 240
20 202 8
20 203 28
20 204 48
20 205 68
20 206 88
20 207 108
20 208 128
20 209 148
20 210 168
20 211 188
20 212 208
20 213 228
20 214 248
20 215 16
20 216 36
20 217 56
20 218 76
20 219 96
20 220 116
20 221 136
20 222 156
20 223 176
20 224 196
20 225 216
20 226 236
20 227 4
20 228 24
20 229 44
20 230 64
20 231 84
20 232 104
20 233 124
20 234 144
20 235 164
20 236 184
20 237 204
20 238 224
20 239 244
20 240 12
20 241 32
20 242 52
20 243 72
20 244 92
20 245 112
20 246 132
20 247 152
20 248 172
20 249 192
20 250 212
20 251 232
20 252 0
20 253 20
20 254 40
20 255 60
20 256 80
21 22 210
21 23 231
21 24 0
21 25 21
21 26 42
21 27 63
21 28 84
21 29 105
21 30 126
21 31 147
21 32 168
21 33 189
21 34 210
21 35 231
21 36 0
21 37 21
21 38 42
21 39 63
21 40 84
21 41 105
21 42 126
21 43 147
21 44 168
21 45 189
21 46 210
21 47 231
21 48 0
21 49 21
21 50 42
21 51 63
21 52 84
21 53 105
21 54 126
21 55 147
21 56 168
21 57 189
21 58 210
21 59 231
21 60 0
21 61 21
21 62 42
21 63 63
21 64 84
21 65 105
21 66 126
21 67 147
21 68 168
21 69 189
21 70 210
21 71 231
21 72 0
21 73 21
21 74 42
21 75 63
21 76 84
21 77 105
21 78 126
21 79 147
21 80 168
21 81 189
21 82 210
21 83 231
21 84 0
21 85 21
21 86 42
21 87 63
21 88 84
21 89 105
21 90 126
21 91 147
21 92 168
21 93 189
21 94 210
21 95 231
21 96 0
21 97 21
21 98 42
21 99 63
21 100 84
21 101 105
21 102 126
21 103 147
21 104 168
21 105 189
21 106 210
21 107 231
21 108 0
21 109 21
21 110 42
21 111 63
21 112 84
21 113 105
21 114 126
21 115 147
21 116 168
21 117 189
21 118 210
21 119 231
21 120 0
21 121 21
21 122 42
21 123 63
21 124 84
21 125 105
21 126 126
21 127 147
21 128 168
21 129 189
21 130 210
21 131 231
21 132 0
21 133 21
21 134 42
21 135 63
21 136 84
21 137 105
21 138 126
21 139 147
21 140 168
21 141 189
21 142 210
21 143 231
21 144 0
21 145 21
21 146 42
21 147 63
21 148 84
21 149 105
21 150 126
21 151 147
21 152 168
21 153 189
21 154 210
21 155 231
21 156 0
21 157 21
21 158 42
21 159 63
21 160 84
21 161 105
21 162 126
21 163 147
21 164 168
21 165 189
21 166 210
21 167 231
21 168 0
21 169 21
21 170 42
21 171 63
21 172 84
21 173 105
21 174 126
21 175 147
21 176 168
21 177 189
21 178 210
21 179 231
21 180 0
21 181 21
21 182 42
21 183 63
21 184 84
21 185 105
21 186 126
21 187 147
21 188 168
21 189 189
21 190 210
21 191 231
21 192 0
21 193 21
21 194 42
21 195 63
21 196 84
21 197 105
21 198 126
21 199 147
21 200 168
21 201 189
21 202 210
21 203 231
21 204 0
21 205 21
21 206 42
21 207 63
21 208 84
21 209 105
21 210 126
21 211 147
21 212 168
21 213 189
21 214 210
21 215 231
21 216 0
21 217 21
21 218 42
21 219 63
21 220 84
21 221 105
21 222 126
21 223 147
21 224 168
21 225 189
21 226 210
21 227 231
21 228 0
21 229 21
21 230 42
21 231 63
21 232 84
21 233 105
21 234 126
21 235 147
21 236 168
21 237 189
21 238 210
21 239 231
21 240 0
21 241 21
21 242 42
21 243 63
21 244 84
21 245 105
21 246 126
21 247 147
21 248 168
21 249 189
21 250 210
21 251 231
21 252 0
21 253 21
21 254 42
21 255 63
21 256 84
22 23 2
22 24 24
22 25 46
22 26 68
22 27 90
22 28 112
22 29 134
22 30 156
22 31 178
22 32 200
22 33 222
22 34 244
22 35 14
22 36 36
22 37 58
22 38 80
22 39 102
22 40 124
22 41 146
22 42 168
22 43 190
22 44 212
22 45 234
22 46 4
22 47 26
22 48 48
22 49 70
22 50 92
22 51 114
22 52 136
22 53 158
22 54 180
22 55 202
22 56 224
22 57 246
22 58 16
22 59 38
22 60 60
22 61 82
22 62 104
22 63 126
22 64 148
22 65 170
22 66 192
22 67 214
22 68 236
22 69 6
22 70 28
22 71 50
22 72 72
22 73 94
22 74 116
22 75 138
22 76 160
22 77 182
22 78 204
22 79 226
22 80 248
22 81 18
22 82 40
22 83 62
22 84 84
22 85 106
22 86 128
22 87 150
22 88 172
22 89 194
22 90 216
22 91 238
22 92 8
22 93 30
22 94 52
22 95 74
22 96 96
22 97 118
22 98 140
22 99 162
22 100 184
22 101 206
22 102 228
22 103 250
22 104 20
22 105 42
22 106 64
22 107 86
22 108 108
22 109 130
22 110 152
22 111 174
22 112 196
22 113 218
22 114 240
22 115 10
22 116 32
22 117 54
22 118 76
22 119 98
22 120 120
22 121 142
22 122 164
22 123 186
22 124 208
22 125 230
22 126 0
22 127 22
22 128 44
22 129 66
22 130 88
22 131 110
22 132 132
22 133 154
22 134 176
22 135 198
22 136 220
22 137 242
22 138 12
22 139 34
22 140 56
22 141 78
22 142 100
22 143 122
22 144 144
22 145 166
22 146 188
22 147 210
22 148 232
22 149 2
22 150 24
22 151 46
22 152 68
22 153 90
22 154 112
22 155 134
22 156 156
22 157 178
22 158 200
22 159 222
22 160 244
22 161 14
22 162 36
22 163 58
22 164 80
22 165 102
22 166 124
22 167 146
22 168 168
22 169 190
22 170 212
22 171 234
22 172 4
22 173 26
22 174 48
22 175 70
22 176 92
22 177 114
22 178 136
22 179 158
22 180 180
22 181 202
22 182 224
22 183 246
22 184 16
22 185 38
22 186 60
22 187 82
22 188 104
22 189 126
22 190 148
22 191 170
22 192 192
22 193 214
22 194 236
22 195 6
22 196 28
22 197 50
22 198 72
22 199 94
22 200 116
22 201 138
22 202 160
22 203 182
22 204 204
22 205 226
22 206 248
22 207 18
22 208 40
22 209 62
22 210 84
22 211 106
22 212 128
22 213 150
22 214 172
22 215 194
22 216 216
22 217 238
22 218 8
22 219 30
22 220 52
22 221 74
22 222 96
22 223 118
22 224 140
22 225 162
22 226 184
22 227 206
22 228 228
22 229 250
22 230 20
22 231 42
22 232 64
22 233 86
22 234 108
22 235 130
22 236 152
22 237 174
22 238 196
22 239 218
22 240 240
22 241 10
22 242 32
22 243 54
22 244 76
22 245 98
22 246 120
22 247 142
22 248 164
22 249 186
22 250 208
22 251 230
22 252 0
22 253 22
22 254 44
22 255 66
22 256 88
23 24 48
23 25 71
23 26 94
23 27 117
23 28 140
23 29 163
23 30 186
23 31 209
23 32 232
23 33 3
23 34 26
23 35 49
23 36 72
23 37 95
23 38 118
23 39 141
23 40 164
23 41 187
23 42 210
23 43 233
23 44 4
23 45 27
23 46 50
23 47 73
23 48 96
23 49 119
23 50 142
23 51 165
23 52 188
23 53 211
23 54 234
23 55 5
23 56 28
23 57 51
23 58 74
23 59 97
23 60 120
23 61 143
23 62 166
23 63 189
23 64 212
23 65 235
23 66 6
23 67 29
23 68 52
23 69 75
23 70 98
23 71 121
23 72 144
23 73 167
23 74 190
23 75 213
23 76 236
23 77 7
23 78 30
23 79 53
23 80 76
23 81 99
23 82 122
23 83 145
23 84 168
23 85 191
23 86 214
23 87 237
23 88 8
23 89 31
23 90 54
23 91 77
23 92 100
23 93 123
23 94 146
23 95 169
23 96 192
23 97 215
23 98 238
23 99 9
23 100 32
23 101 55
23 102 78
23 103 101
23 104 124
23 105 147
23 106 170
23 107 193
23 108 216
23 109 239
23 110 10
23 111 33
23 112 56
23 113 79
23 114 102
23 115 125
23 116 148
23 117 171
23 118 194
23 119 217
23 120 240
23 121 11
23 122 34
23 123 57
23 124 80
23 125 103
23 126 126
23 127 149
23 128 172
23 129 195
23 130 218
23 131 241
23 132 12
23 133 35
23 134 58
23 135 81
23 136 104
23 137 127
23 138 150
23 139 173
23 140 196
23 141 219
23 142 242
23 143 13
23 144 36
23 145 59
23 146 82
23 147 105
23 148 128
23 149 151
23 150 174
23 151 197
23 152 220
23 153 243
23 154 14
23 155 37
23 156 60
23 157 83
23 158 106
23 159 129
23 160 152
23 161 175
23 162 198
23 163 221
23 164 244
23 165 15
23 166 38
23 167 61
23 168 84
23 169 107
23 170 130
23 171 153
23 172 176
23 173 199
23 174 222
23 175 245
23 176 16
23 177 39
23 178 62
23 179 85
23 180 108
23 181 131
23 182 154
23 183 177
23 184 200
23 185 223
23 186 246
23 187 17
23 188 40
23 189 63
23 190 86
23 191 109
23 192 132
23 193 155
23 194 178
23 195 201
23 196 224
23 197 247
23 198 18
23 199 41
23 200 64
23 201 87
23 202 110
23 203 133
23 204 156
23 205 179
23 206 202
23 207 225
23 208 248
23 209 19
23 210 42
23 211 65
23 212 88
23 213 111
23 214 134
23 215 157
23 216 180
23 217 203
23 218 226
23 219 249
23 220 20
23 221 43
23 222 66
23 223 89
23 224 112
23 225 135
23 226 158
23 227 181
23 228 204
23 229 227
23 230 250
23 231 21
23 232 44
23 233 67
23 234 90
23 235 113
23 236 136
23 237 159
23 238 182
23 239 205
23 240 228
23 241 251
23 242 22
23 243 45
23 244 68
23 245 91
23 246 114
23 247 137
23 248 160
23 249 183
23 250 206
23 251 229
23 252 0
23 253 23
23 254 46
23 255 69
23 256 92
24 25 96
24 26 120
24 27 144
24 28 168
24 29 192
24 30 216
24 31 240
24 32 12
24 33 36
24 34 60
24 35 84
24 36 108
24 37 132
24 38 156
24 39 180
24 40 204
24 41 228
24 42 0
24 43 24
24 44 48
24 45 72
24 46 96
24 47 120
24 48 144
24 49 168
24 50 192
24 51 216
24 52 240
24 53 12
24 54 36
24 55 60
24 56 84
24 57 108
24 58 132
24 59 156
24 60 180
24 61 204
24 62 228
24 63 0
24 64 24
24 65 48
24 66 72
24 67 96
24 68 120
24 69 144
24 70 168
24 71 192
24 72 216
24 73 240
24 74 12
24 75 36
24 76 60
24 77 84
24 78 108
24 79 132
24 80 156
24 81 180
24 82 204
24 83 228
24 84 0
24 85 24
24 86 48
24 87 72
24 88 96
24 89 120
24 90 144
24 91 168
24 92 192
24 93 216
24 94 240
24 95 12
24 96 36
24 97 60
24 98 84
24 99 108
24 100 132
24 101 156
24 102 180
24 103 204
24 104 228
24 105 0
24 106 24
24 107 48
24 108 72
24 109 96
24 110 120
24 111 144
24 112 168
24 113 192
24 114 216
24 115 240
24 116 12
24 117 36
24 118 60
24 119 84
24 120 108
24 121 132
24 122 156
24 123 180
24 124 204
24 125 228
24 126 0
24 127 24
24 128 48
24 129 72
24 130 96
24 131 120
24 132 144
24 133 168
24 134 192
24 135 216
24 136 240
24 137 12
24 138 36
24 139 60
24 140 84
24 141 108
24 142 132
24 143 156
24 144 180
24 145 204
24 146 228
24 147 0
24 148 24
24 149 48
24 150 72
24 151 96
24 152 120
24 153 144
24 154 168
24 155 192
24 156 216
24 157 240
24 158 12
24 159 36
24 160 60
24 161 84
24 162 108
24 163 132
24 164 156
24 165 180
24 166 204
24 167 228
24 168 0
24 169 24
24 170 48
24 171 72
24 172 96
24 173 120
24 174 144
24 175 168
24 176 192
24 177 216
24 178 240
24 179 12
24 180 36
24 181 60
24 182 84
24 183 108
24 184 132
24 185 156
24 186 180
24 187 204
24 188 228
24 189 0
24 190 24
24 191 48
24 192 72
24 193 96
24 194 120
24 195 144
24 196 168
24 197 192
24 198 216
24 199 240
24 200 12
24 201 36
24 202 60
24 203 84
24 204 108
24 205 132
24 206 156
24 207 180
24 208 204
24 209 228
24 210 0
24 211 24
24 212 48
24 213 72
24 214 96
24 215 120
24 216 144
24 217 168
24 218 192
24 219 216
24 220 240
24 221 12
24 222 36
24 223 60
24 224 84
24 225 108
24 226 132
24 227 156
24 228 180
24 229 204
24 230 228
24 231 0
24 232 24
24 233 48
24 234 72
24 235 96
24 236 120
24 237 144
24 238 168
24 239 192
24 240 216
24 241 240
24 242 12
24 243 36
24 244 60
24 245 84
24 246 108
24 247 132
24 248 156
24 249 180
24 250 204
24 251 228
24 252 0
24 253 24
24 254 48
24 255 72
24 256 96
25 26 146
25 27 171
25 28 196
25 29 221
25 30 246
25 31 19
25 32 44
25 33 69
25 34 94
25 35 119
25 36 144
25 37 169
25 38 194
25 39 219
25 40 244
25 41 17
25 42 42
25 43 67
25 44 92
25 45 117
25 46 142
25 47 167
25 48 192
25 49 217
25 50 242
25 51 15
25 52 40
25 53 65
25 54 90
25 55 115
25 56 140
25 57 165
25 58 190
25 59 215
25 60 240
25 61 13
25 62 38
25 63 63
25 64 88
25 65 113
25 66 138
25 67 163
25 68 188
25 69 213
25 70 238
25 71 11
25 72 36
25 73 61
25 74 86
25 75 111
25 76 136
25 77 161
25 78 186
25 79 211
25 80 236
25 81 9
25 82 34
25 83 59
25 84 84
25 85 109
25 86 134
25 87 159
25 88 184
25 89 209
25 90 234
25 91 7
25 92 32
25 93 57
25 94 82
25 95 107
25 96 132
25 97 157
25 98 182
25 99 207
25 100 232
25 101 5
25 102 30
25 103 55
25 104 80
25 105 105
25 106 130
25 107 155
25 108 180
25 109 205
25 110 230
25 111 3
25 112 28
25 113 53
25 114 78
25 115 103
25 116 128
25 117 153
25 118 178
25 119 203
25 120 228
25 121 1
25 122 26
25 123 51
25 124 76
25 125 101
25 126 126
25 127 151
25 128 176
25 129 201
25 130 226
25 131 251
25 132 24
25 133 49
25 134 74
25 135 99
25 136 124
25 137 149
25 138 174
25 139 199
25 140 224
25 141 249
25 142 22
25 143 47
25 144 72
25 145 97
25 146 122
25 147 147
25 148 172
25 149 197
25 150 222
25 151 247
25 152 20
25 153 45
25 154 70
25 155 95
25 156 120
25 157 145
25 158 170
25 159 195
25 160 220
25 161 245
25 162 18
25 163 43
25 164 68
25 165 93
25 166 118
25 167 143
25 168 168
25 169 193
25 170 218
25 171 243
25 172 16
25 173 41
25 174 66
25 175 91
25 176 116
25 177 141
25 178 166
25 179 191
25 180 216
25 181 241
25 182 14
25 183 39
25 184 64
25 185 89
25 186 114
25 187 139
25 188 164
25 189 189
25 190 214
25 191 239
25 192 12
25 193 37
25 194 62
25 195 87
25 196 112
25 197 137
25 198 162
25 199 187
25 200 212
25 201 237
25 202 10
25 203 35
25 204 60
25 205 85
25 206 110
25 207 135
25 208 160
25 209 185
25 210 210
25 211 235
25 212 8
25 213 33
25 214 58
25 215 83
25 216 108
25 217 133
25 218 158
25 219 183
25 220 208
25 221 233
25 222 6
25 223 31
25 224 56
25 225 81
25 226 106
25 227 131
25 228 156
25 229 181
25 230 206
25 231 231
25 232 4
25 233 29
25 234 54
25 235 79
25 236 104
25 237 129
25 238 154
25 239 179
25 240 204
25 241 229
25 242 2
25 243 27
25 244 52
25 245 77
25 246 102
25 247 127
25 248 152
25 249 177
25 250 202
25 251 227
25 252 0
25 253 25
25 254 50
25 255 75
25 256 100
26 27 198
26 28 224
26 29 250
26 30 24
26 31 50
26 32 76
26 33 102
26 34 128
26 35 154
26 36 180
26 37 206
26 38 232
26 39 6
26 40 32
26 41 58
26 42 84
26 43 110
26 44 136
26 45 162
26 46 188
26 47 214
26 48 240
26 49 14
26 50 40
26 51 66
26 52 92
26 53 118
26 54 144
26 55 170
26 56 196
26 57 222
26 58 248
26 59 22
26 60 48
26 61 74
26 62 100
26 63 126
26 64 152
26 65 178
26 66 204
26 67 230
26 68 4
26 69 30
26 70 56
26 71 82
26 72 108
26 73 134
26 74 160
26 75 186
26 76 212
26 77 238
26 78 12
26 79 38
26 80 64
26 81 90
26 82 116
26 83 142
26 84 168
26 85 194
26 86 220
26 87 246
26 88 20
26 89 46
26 90 72
26 91 98
26 92 124
26 93 150
26 94 176
26 95 202
26 96 228
26 97 2
26 98 28
26 99 54
26 100 80
26 101 106
26 102 132
26 103 158
26 104 184
26 105 210
26 106 236
26 107 10
26 108 36
26 109 62
26 110 88
26 111 114
26 112 140
26 113 166
26 114 192
26 115 218
26 116 244
26 117 18
26 118 44
26 119 70
26 120 96
26 121 122
26 122 148
26 123 174
26 124 200
26 125 226
26 126 0
26 127 26
26 128 52
26 129 78
26 130 104
26 131 130
26 132 156
26 133 182
26 134 208
26 135 234
26 136 8
26 137 34
26 138 60
26 139 86
26 140 112
26 141 138
26 142 164
26 143 190
26 144 216
26 145 242
26 146 16
26 147 42
26 148 68
26 149 94
26 150 120
26 151 146
26 152 172
26 153 198
26 154 224
26 155 250
26 156 24
26 157 50
26 158 76
26 159 102
26 160 128
26 161 154
26 162 180
26 163 206
26 164 232
26 165 6
26 166 32
26 167 58
26 168 84
26 169 110
26 170 136
26 171 162
26 172 188
26 173 214
26 174 240
26 175 14
26 176 40
26 177 66
26 178 92
26 179 118
26 180 144
26 181 170
26 182 196
26 183 222
26 184 248
26 185 22
26 186 48
26 187 74
26 188 100
26 189 126
26 190 152
26 191 178
26 192 204
26 193 230
26 194 4
26 195 30
26 196 56
26 197 82
26 198 108
26 199 134
26 200 160
26 201 186
26 202 212
26 203 238
26 204 12
26 205 38
26 206 64
26 207 90
26 208 116
26 209 142
26 210 168
26 211 194
26 212 220
26 213 246
26 214 20
26 215 46
26 216 72
26 217 98
26 218 124
26 219 150
26 220 176
26 221 202
26 222 228
26 223 2
26 224 28
26 225 54
26 226 80
26 227 106
26 228 132
26 229 158
26 230 184
26 231 210
26 232 236
26 233 10
26 234 36
26 235 62
26 236 88
26 237 114
26 238 140
26 239 166
26 240 192
26 241 218
26 242 244
26 243 18
26 244 44
26 245 70
26 246 96
26 247 122
26 248 148
26 249 174
26 250 200
26 251 226
26 252 0
26 253 26
26 254 52
26 255 78
26 256 104
27 28 0
27 29 27
27 30 54
27 31 81
27 32 108
27 33 135
27 34 162
27 35 189
27 36 216
27 37 243
27 38 18
27 39 45
27 40 72
27 41 99
27 42 126
27 43 153
27 44 180
27 45 207
27 46 234
27 47 9
27 48 36
27 49 63
27 50 90
27 51 117
27 52 144
27 53 171
27 54 198
27 55 225
27 56 0
27 57 27
27 58 54
27 59 81
27 60 108
27 61 135
27 62 162
27 63 189
27 64 216
27 65 243
27 66 18
27 67 45
27 68 72
27 69 99
27 70 126
27 71 153
27 72 180
27 73 207
27 74 234
27 75 9
27 76 36
27 77 63
27 78 90
27 79 117
27 80 144
27 81 171
27 82 198
27 83 225
27 84 0
27 85 27
27 86 54
27 87 81
27 88 108
27 89 135
27 90 162
27 91 189
27 92 216
27 93 243
27 94 18
27 95 45
27 96 72
27 97 99
27 98 126
27 99 153
27 100 180
27 101 207
27 102 234
27 103 9
27 104 36
27 105 63
27 106 90
27 107 117
27 108 144
27 109 171
27 110 198
27 111 225
27 112 0
27 113 27
27 114 54
27 115 81
27 116 108
27 117 135
27 118 162
27 119 189
27 120 216
27 121 243
27 122 18
27 123 45
27 124 72
27 125 99
27 126 126
27 127 153
27 128 180
27 129 207
27 130 234
27 131 9
27 132 36
27 133 63
27 134 90
27 135 117
27 136 144
27 137 171
27 138 198
27 139 225
27 140 0
27 141 27
27 142 54
27 143 81
27 144 108
27 145 135
27 146 162
27 147 189
27 148 216
27 149 243
27 150 18
27 151 45
27 152 72
27 153 99
27 154 126
27 155 153
27 156 180
27 157 207
27 158 234
27 159 9
27 160 36
27 161 63
27 162 90
27 163 117
27 164 144
27 165 171
27 166 198
27 167 225
27 168 0
27 169 27
27 170 54
27 171 81
27 172 108
27 173 135
27 174 162
27 175 189
27 176 216
27 177 243
27 178 18
27 179 45
27 180 72
27 181 99
27 182 126
27 183 153
27 184 180
27 185 207
27 186 234
27 187 9
27 188 36
27 189 63
27 190 90
27 191 117
27 192 144
27 193 171
27 194 198
27 195 225
27 196 0
27 197 27
27 198 54
27 199 81
27 200 108
27 201 135
27 202 162
27 203 189
27 204 216
27 205 243
27 206 18
27 207 45
27 208 72
27 209 99
27 210 126
27 211 153
27 212 180
27 213 207
27 214 234
27 215 9
27 216 36
27 217 63
27 218 90
27 219 117
27 220 144
27 221 171
27 222 198
27 223 225
27 224 0
27 225 27
27 226 54
27 227 81
27 228 108
27 229 135
27 230 162
27 231 189
27 232 216
27 233 243
27 234 18
27 235 45
27 236 72
27 237 99
27 238 126
27 239 153
27 240 180
27 241 207
27 242 234
27 243 9
27 244 36
27 245 63
27 246 90
27 247 117
27 248 144
27 249 171
27 250 198
27 251 225
27 252 0
27 253 27
27 254 54
27 255 81
27 256 108
28 29 56
28 30 84
28 31 112
28 32 140
28 33 168
28 34 196
28 35 224
28 36 0
28 37 28
28 38 56
28 39 84
28 40 112
28 41 140
28 42 168
28 43 196
28 44 224
28 45 0
28 46 28
28 47 56
28 48 84
28 49 112
28 50 140
28 51 168
28 52 196
28 53 224
28 54 0
28 55 28
28 56 56
28 57 84
28 58 112
28 59 140
28 60 168
28 61 196
28 62 224
28 63 0
28 64 28
28 65 56
28 66 84
28 67 112
28 68 140
28 69 168
28 70 196
28 71 224
28 72 0
28 73 28
28 74 56
28 75 84
28 76 112
28 77 140
28 78 168
28 79 196
28 80 224
28 81 0
28 82 28
28 83 56
28 84 84
28 85 112
28 86 140
28 87 168
28 88 196
28 89 224
28 90 0
28 91 28
28 92 56
28 93 84
28 94 112
28 95 140
28 96 168
28 97 196
28 98 224
28 99 0
28 100 28
28 101 56
28 102 84
28 103 112
28 104 140
28 105 168
28 106 196
28 107 224
28 108 0
28 109 28
28 110 56
28 111 84
28 112 112
28 113 140
28 114 168
28 115 196
28 116 224
28 117 0
28 118 28
28 119 56
28 120 84
28 121 112
28 122 140
28 123 168
28 124 196
28 125 224
28 126 0
28 127 28
28 128 56
28 129 84
28 130 112
28 131 140
28 132 168
28 133 196
28 134 224
28 135 0
28 136 28
28 137 56
28 138 84
28 139 112
28 140 140
28 141 168
28 142 196
28 143 224
28 144 0
28 145 28
28 146 56
28 147 84
28 148 112
28 149 140
28 150 168
28 151 196
28 152 224
28 153 0
28 154 28
28 155 56
28 156 84
28 157 112
28 158 140
28 159 168
28 160 196
28 161 224
28 162 0
28 163 28
28 164 56
28 165 84
28 166 112
28 167 140
28 168 168
28 169 196
28 170 224
28 171 0
28 172 28
28 173 56
28 174 84
28 175 112
28 176 140
28 177 168
28 178 196
28 179 224
28 180 0
28 181 28
28 182 56
28 183 84
28 184 112
28 185 140
28 186 168
28 187 196
28 188 224
28 189 0
28 190 28
28 191 56
28 192 84
28 193 112
28 194 140
28 195 168
28 196 196
28 197 224
28 198 0
28 199 28
28 200 56
28 201 84
28 202 112
28 203 140
28 204 168
28 205 196
28 206 224
28 207 0
28 208 28
28 209 56
28 210 84
28 211 112
28 212 140
28 213 168
28 214 196
28 215 224
28 216 0
28 217 28
28 218 56
28 219 84
28 220 112
28 221 140
28 222 168
28 223 196
28 224 224
28 225 0
28 226 28
28 227 56
28 228 84
28 229 112
28 230 140
28 231 168
28 232 196
28 233 224
28 234 0
28 235 28
28 236 56
28 237 84
28 238 112
28 239 140
28 240 168
28 241 196
28 242 224
28 243 0
28 244 28
28 245 56
28 246 84
28 247 112
28 248 140
28 249 168
28 250 196
28 251 224
28 252 0
28 253 28
28 254 56
28 255 84
28 256 112
29 30 114
29 31 143
29 32 172
29 33 201
29 34 230
29 35 7
29 36 36
29 37 65
29 38 94
29 39 123
29 40 152
29 41 181
29 42 210
29 43 239
29 44 16
29 45 45
29 46 74
29 47 103
29 48 132
29 49 161
29 50 190
29 51 219
29 52 248
29 53 25
29 54 54
29 55 83
29 56 112
29 57 141
29 58 170
29 59 199
29 60 228
29 61 5
29 62 34
29 63 63
29 64 92
29 65 121
29 66 150
29 67 179
29 68 208
29 69 237
29 70 14
29 71 43
29 72 72
29 73 101
29 74 130
29 75 159
29 76 188
29 77 217
29 78 246
29 79 23
29 80 52
29 81 81
29 82 110
29 83 139
29 84 168
29 85 197
29 86 226
29 87 3
29 88 32
29 89 61
29 90 90
29 91 119
29 92 148
29 93 177
29 94 206
29 95 235
29 96 12
29 97 41
29 98 70
29 99 99
29 100 128
29 101 157
29 102 186
29 103 215
29 104 244
29 105 21
29 106 50
29 107 79
29 108 108
29 109 137
29 110 166
29 111 195
29 112 224
29 113 1
29 114 30
29 115 59
29 116 88
29 117 117
29 118 146
29 119 175
29 120 204
29 121 233
29 122 10
29 123 39
29 124 68
29 125 97
29 126 126
29 127 155
29 128 184
29 129 213
29 130 242
29 131 19
29 132 48
29 133 77
29 134 106
29 135 135
29 136 164
29 137 193
29 138 222
29 139 251
29 140 28
29 141 57
29 142 86
29 143 115
29 144 144
29 145 173
29 146 202
29 147 231
29 148 8
29 149 37
29 150 66
29 151 95
29 152 124
29 153 153
29 154 182
29 155 211
29 156 240
29 157 17
29 158 46
29 159 75
29 160 104
29 161 133
29 162 162
29 163 191
29 164 220
29 165 249
29 166 26
29 167 55
29 168 84
29 169 113
29 170 142
29 171 171
29 172 200
29 173 229
29 174 6
29 175 35
29 176 64
29 177 93
29 178 122
29 179 151
29 180 180
29 181 209
29 182 238
29 183 15
29 184 44
29 185 73
29 186 102
29 187 131
29 188 160
29 189 189
29 190 218
29 191 247
29 192 24
29 193 53
29 194 82
29 195 111
29 196 140
29 197 169
29 198 198
29 199 227
29 200 4
29 201 33
29 202 62
29 203 91
29 204 120
29 205 149
29 206 178
29 207 207
29 208 236
29 209 13
29 210 42
29 211 71
29 212 100
29 213 129
29 214 158
29 215 187
29 216 216
29 217 245
29 218 22
29 219 51
29 220 80
29 221 109
29 222 138
29 223 167
29 224 196
29 225 225
29 226 2
29 227 31
29 228 60
29 229 89
29 230 118
29 231 147
29 232 176
29 233 205
29 234 234
29 235 11
29 236 40
29 237 69
29 238 98
29 239 127
29 240 156
29 241 185
29 242 214
29 243 243
29 244 20
29 245 49
29 246 78
29 247 107
29 248 136
29 249 165
29 250 194
29 251 223
29 252 0
29 253 29
29 254 58
29 255 87
29 256 116
30 31 174
30 32 204
30 33 234
30 34 12
30 35 42
30 36 72
30 37 102
30 38 132
30 39 162
30 40 192
30 41 222
30 42 0
30 43 30
30 44 60
30 45 90
30 46 120
30 47 150
30 48 180
30 49 210
30 50 240
30 51 18
30 52 48
30 53 78
30 54 108
30 55 138
30 56 168
30 57 198
30 58 228
30 59 6
30 60 36
30 61 66
30 62 96
30 63 126
30 64 156
30 65 186
30 66 216
30 67 246
30 68 24
30 69 54
30 70 84
30 71 114
30 72 144
30 73 174
30 74 204
30 75 234
30 76 12
30 77 42
30 78 72
30 79 102
30 80 132
30 81 162
30 82 192
30 83 222
30 84 0
30 85 30
30 86 60
30 87 90
30 88 120
30 89 150
30 90 180
30 91 210
30 92 240
30 93 18
30 94 48
30 95 78
30 96 108
30 97 138
30 98 168
30 99 198
30 100 228
30 101 6
30 102 36
30 103 66
30 104 96
30 105 126
30 106 156
30 107 186
30 108 216
30 109 246
30 110 24
30 111 54
30 112 84
30 113 114
30 114 144
30 115 174
30 116 204
30 117 234
30 118 12
30 119 42
30 120 72
30 121 102
30 122 132
30 123 162
30 124 192
30 125 222
30 126 0
30 127 30
30 128 60
30 129 90
30 130 120
30 131 150
30 132 180
30 133 210
30 134 240
30 135 18
30 136 48
30 137 78
30 138 108
30 139 138
30 140 168
30 141 198
30 142 228
30 143 6
30 144 36
30 145 66
30 146 96
30 147 126
30 148 156
30 149 186
30 150 216
30 151 246
30 152 24
30 153 54
30 154 84
30 155 114
30 156 144
30 157 174
30 158 204
30 159 234
30 160 12
30 161 42
30 162 72
30 163 102
30 164 132
30 165 162
30 166 192
30 167 222
30 168 0
30 169 30
30 170 60
30 171 90
30 172 120
30 173 150
30 174 180
30 175 210
30 176 240
30 177 18
30 178 48
30 179 78
30 180 108
30 181 138
30 182 168
30 183 198
30 184 228
30 185 6
30 186 36
30 187 66
30 188 96
30 189 126
30 190 156
30 191 186
30 192 216
30 193 246
30 194 24
30 195 54
30 196 84
30 197 114
30 198 144
30 199 174
30 200 204
30 201 234
30 202 12
30 203 42
30 204 72
30 205 102
30 206 132
30 207 162
30 208 192
30 209 222
30 210 0
30 211 30
30 212 60
30 213 90
30 214 120
30 215 150
30 216 180
30 217 210
30 218 240
30 219 18
30 220 48
30 221 78
30 222 108
30 223 138
30 224 168
30 225 198
30 226 228
30 227 6
30 228 36
30 229 66
30 230 96
30 231 126
30 232 156
30 233 186
30 234 216
30 235 246
30 236 24
30 237 54
30 238 84
30 239 114
30 240 144
30 241 174
30 242 204
30 243 234
30 244 12
30 245 42
30 246 72
30 247 102
30 248 132
30 249 162
30 250 192
30 251 222
30 252 0
30 253 30
30 254 60
30 255 90
30 256 120
31 32 236
31 33 15
31 34 46
31 35 77
31 36 108
31 37 139
31 38 170
31 39 201
31 40 232
31 41 11
31 42 42
31 43 73
31 44 104
31 45 135
31 46 166
31 47 197
31 48 228
31 49 7
31 50 38
31 51 69
31 52 100
31 53 131
31 54 162
31 55 193
31 56 224
31 57 3
31 58 34
31 59 65
31 60 96
31 61 127
31 62 158
31 63 189
31 64 220
31 65 251
31 66 30
31 67 61
31 68 92
31 69 123
31 70 154
31 71 185
31 72 216
31 73 247
31 74 26
31 75 57
31 76 88
31 77 119
31 78 150
31 79 181
31 80 212
31 81 243
31 82 22
31 83 53
31 84 84
31 85 115
31 86 146
31 87 177
31 88 208
31 89 239
31 90 18
31 91 49
31 92 80
31 93 111
31 94 142
31 95 173
31 96 204
31 97 235
31 98 14
31 99 45
31 100 76
31 101 107
31 102 138
31 103 169
31 104 200
31 105 231
31 106 10
31 107 41
31 108 72
31 109 103
31 110 134
31 111 165
31 112 196
31 113 227
31 114 6
31 115 37
31 116 68
31 117 99
31 118 130
31 119 161
31 120 192
31 121 223
31 122 2
31 123 33
31 124 64
31 125 95
31 126 126
31 127 157
31 128 188
31 129 219
31 130 250
31 131 29
31 132 60
31 133 91
31 134 122
31 135 153
31 136 184
31 137 215
31 138 246
31 139 25
31 140 56
31 141 87
31 142 118
31 143 149
31 144 180
31 145 211
31 146 242
31 147 21
31 148 52
31 149 83
31 150 114
31 151 145
31 152 176
31 153 207
31 154 238
31 155 17
31 156 48
31 157 79
31 158 110
31 159 141
31 160 172
31 161 203
31 162 234
31 163 13
31 164 44
31 165 75
31 166 106
31 167 137
31 168 168
31 169 199
31 170 230
31 171 9
31 172 40
31 173 71
31 174 102
31 175 133
31 176 164
31 177 195
31 178 226
31 179 5
31 180 36
31 181 67
31 182 98
31 183 129
31 184 160
31 185 191
31 186 222
31 187 1
31 188 32
31 189 63
31 190 94
31 191 125
31 192 156
31 193 187
31 194 218
31 195 249
31 196 28
31 197 59
31 198 90
31 199 121
31 200 152
31 201 183
31 202 214
31 203 245
31 204 24
31 205 55
31 206 86
31 207 117
31 208 148
31 209 179
31 210 210
31 211 241
31 212 20
31 213 51
31 214 82
31 215 113
31 216 144
31 217 175
31 218 206
31 219 237
31 220 16
31 221 47
31 222 78
31 223 109
31 224 140
31 225 171
31 226 202
31 227 233
31 228 12
31 229 43
31 230 74
31 231 105
31 232 136
31 233 167
31 234 198
31 235 229
31 236 8
31 237 39
31 238 70
31 239 101
31 240 132
31 241 163
31 242 194
31 243 225
31 244 4
31 245 35
31 246 66
31 247 97
31 248 128
31 249 159
31 250 190
31 251 221
31 252 0
31 253 31
31 254 62
31 255 93
31 256 124
32 33 48
32 34 80
32 35 112
32 36 144
32 37 176
32 38 208
32 39 240
32 40 20
32 41 52
32 42 84
32 43 116
32 44 148
32 45 180
32 46 212
32 47 244
32 48 24
32 49 56
32 50 88
32 51 120
32 52 152
32 53 184
32 54 216
32 55 248
32 56 28
32 57 60
32 58 92
32 59 124
32 60 156
32 61 188
32 62 220
32 63 0
32 64 32
32 65 64
32 66 96
32 67 128
32 68 160
32 69 192
32 70 224
32 71 4
32 72 36
32 73 68
32 74 100
32 75 132
32 76 164
32 77 196
32 78 228
32 79 8
32 80 40
32 81 72
32 82 104
32 83 136
32 84 168
32 85 200
32 86 232
32 87 12
32 88 44
32 89 76
32 90 108
32 91 140
32 92 172
32 93 204
32 94 236
32 95 16
32 96 48
32 97 80
32 98 112
32 99 144
32 100 176
32 101 208
32 102 240
32 103 20
32 104 52
32 105 84
32 106 116
32 107 148
32 108 180
32 109 212
32 110 244
32 111 24
32 112 56
32 113 88
32 114 120
32 115 152
32 116 184
32 117 216
32 118 248
32 119 28
32 120 60
32 121 92
32 122 124
32 123 156
32 124 188
32 125 220
32 126 0
32 127 32
32 128 64
32 129 96
32 130 128
32 131 160
32 132 192
32 133 224
32 134 4
32 135 36
32 136 68
32 137 100
32 138 132
32 139 164
32 140 196
32 141 228
32 142 8
32 143 40
32 144 72
32 145 104
32 146 136
32 147 168
32 148 200
32 149 232
32 150 12
32 151 44
32 152 76
32 153 108
32 154 140
32 155 172
32 156 204
32 157 236
32 158 16
32 159 48
32 160 80
32 161 112
32 162 144
32 163 176
32 164 208
32 165 240
32 166 20
32 167 52
32 168 84
32 169 116
32 170 148
32 171 180
32 172 212
32 173 244
32 174 24
32 175 56
32 176 88
32 177 120
32 178 152
32 179 184
32 180 216
32 181 248
32 182 28
32 183 60
32 184 92
32 185 124
32 186 156
32 187 188
32 188 220
32 189 0
32 190 32
32 191 64
32 192 96
32 193 128
32 194 160
32 195 192
32 196 224
32 197 4
32 198 36
32 199 68
32 200 100
32 201 132
32 202 164
32 203 196
32 204 228
32 205 8
32 206 40
32 207 72
32 208 104
32 209 136
32 210 168
32 211 200
32 212 232
32 213 12
32 214 44
32 215 76
32 216 108
32 217 140
32 218 172
32 219 204
32 220 236
32 221 16
32 222 48
32 223 80
32 224 112
32 225 144
32 226 176
32 227 208
32 228 240
32 229 20
32 230 52
32 231 84
32 232 116
32 233 148
32 234 180
32 235 212
32 236 244
32 237 24
32 238 56
32 239 88
32 240 120
32 241 152
32 242 184
32 243 216
32 244 248
32 245 28
32 246 60
32 247 92
32 248 124
32 249 156
32 250 188
32 251 220
32 252 0
32 253 32
32 254 64
32 255 96
32 256 128
33 34 114
33 35 147
33 36 180
33 37 213
33 38 246
33 39 27
33 40 60
33 41 93
33 42 126
33 43 159
33 44 192
33 45 225
33 46 6
33 47 39
33 48 72
33 49 105
33 50 138
33 51 171
33 52 204
33 53 237
33 54 18
33 55 51
33 56 84
33 57 117
33 58 150
33 59 183
33 60 216
33 61 249
33 62 30
33 63 63
33 64 96
33 65 129
33 66 162
33 67 195
33 68 228
33 69 9
33 70 42
33 71 75
33 72 108
33 73 141
33 74 174
33 75 207
33 76 240
33 77 21
33 78 54
33 79 87
33 80 120
33 81 153
33 82 186
33 83 219
33 84 0
33 85 33
33 86 66
33 87 99
33 88 132
33 89 165
33 90 198
33 91 231
33 92 12
33 93 45
33 94 78
33 95 111
33 96 144
33 97 177
33 98 210
33 99 243
33 100 24
33 101 57
33 102 90
33 103 123
33 104 156
33 105 189
33 106 222
33 107 3
33 108 36
33 109 69
33 110 102
33 111 135
33 112 168
33 113 201
33 114 234
33 115 15
33 116 48
33 117 81
33 118 114
33 119 147
33 120 180
33 121 213
33 122 246
33 123 27
33 124 60
33 125 93
33 126 126
33 127 159
33 128 192
33 129 225
33 130 6
33 131 39
33 132 72
33 133 105
33 134 138
33 135 171
33 136 204
33 137 237
33 138 18
33 139 51
33 140 84
33 141 117
33 142 150
33 143 183
33 144 216
33 145 249
33 146 30
33 147 63
33 148 96
33 149 129
33 150 162
33 151 195
33 152 228
33 153 9
33 154 42
33 155 75
33 156 108
33 157 141
33 158 174
33 159 207
33 160 240
33 161 21
33 162 54
33 163 87
33 164 120
33 165 153
33 166 186
33 167 219
33 168 0
33 169 33
33 170 66
33 171 99
33 172 132
33 173 165
33 174 198
33 175 231
33 176 12
33 177 45
33 178 78
33 179 111
33 180 144
33 181 177
33 182 210
33 183 243
33 184 24
33 185 57
33 186 90
33 187 123
33 188 156
33 189 189
33 190 222
33 191 3
33 192 36
33 193 69
33 194 102
33 195 135
33 196 168
33 197 201
33 198 234
33 199 15
33 200 48
33 201 81
33 202 114
33 203 147
33 204 180
33 205 213
33 206 246
33 207 27
33 208 60
33 209 93
33 210 126
33 211 159
33 212 192
33 213 225
33 214 6
33 215 39
33 216 72
33 217 105
33 218 138
33 219 171
33 220 204
33 221 237
33 222 18
33 223 51
33 224 84
33 225 117
33 226 150
33 227 183
33 228 216
33 229 249
33 230 30
33 231 63
33 232 96
33 233 129
33 234 162
33 235 195
33 236 228
33 237 9
33 238 42
33 239 75
33 240 108
33 241 141
33 242 174
33 243 207
33 244 240
33 245 21
33 246 54
33 247 87
33 248 120
33 249 153
33 250 186
33 251 219
33 252 0
33 253 33
33 254 66
33 255 99
33 256 132
34 35 182
34 36 216
34 37 250
34 38 32
34 39 66
34 40 100
34 41 134
34 42 168
34 43 202
34 44 236
34 45 18
34 46 52
34 47 86
34 48 120
34 49 154
34 50 188
34 51 222
34 52 4
34 53 38
34 54 72
34 55 106
34 56 140
34 57 174
34 58 208
34 59 242
34 60 24
34 61 58
34 62 92
34 63 126
34 64 160
34 65 194
34 66 228
34 67 10
34 68 44
34 69 78
34 70 112
34 71 146
34 72 180
34 73 214
34 74 248
34 75 30
34 76 64
34 77 98
34 78 132
34 79 166
34 80 200
34 81 234
34 82 16
34 83 50
34 84 84
34 85 118
34 86 152
34 87 186
34 88 220
34 89 2
34 90 36
34 91 70
34 92 104
34 93 138
34 94 172
34 95 206
34 96 240
34 97 22
34 98 56
34 99 90
34 100 124
34 101 158
34 102 192
34 103 226
34 104 8
34 105 42
34 106 76
34 107 110
34 108 144
34 109 178
34 110 212
34 111 246
34 112 28
34 113 62
34 114 96
34 115 130
34 116 164
34 117 198
34 118 232
34 119 14
34 120 48
34 121 82
34 122 116
34 123 150
34 124 184
34 125 218
34 126 0
34 127 34
34 128 68
34 129 102
34 130 136
34 131 170
34 132 204
34 133 238
34 134 20
34 135 54
34 136 88
34 137 122
34 138 156
34 139 190
34 140 224
34 141 6
34 142 40
34 143 74
34 144 108
34 145 142
34 146 176
34 147 210
34 148 244
34 149 26
34 150 60
34 151 94
34 152 128
34 153 162
34 154 196
34 155 230
34 156 12
34 157 46
34 158 80
34 159 114
34 160 148
34 161 182
34 162 216
34 163 250
34 164 32
34 165 66
34 166 100
34 167 134
34 168 168
34 169 202
34 170 236
34 171 18
34 172 52
34 173 86
34 174 120
34 175 154
34 176 188
34 177 222
34 178 4
34 179 38
34 180 72
34 181 106
34 182 140
34 183 174
34 184 208
34 185 242
34 186 24
34 187 58
34 188 92
34 189 126
34 190 160
34 191 194
34 192 228
34 193 10
34 194 44
34 195 78
34 196 112
34 197 146
34 198 180
34 199 214
34 200 248
34 201 30
34 202 64
34 203 98
34 204 132
34 205 166
34 206 200
34 207 234
34 208 16
34 209 50
34 210 84
34 211 118
34 212 152
34 213 186
34 214 220
34 215 2
34 216 36
34 217 70
34 218 104
34 219 138
34 220 172
34 221 206
34 222 240
34 223 22
34 224 56
34 225 90
34 226 124
34 227 158
34 228 192
34 229 226
34 230 8
34 231 42
34 232 76
34 233 110
34 234 144
34 235 178
34 236 212
34 237 246
34 238 28
34 239 62
34 240 96
34 241 130
34 242 164
34 243 198
34 244 232
34 245 14
34 246 48
34 247 82
34 248 116
34 249 150
34 250 184
34 251 218
34 252 0
34 253 34
34 254 68
34 255 102
34 256 136
35 36 0
35 37 35
35 38 70
35 39 105
35 40 140
35 41 175
35 42 210
35 43 245
35 44 28
35 45 63
35 46 98
35 47 133
35 48 168
35 49 203
35 50 238
35 51 21
35 52 56
35 53 91
35 54 126
35 55 161
35 56 196
35 57 231
35 58 14
35 59 49
35 60 84
35 61 119
35 62 154
35 63 189
35 64 224
35 65 7
35 66 42
35 67 77
35 68 112
35 69 147
35 70 182
35 71 217
35 72 0
35 73 35
35 74 70
35 75 105
35 76 140
35 77 175
35 78 210
35 79 245
35 80 28
35 81 63
35 82 98
35 83 133
35 84 168
35 85 203
35 86 238
35 87 21
35 88 56
35 89 91
35 90 126
35 91 161
35 92 196
35 93 231
35 94 14
35 95 49
35 96 84
35 97 119
35 98 154
35 99 189
35 100 224
35 101 7
35 102 42
35 103 77
35 104 112
35 105 147
35 106 182
35 107 217
35 108 0
35 109 35
35 110 70
35 111 105
35 112 140
35 113 175
35 114 210
35 115 245
35 116 28
35 117 63
35 118 98
35 119 133
35 120 168
35 121 203
35 122 238
35 123 21
35 124 56
35 125 91
35 126 126
35 127 161
35 128 196
35 129 231
35 130 14
35 131 49
35 132 84
35 133 119
35 134 154
35 135 189
35 136 224
35 137 7
35 138 42
35 139 77
35 140 112
35 141 147
35 142 182
35 143 217
35 144 0
35 145 35
35 146 70
35 147 105
35 148 140
35 149 175
35 150 210
35 151 245
35 152 28
35 153 63
35 154 98
35 155 133
35 156 168
35 157 203
35 158 238
35 159 21
35 160 56
35 161 91
35 162 126
35 163 161
35 164 196
35 165 231
35 166 14
35 167 49
35 168 84
35 169 119
35 170 154
35 171 189
35 172 224
35 173 7
35 174 42
35 175 77
35 176 112
35 177 147
35 178 182
35 179 217
35 180 0
35 181 35
35 182 70
35 183 105
35 184 140
35 185 175
35 186 210
35 187 245
35 188 28
35 189 63
35 190 98
35 191 133
35 192 168
35 193 203
35 194 238
35 195 21
35 196 56
35 197 91
35 198 126
35 199 161
35 200 196
35 201 231
35 202 14
35 203 49
35 204 84
35 205 119
35 206 154
35 207 189
35 208 224
35 209 7
35 210 42
35 211 77
35 212 112
35 213 147
35 214 182
35 215 217
35 216 0
35 217 35
35 218 70
35 219 105
35 220 140
35 221 175
35 222 210
35 223 245
35 224 28
35 225 63
35 226 98
35 227 133
35 228 168
35 229 203
35 230 238
35 231 21
35 232 56
35 233 91
35 234 126
35 235 161
35 236 196
35 237 231
35 238 14
35 239 49
35 240 84
35 241 119
35 242 154
35 243 189
35 244 224
35 245 7
35 246 42
35 247 77
35 248 112
35 249 147
35 250 182
35 251 217
35 252 0
35 253 35
35 254 70
35 255 105
35 256 140
36 37 72
36 38 108
36 39 144
36 40 180
36 41 216
36 42 0
36 43 36
36 44 72
36 45 108
36 46 144
36 47 180
36 48 216
36 49 0
36 50 36
36 51 72
36 52 108
36 53 144
36 54 180
36 55 216
36 56 0
36 57 36
36 58 72
36 59 108
36 60 144
36 61 180
36 62 216
36 63 0
36 64 36
36 65 72
36 66 108
36 67 144
36 68 180
36 69 216
36 70 0
36 71 36
36 72 72
36 73 108
36 74 144
36 75 180
36 76 216
36 77 0
36 78 36
36 79 72
36 80 108
36 81 144
36 82 180
36 83 216
36 84 0
36 85 36
36 86 72
36 87 108
36 88 144
36 89 180
36 90 216
36 91 0
36 92 36
36 93 72
36 94 108
36 95 144
36 96 180
36 97 216
36 98 0
36 99 36
36 100 72
36 101 108
36 102 144
36 103 180
36 104 216
36 105 0
36 106 36
36 107 72
36 108 108
36 109 144
36 110 180
36 111 216
36 112 0
36 113 36
36 114 72
36 115 108
36 116 144
36 117 180
36 118 216
36 119 0
36 120 36
36 121 72
36 122 108
36 123 144
36 124 180
36 125 216
36 126 0
36 127 36
36 128 72
36 129 108
36 130 144
36 131 180
36 132 216
36 133 0
36 134 36
36 135 72
36 136 108
36 137 144
36 138 180
36 139 216
36 140 0
36 141 36
36 142 72
36 143 108
36 144 144
36 145 180
36 146 216
36 147 0
36 148 36
36 149 72
36 150 108
36 151 144
36 152 180
36 153 216
36 154 0
36 155 36
36 156 72
36 157 108
36 158 144
36 159 180
36 160 216
36 161 0
36 162 36
36 163 72
36 164 108
36 165 144
36 166 180
36 167 216
36 168 0
36 169 36
36 170 72
36 171 108
36 172 144
36 173 180
36 174 216
36 175 0
36 176 36
36 177 72
36 178 108
36 179 144
36 180 180
36 181 216
36 182 0
36 183 36
36 184 72
36 185 108
36 186 144
36 187 180
36 188 216
36 189 0
36 190 36
36 191 72
36 192 108
36 193 144
36 194 180
36 195 216
36 196 0
36 197 36
36 198 72
36 199 108
36 200 144
36 201 180
36 202 216
36 203 0
36 204 36
36 205 72
36 206 108
36 207 144
36 208 180
36 209 216
36 210 0
36 211 36
36 212 72
36 213 108
36 214 144
36 215 180
36 216 216
36 217 0
36 218 36
36 219 72
36 220 108
36 221 144
36 222 180
36 223 216
36 224 0
36 225 36
36 226 72
36 227 108
36 228 144
36 229 180
36 230 216
36 231 0
36 232 36
36 233 72
36 234 108
36 235 144
36 236 180
36 237 216
36 238 0
36 239 36
36 240 72
36 241 108
36 242 144
36 243 180
36 244 216
36 245 0
36 246 36
36 247 72
36 248 108
36 249 144
36 250 180
36 251 216
36 252 0
36 253 36
36 254 72
36 255 108
36 256 144
37 38 146
37 39 183
37 40 220
37 41 5
37 42 42
37 43 79
37 44 116
37 45 153
37 46 190
37 47 227
37 48 12
37 49 49
37 50 86
37 51 123
37 52 160
37 53 197
37 54 234
37 55 19
37 56 56
37 57 93
37 58 130
37 59 167
37 60 204
37 61 241
37 62 26
37 63 63
37 64 100
37 65 137
37 66 174
37 67 211
37 68 248
37 69 33
37 70 70
37 71 107
37 72 144
37 73 181
37 74 218
37 75 3
37 76 40
37 77 77
37 78 114
37 79 151
37 80 188
37 81 225
37 82 10
37 83 47
37 84 84
37 85 121
37 86 158
37 87 195
37 88 232
37 89 17
37 90 54
37 91 91
37 92 128
37 93 165
37 94 202
37 95 239
37 96 24
37 97 61
37 98 98
37 99 135
37 100 172
37 101 209
37 102 246
37 103 31
37 104 68
37 105 105
37 106 142
37 107 179
37 108 216
37 109 1
37 110 38
37 111 75
37 112 112
37 113 149
37 114 186
37 115 223
37 116 8
37 117 45
37 118 82
37 119 119
37 120 156
37 121 193
37 122 230
37 123 15
37 124 52
37 125 89
37 126 126
37 127 163
37 128 200
37 129 237
37 130 22
37 131 59
37 132 96
37 133 133
37 134 170
37 135 207
37 136 244
37 137 29
37 138 66
37 139 103
37 140 140
37 141 177
37 142 214
37 143 251
37 144 36
37 145 73
37 146 110
37 147 147
37 148 184
37 149 221
37 150 6
37 151 43
37 152 80
37 153 117
37 154 154
37 155 191
37 156 228
37 157 13
37 158 50
37 159 87
37 160 124
37 161 161
37 162 198
37 163 235
37 164 20
37 165 57
37 166 94
37 167 131
37 168 168
37 169 205
37 170 242
37 171 27
37 172 64
37 173 101
37 174 138
37 175 175
37 176 212
37 177 249
37 178 34
37 179 71
37 180 108
37 181 145
37 182 182
37 183 219
37 184 4
37 185 41
37 186 78
37 187 115
37 188 152
37 189 189
37 190 226
37 191 11
37 192 48
37 193 85
37 194 122
37 195 159
37 196 196
37 197 233
37 198 18
37 199 55
37 200 92
37 201 129
37 202 166
37 203 203
37 204 240
37 205 25
37 206 62
37 207 99
37 208 136
37 209 173
37 210 210
37 211 247
37 212 32
37 213 69
37 214 106
37 215 143
37 216 180
37 217 217
37 218 2
37 219 39
37 220 76
37 221 113
37 222 150
37 223 187
37 224 224
37 225 9
37 226 46
37 227 83
37 228 120
37 229 157
37 230 194
37 231 231
37 232 16
37 233 53
37 234 90
37 235 127
37 236 164
37 237 201
37 238 238
37 239 23
37 240 60
37 241 97
37 242 134
37 243 171
37 244 208
37 245 245
37 246 30
37 247 67
37 248 104
37 249 141
37 250 178
37 251 215
37 252 0
37 253 37
37 254 74
37 255 111
37 256 148
38 39 222
38 40 8
38 41 46
38 42 84
38 43 122
38 44 160
38 45 198
38 46 236
38 47 22
38 48 60
38 49 98
38 50 136
38 51 174
38 52 212
38 53 250
38 54 36
38 55 74
38 56 112
38 57 150
38 58 188
38 59 226
38 60 12
38 61 50
38 62 88
38 63 126
38 64 164
38 65 202
38 66 240
38 67 26
38 68 64
38 69 102
38 70 140
38 71 178
38 72 216
38 73 2
38 74 40
38 75 78
38 76 116
38 77 154
38 78 192
38 79 230
38 80 16
38 81 54
38 82 92
38 83 130
38 84 168
38 85 206
38 86 244
38 87 30
38 88 68
38 89 106
38 90 144
38 91 182
38 92 220
38 93 6
38 94 44
38 95 82
38 96 120
38 97 158
38 98 196
38 99 234
38 100 20
38 101 58
38 102 96
38 103 134
38 104 172
38 105 210
38 106 248
38 107 34
38 108 72
38 109 110
38 110 148
38 111 186
38 112 224
38 113 10
38 114 48
38 115 86
38 116 124
38 117 162
38 118 200
38 119 238
38 120 24
38 121 62
38 122 100
38 123 138
38 124 176
38 125 214
38 126 0
38 127 38
38 128 76
38 129 114
38 130 152
38 131 190
38 132 228
38 133 14
38 134 52
38 135 90
38 136 128
38 137 166
38 138 204
38 139 242
38 140 28
38 141 66
38 142 104
38 143 142
38 144 180
38 145 218
38 146 4
38 147 42
38 148 80
38 149 118
38 150 156
38 151 194
38 152 232
38 153 18
38 154 56
38 155 94
38 156 132
38 157 170
38 158 208
38 159 246
38 160 32
38 161 70
38 162 108
38 163 146
38 164 184
38 165 222
38 166 8
38 167 46
38 168 84
38 169 122
38 170 160
38 171 198
38 172 236
38 173 22
38 174 60
38 175 98
38 176 136
38 177 174
38 178 212
38 179 250
38 180 36
38 181 74
38 182 112
38 183 150
38 184 188
38 185 226
38 186 12
38 187 50
38 188 88
38 189 126
38 190 164
38 191 202
38 192 240
38 193 26
38 194 64
38 195 102
38 196 140
38 197 178
38 198 216
38 199 2
38 200 40
38 201 78
38 202 116
38 203 154
38 204 192
38 205 230
38 206 16
38 207 54
38 208 92
38 209 130
38 210 168
38 211 206
38 212 244
38 213 30
38 214 68
38 215 106
38 216 144
38 217 182
38 218 220
38 219 6
38 220 44
38 221 82
38 222 120
38 223 158
38 224 196
38 225 234
38 226 20
38 227 58
38 228 96
38 229 134
38 230 172
38 231 210
38 232 248
38 233 34
38 234 72
38 235 110
38 236 148
38 237 186
38 238 224
38 239 10
38 240 48
38 241 86
38 242 124
38 243 162
38 244 200
38 245 238
38 246 24
38 247 62
38 248 100
38 249 138
38 250 176
38 251 214
38 252 0
38 253 38
38 254 76
38 255 114
38 256 152
39 40 48
39 41 87
39 42 126
39 43 165
39 44 204
39 45 243
39 46 30
39 47 69
39 48 108
39 49 147
39 50 186
39 51 225
39 52 12
39 53 51
39 54 90
39 55 129
39 56 168
39 57 207
39 58 246
39 59 33
39 60 72
39 61 111
39 62 150
39 63 189
39 64 228
39 65 15
39 66 54
39 67 93
39 68 132
39 69 171
39 70 210
39 71 249
39 72 36
39 73 75
39 74 114
39 75 153
39 76 192
39 77 231
39 78 18
39 79 57
39 80 96
39 81 135
39 82 174
39 83 213
39 84 0
39 85 39
39 86 78
39 87 117
39 88 156
39 89 195
39 90 234
39 91 21
39 92 60
39 93 99
39 94 138
39 95 177
39 96 216
39 97 3
39 98 42
39 99 81
39 100 120
39 101 159
39 102 198
39 103 237
39 104 24
39 105 63
39 106 102
39 107 141
39 108 180
39 109 219
39 110 6
39 111 45
39 112 84
39 113 123
39 114 162
39 115 201
39 116 240
39 117 27
39 118 66
39 119 105
39 120 144
39 121 183
39 122 222
39 123 9
39 124 48
39 125 87
39 126 126
39 127 165
39 128 204
39 129 243
39 130 30
39 131 69
39 132 108
39 133 147
39 134 186
39 135 225
39 136 12
39 137 51
39 138 90
39 139 129
39 140 168
39 141 207
39 142 246
39 143 33
39 144 72
39 145 111
39 146 150
39 147 189
39 148 228
39 149 15
39 150 54
39 151 93
39 152 132
39 153 171
39 154 210
39 155 249
39 156 36
39 157 75
39 158 114
39 159 153
39 160 192
39 161 231
39 162 18
39 163 57
39 164 96
39 165 135
39 166 174
39 167 213
39 168 0
39 169 39
39 170 78
39 171 117
39 172 156
39 173 195
39 174 234
39 175 21
39 176 60
39 177 99
39 178 138
39 179 177
39 180 216
39 181 3
39 182 42
39 183 81
39 184 120
39 185 159
39 186 198
39 187 237
39 188 24
39 189 63
39 190 102
39 191 141
39 192 180
39 193 219
39 194 6
39 195 45
39 196 84
39 197 123
39 198 162
39 199 201
39 200 240
39 201 27
39 202 66
39 203 105
39 204 144
39 205 183
39 206 222
39 207 9
39 208 48
39 209 87
39 210 126
39 211 165
39 212 204
39 213 243
39 214 30
39 215 69
39 216 108
39 217 147
39 218 186
39 219 225
39 220 12
39 221 51
39 222 90
39 223 129
39 224 168
39 225 207
39 226 246
39 227 33
39 228 72
39 229 111
39 230 150
39 231 189
39 232 228
39 233 15
39 234 54
39 235 93
39 236 132
39 237 171
39 238 210
39 239 249
39 240 36
39 241 75
39 242 114
39 243 153
39 244 192
39 245 231
39 246 18
39 247 57
39 248 96
39 249 135
39 250 174
39 251 213
39 252 0
39 253 39
39 254 78
39 255 117
39 256 156
40 41 128
40 42 168
40 43 208
40 44 248
40 45 36
40 46 76
40 47 116
40 48 156
40 49 196
40 50 236
40 51 24
40 52 64
40 53 104
40 54 144
40 55 184
40 56 224
40 57 12
40 58 52
40 59 92
40 60 132
40 61 172
40 62 212
40 63 0
40 64 40
40 65 80
40 66 120
40 67 160
40 68 200
40 69 240
40 70 28
40 71 68
40 72 108
40 73 148
40 74 188
40 75 228
40 76 16
40 77 56
40 78 96
40 79 136
40 80 176
40 81 216
40 82 4
40 83 44
40 84 84
40 85 124
40 86 164
40 87 204
40 88 244
40 89 32
40 90 72
40 91 112
40 92 152
40 93 192
40 94 232
40 95 20
40 96 60
40 97 100
40 98 140
40 99 180
40 100 220
40 101 8
40 102 48
40 103 88
40 104 128
40 105 168
40 106 208
40 107 248
40 108 36
40 109 76
40 110 116
40 111 156
40 112 196
40 113 236
40 114 24
40 115 64
40 116 104
40 117 144
40 118 184
40 119 224
40 120 12
40 121 52
40 122 92
40 123 132
40 124 172
40 125 212
40 126 0
40 127 40
40 128 80
40 129 120
40 130 160
40 131 200
40 132 240
40 133 28
40 134 68
40 135 108
40 136 148
40 137 188
40 138 228
40 139 16
40 140 56
40 141 96
40 142 136
40 143 176
40 144 216
40 145 4
40 146 44
40 147 84
40 148 124
40 149 164
40 150 204
40 151 244
40 152 32
40 153 72
40 154 112
40 155 152
40 156 192
40 157 232
40 158 20
40 159 60
40 160 100
40 161 140
40 162 180
40 163 220
40 164 8
40 165 48
40 166 88
40 167 128
40 168 168
40 169 208
40 170 248
40 171 36
40 172 76
40 173 116
40 174 156
40 175 196
40 176 236
40 177 24
40 178 64
40 179 104
40 180 144
40 181 184
40 182 224
40 183 12
40 184 52
40 185 92
40 186 132
40 187 172
40 188 212
40 189 0
40 190 40
40 191 80
40 192 120
40 193 160
40 194 200
40 195 240
40 196 28
40 197 68
40 198 108
40 199 148
40 200 188
40 201 228
40 202 16
40 203 56
40 204 96
40 205 136
40 206 176
40 207 216
40 208 4
40 209 44
40 210 84
40 211 124
40 212 164
40 213 204
40 214 244
40 215 32
40 216 72
40 217 112
40 218 152
40 219 192
40 220 232
40 221 20
40 222 60
40 223 100
40 224 140
40 225 180
40 226 220
40 227 8
40 228 48
40 229 88
40 230 128
40 231 168
40 232 208
40 233 248
40 234 36
40 235 76
40 236 116
40 237 156
40 238 196
40 239 236
40 240 24
40 241 64
40 242 104
40 243 144
40 244 184
40 245 224
40 246 12
40 247 52
40 248 92
40 249 132
40 250 172
40 251 212
40 252 0
40 253 40
40 254 80
40 255 120
40 256 160
41 42 210
41 43 251
41 44 40
41 45 81
41 46 122
41 47 163
41 48 204
41 49 245
41 50 34
41 51 75
41 52 116
41 53 157
41 54 198
41 55 239
41 56 28
41 57 69
41 58 110
41 59 151
41 60 192
41 61 233
41 62 22
41 63 63
41 64 104
41 65 145
41 66 186
41 67 227
41 68 16
41 69 57
41 70 98
41 71 139
41 72 180
41 73 221
41 74 10
41 75 51
41 76 92
41 77 133
41 78 174
41 79 215
41 80 4
41 81 45
41 82 86
41 83 127
41 84 168
41 85 209
41 86 250
41 87 39
41 88 80
41 89 121
41 90 162
41 91 203
41 92 244
41 93 33
41 94 74
41 95 115
41 96 156
41 97 197
41 98 238
41 99 27
41 100 68
41 101 109
41 102 150
41 103 191
41 104 232
41 105 21
41 106 62
41 107 103
41 108 144
41 109 185
41 110 226
41 111 15
41 112 56
41 113 97
41 114 138
41 115 179
41 116 220
41 117 9
41 118 50
41 119 91
41 120 132
41 121 173
41 122 214
41 123 3
41 124 44
41 125 85
41 126 126
41 127 167
41 128 208
41 129 249
41 130 38
41 131 79
41 132 120
41 133 161
41 134 202
41 135 243
41 136 32
41 137 73
41 138 114
41 139 155
41 140 196
41 141 237
41 142 26
41 143 67
41 144 108
41 145 149
41 146 190
41 147 231
41 148 20
41 149 61
41 150 102
41 151 143
41 152 184
41 153 225
41 154 14
41 155 55
41 156 96
41 157 137
41 158 178
41 159 219
41 160 8
41 161 49
41 162 90
41 163 131
41 164 172
41 165 213
41 166 2
41 167 43
41 168 84
41 169 125
41 170 166
41 171 207
41 172 248
41 173 37
41 174 78
41 175 119
41 176 160
41 177 201
41 178 242
41 179 31
41 180 72
41 181 113
41 182 154
41 183 195
41 184 236
41 185 25
41 186 66
41 187 107
41 188 148
41 189 189
41 190 230
41 191 19
41 192 60
41 193 101
41 194 142
41 195 183
41 196 224
41 197 13
41 198 54
41 199 95
41 200 136
41 201 177
41 202 218
41 203 7
41 204 48
41 205 89
41 206 130
41 207 171
41 208 212
41 209 1
41 210 42
41 211 83
41 212 124
41 213 165
41 214 206
41 215 247
41 216 36
41 217 77
41 218 118
41 219 159
41 220 200
41 221 241
41 222 30
41 223 71
41 224 112
41 225 153
41 226 194
41 227 235
41 228 24
41 229 65
41 230 106
41 231 147
41 232 188
41 233 229
41 234 18
41 235 59
41 236 100
41 237 141
41 238 182
41 239 223
41 240 12
41 241 53
41 242 94
41 243 135
41 244 176
41 245 217
41 246 6
41 247 47
41 248 88
41 249 129
41 250 170
41 251 211
41 252 0
41 253 41
41 254 82
41 255 123
41 256 164
42 43 42
42 44 84
42 45 126
42 46 168
42 47 210
42 48 0
42 49 42
42 50 84
42 51 126
42 52 168
42 53 210
42 54 0
42 55 42
42 56 84
42 57 126
42 58 168
42 59 210
42 60 0
42 61 42
42 62 84
42 63 126
42 64 168
42 65 210
42 66 0
42 67 42
42 68 84
42 69 126
42 70 168
42 71 210
42 72 0
42 73 42
42 74 84
42 75 126
42 76 168
42 77 210
42 78 0
42 79 42
42 80 84
42 81 126
42 82 168
42 83 210
42 84 0
42 85 42
42 86 84
42 87 126
42 88 168
42 89 210
42 90 0
42 91 42
42 92 84
42 93 126
42 94 168
42 95 210
42 96 0
42 97 42
42 98 84
42 99 126
42 100 168
42 101 210
42 102 0
42 103 42
42 104 84
42 105 126
42 106 168
42 107 210
42 108 0
42 109 42
42 110 84
42 111 126
42 112 168
42 113 210
42 114 0
42 115 42
42 116 84
42 117 126
42 118 168
42 119 210
42 120 0
42 121 42
42 122 84
42 123 126
42 124 168
42 125 210
42 126 0
42 127 42
42 128 84
42 129 126
42 130 168
42 131 210
42 132 0
42 133 42
42 134 84
42 135 126
42 136 168
42 137 210
42 138 0
42 139 42
42 140 84
42 141 126
42 142 168
42 143 210
42 144 0
42 145 42
42 146 84
42 147 126
42 148 168
42 149 210
42 150 0
42 151 42
42 152 84
42 153 126
42 154 168
42 155 210
42 156 0
42 157 42
42 158 84
42 159 126
42 160 168
42 161 210
42 162 0
42 163 42
42 164 84
42 165 126
42 166 168
42 167 210
42 168 0
42 169 42
42 170 84
42 171 126
42 172 168
42 173 210
42 174 0
42 175 42
42 176 84
42 177 126
42 178 168
42 179 210
42 180 0
42 181 42
42 182 84
42 183 126
42 184 168
42 185 210
42 186 0
42 187 42
42 188 84
42 189 126
42 190 168
42 191 210
42 192 0
42 193 42
42 194 84
42 195 126
42 196 168
42 197 210
42 198 0
42 199 42
42 200 84
42 201 126
42 202 168
42 203 210
42 204 0
42 205 42
42 206 84
42 207 126
42 208 168
42 209 210
42 210 0
42 211 42
42 212 84
42 213 126
42 214 168
42 215 210
42 216 0
42 217 42
42 218 84
42 219 126
42 220 168
42 221 210
42 222 0
42 223 42
42 224 84
42 225 126
42 226 168
42 227 210
42 228 0
42 229 42
42 230 84
42 231 126
42 232 168
42 233 210
42 234 0
42 235 42
42 236 84
42 237 126
42 238 168
42 239 210
42 240 0
42 241 42
42 242 84
42 243 126
42 244 168
42 245 210
42 246 0
42 247 42
42 248 84
42 249 126
42 250 168
42 251 210
42 252 0
42 253 42
42 254 84
42 255 126
42 256 168
43 44 128
43 45 171
43 46 214
43 47 5
43 48 48
43 49 91
43 50 134
43 51 177
43 52 220
43 53 11
43 54 54
43 55 97
43 56 140
43 57 183
43 58 226
43 59 17
43 60 60
43 61 103
43 62 146
43 63 189
43 64 232
43 65 23
43 66 66
43 67 109
43 68 152
43 69 195
43 70 238
43 71 29
43 72 72
43 73 115
43 74 158
43 75 201
43 76 244
43 77 35
43 78 78
43 79 121
43 80 164
43 81 207
43 82 250
43 83 41
43 84 84
43 85 127
43 86 170
43 87 213
43 88 4
43 89 47
43 90 90
43 91 133
43 92 176
43 93 219
43 94 10
43 95 53
43 96 96
43 97 139
43 98 182
43 99 225
43 100 16
43 101 59
43 102 102
43 103 145
43 104 188
43 105 231
43 106 22
43 107 65
43 108 108
43 109 151
43 110 194
43 111 237
43 112 28
43 113 71
43 114 114
43 115 157
43 116 200
43 117 243
43 118 34
43 119 77
43 120 120
43 121 163
43 122 206
43 123 249
43 124 40
43 125 83
43 126 126
43 127 169
43 128 212
43 129 3
43 130 46
43 131 89
43 132 132
43 133 175
43 134 218
43 135 9
43 136 52
43 137 95
43 138 138
43 139 181
43 140 224
43 141 15
43 142 58
43 143 101
43 144 144
43 145 187
43 146 230
43 147 21
43 148 64
43 149 107
43 150 150
43 151 193
43 152 236
43 153 27
43 154 70
43 155 113
43 156 156
43 157 199
43 158 242
43 159 33
43 160 76
43 161 119
43 162 162
43 163 205
43 164 248
43 165 39
43 166 82
43 167 125
43 168 168
43 169 211
43 170 2
43 171 45
43 172 88
43 173 131
43 174 174
43 175 217
43 176 8
43 177 51
43 178 94
43 179 137
43 180 180
43 181 223
43 182 14
43 183 57
43 184 100
43 185 143
43 186 186
43 187 229
43 188 20
43 189 63
43 190 106
43 191 149
43 192 192
43 193 235
43 194 26
43 195 69
43 196 112
43 197 155
43 198 198
43 199 241
43 200 32
43 201 75
43 202 118
43 203 161
43 204 204
43 205 247
43 206 38
43 207 81
43 208 124
43 209 167
43 210 210
43 211 1
43 212 44
43 213 87
43 214 130
43 215 173
43 216 216
43 217 7
43 218 50
43 219 93
43 220 136
43 221 179
43 222 222
43 223 13
43 224 56
43 225 99
43 226 142
43 227 185
43 228 228
43 229 19
43 230 62
43 231 105
43 232 148
43 233 191
43 234 234
43 235 25
43 236 68
43 237 111
43 238 154
43 239 197
43 240 240
43 241 31
43 242 74
43 243 117
43 244 160
43 245 203
43 246 246
43 247 37
43 248 80
43 249 123
43 250 166
43 251 209
43 252 0
43 253 43
43 254 86
43 255 129
43 256 172
44 45 216
44 46 8
44 47 52
44 48 96
44 49 140
44 50 184
44 51 228
44 52 20
44 53 64
44 54 108
44 55 152
44 56 196
44 57 240
44 58 32
44 59 76
44 60 120
44 61 164
44 62 208
44 63 0
44 64 44
44 65 88
44 66 132
44 67 176
44 68 220
44 69 12
44 70 56
44 71 100
44 72 144
44 73 188
44 74 232
44 75 24
44 76 68
44 77 112
44 78 156
44 79 200
44 80 244
44 81 36
44 82 80
44 83 124
44 84 168
44 85 212
44 86 4
44 87 48
44 88 92
44 89 136
44 90 180
44 91 224
44 92 16
44 93 60
44 94 104
44 95 148
44 96 192
44 97 236
44 98 28
44 99 72
44 100 116
44 101 160
44 102 204
44 103 248
44 104 40
44 105 84
44 106 128
44 107 172
44 108 216
44 109 8
44 110 52
44 111 96
44 112 140
44 113 184
44 114 228
44 115 20
44 116 64
44 117 108
44 118 152
44 119 196
44 120 240
44 121 32
44 122 76
44 123 120
44 124 164
44 125 208
44 126 0
44 127 44
44 128 88
44 129 132
44 130 176
44 131 220
44 132 12
44 133 56
44 134 100
44 135 144
44 136 188
44 137 232
44 138 24
44 139 68
44 140 112
44 141 156
44 142 200
44 143 244
44 144 36
44 145 80
44 146 124
44 147 168
44 148 212
44 149 4
44 150 48
44 151 92
44 152 136
44 153 180
44 154 224
44 155 16
44 156 60
44 157 104
44 158 148
44 159 192
44 160 236
44 161 28
44 162 72
44 163 116
44 164 160
44 165 204
44 166 248
44 167 40
44 168 84
44 169 128
44 170 172
44 171 216
44 172 8
44 173 52
44 174 96
44 175 140
44 176 184
44 177 228
44 178 20
44 179 64
44 180 108
44 181 152
44 182 196
44 183 240
44 184 32
44 185 76
44 186 120
44 187 164
44 188 208
44 189 0
44 190 44
44 191 88
44 192 132
44 193 176
44 194 220
44 195 12
44 196 56
44 197 100
44 198 144
44 199 188
44 200 232
44 201 24
44 202 68
44 203 112
44 204 156
44 205 200
44 206 244
44 207 36
44 208 80
44 209 124
44 210 168
44 211 212
44 212 4
44 213 48
44 214 92
44 215 136
44 216 180
44 217 224
44 218 16
44 219 60
44 220 104
44 221 148
44 222 192
44 223 236
44 224 28
44 225 72
44 226 116
44 227 160
44 228 204
44 229 248
44 230 40
44 231 84
44 232 128
44 233 172
44 234 216
44 235 8
44 236 52
44 237 96
44 238 140
44 239 184
44 240 228
44 241 20
44 242 64
44 243 108
44 244 152
44 245 196
44 246 240
44 247 32
44 248 76
44 249 120
44 250 164
44 251 208
44 252 0
44 253 44
44 254 88
44 255 132
44 256 176
45 46 54
45 47 99
45 48 144
45 49 189
45 50 234
45 51 27
45 52 72
45 53 117
45 54 162
45 55 207
45 56 0
45 57 45
45 58 90
45 59 135
45 60 180
45 61 225
45 62 18
45 63 63
45 64 108
45 65 153
45 66 198
45 67 243
45 68 36
45 69 81
45 70 126
45 71 171
45 72 216
45 73 9
45 74 54
45 75 99
45 76 144
45 77 189
45 78 234
45 79 27
45 80 72
45 81 117
45 82 162
45 83 207
45 84 0
45 85 45
45 86 90
45 87 135
45 88 180
45 89 225
45 90 18
45 91 63
45 92 108
45 93 153
45 94 198
45 95 243
45 96 36
45 97 81
45 98 126
45 99 171
45 100 216
45 101 9
45 102 54
45 103 99
45 104 144
45 105 189
45 106 234
45 107 27
45 108 72
45 109 117
45 110 162
45 111 207
45 112 0
45 113 45
45 114 90
45 115 135
45 116 180
45 117 225
45 118 18
45 119 63
45 120 108
45 121 153
45 122 198
45 123 243
45 124 36
45 125 81
45 126 126
45 127 171
45 128 216
45 129 9
45 130 54
45 131 99
45 132 144
45 133 189
45 134 234
45 135 27
45 136 72
45 137 117
45 138 162
45 139 207
45 140 0
45 141 45
45 142 90
45 143 135
45 144 180
45 145 225
45 146 18
45 147 63
45 148 108
45 149 153
45 150 198
45 151 243
45 152 36
45 153 81
45 154 126
45 155 171
45 156 216
45 157 9
45 158 54
45 159 99
45 160 144
45 161 189
45 162 234
45 163 27
45 164 72
45 165 117
45 166 162
45 167 207
45 168 0
45 169 45
45 170 90
45 171 135
45 172 180
45 173 225
45 174 18
45 175 63
45 176 108
45 177 153
45 178 198
45 179 243
45 180 36
45 181 81
45 182 126
45 183 171
45 184 216
45 185 9
45 186 54
45 187 99
45 188 144
45 189 189
45 190 234
45 191 27
45 192 72
45 193 117
45 194 162
45 195 207
45 196 0
45 197 45
45 198 90
45 199 135
45 200 180
45 201 225
45 202 18
45 203 63
45 204 108
45 205 153
45 206 198
45 207 243
45 208 36
45 209 81
45 210 126
45 211 171
45 212 216
45 213 9
45 214 54
45 215 99
45 216 144
45 217 189
45 218 234
45 219 27
45 220 72
45 221 117
45 222 162
45 223 207
45 224 0
45 225 45
45 226 90
45 227 135
45 228 180
45 229 225
45 230 18
45 231 63
45 232 108
45 233 153
45 234 198
45 235 243
45 236 36
45 237 81
45 238 126
45 239 171
45 240 216
45 241 9
45 242 54
45 243 99
45 244 144
45 245 189
45 246 234
45 247 27
45 248 72
45 249 117
45 250 162
45 251 207
45 252 0
45 253 45
45 254 90
45 255 135
45 256 180
46 47 146
46 48 192
46 49 238
46 50 32
46 51 78
46 52 124
46 53 170
46 54 216
46 55 10
46 56 56
46 57 102
46 58 148
46 59 194
46 60 240
46 61 34
46 62 80
46 63 126
46 64 172
46 65 218
46 66 12
46 67 58
46 68 104
46 69 150
46 70 196
46 71 242
46 72 36
46 73 82
46 74 128
46 75 174
46 76 220
46 77 14
46 78 60
46 79 106
46 80 152
46 81 198
46 82 244
46 83 38
46 84 84
46 85 130
46 86 176
46 87 222
46 88 16
46 89 62
46 90 108
46 91 154
46 92 200
46 93 246
46 94 40
46 95 86
46 96 132
46 97 178
46 98 224
46 99 18
46 100 64
46 101 110
46 102 156
46 103 202
46 104 248
46 105 42
46 106 88
46 107 134
46 108 180
46 109 226
46 110 20
46 111 66
46 112 112
46 113 158
46 114 204
46 115 250
46 116 44
46 117 90
46 118 136
46 119 182
46 120 228
46 121 22
46 122 68
46 123 114
46 124 160
46 125 206
46 126 0
46 127 46
46 128 92
46 129 138
46 130 184
46 131 230
46 132 24
46 133 70
46 134 116
46 135 162
46 136 208
46 137 2
46 138 48
46 139 94
46 140 140
46 141 186
46 142 232
46 143 26
46 144 72
46 145 118
46 146 164
46 147 210
46 148 4
46 149 50
46 150 96
46 151 142
46 152 188
46 153 234
46 154 28
46 155 74
46 156 120
46 157 166
46 158 212
46 159 6
46 160 52
46 161 98
46 162 144
46 163 190
46 164 236
46 165 30
46 166 76
46 167 122
46 168 168
46 169 214
46 170 8
46 171 54
46 172 100
46 173 146
46 174 192
46 175 238
46 176 32
46 177 78
46 178 124
46 179 170
46 180 216
46 181 10
46 182 56
46 183 102
46 184 148
46 185 194
46 186 240
46 187 34
46 188 80
46 189 126
46 190 172
46 191 218
46 192 12
46 193 58
46 194 104
46 195 150
46 196 196
46 197 242
46 198 36
46 199 82
46 200 128
46 201 174
46 202 220
46 203 14
46 204 60
46 205 106
46 206 152
46 207 198
46 208 244
46 209 38
46 210 84
46 211 130
46 212 176
46 213 222
46 214 16
46 215 62
46 216 108
46 217 154
46 218 200
46 219 246
46 220 40
46 221 86
46 222 132
46 223 178
46 224 224
46 225 18
46 226 64
46 227 110
46 228 156
46 229 202
46 230 248
46 231 42
46 232 88
46 233 134
46 234 180
46 235 226
46 236 20
46 237 66
46 238 112
46 239 158
46 240 204
46 241 250
46 242 44
46 243 90
46 244 136
46 245 182
46 246 228
46 247 22
46 248 68
46 249 114
46 250 160
46 251 206
46 252 0
46 253 46
46 254 92
46 255 138
46 256 184
47 48 240
47 49 35
47 50 82
47 51 129
47 52 176
47 53 223
47 54 18
47 55 65
47 56 112
47 57 159
47 58 206
47 59 1
47 60 48
47 61 95
47 62 142
47 63 189
47 64 236
47 65 31
47 66 78
47 67 125
47 68 172
47 69 219
47 70 14
47 71 61
47 72 108
47 73 155
47 74 202
47 75 249
47 76 44
47 77 91
47 78 138
47 79 185
47 80 232
47 81 27
47 82 74
47 83 121
47 84 168
47 85 215
47 86 10
47 87 57
47 88 104
47 89 151
47 90 198
47 91 245
47 92 40
47 93 87
47 94 134
47 95 181
47 96 228
47 97 23
47 98 70
47 99 117
47 100 164
47 101 211
47 102 6
47 103 53
47 104 100
47 105 147
47 106 194
47 107 241
47 108 36
47 109 83
47 110 130
47 111 177
47 112 224
47 113 19
47 114 66
47 115 113
47 116 160
47 117 207
47 118 2
47 119 49
47 120 96
47 121 143
47 122 190
47 123 237
47 124 32
47 125 79
47 126 126
47 127 173
47 128 220
47 129 15
47 130 62
47 131 109
47 132 156
47 133 203
47 134 250
47 135 45
47 136 92
47 137 139
47 138 186
47 139 233
47 140 28
47 141 75
47 142 122
47 143 169
47 144 216
47 145 11
47 146 58
47 147 105
47 148 152
47 149 199
47 150 246
47 151 41
47 152 88
47 153 135
47 154 182
47 155 229
47 156 24
47 157 71
47 158 118
47 159 165
47 160 212
47 161 7
47 162 54
47 163 101
47 164 148
47 165 195
47 166 242
47 167 37
47 168 84
47 169 131
47 170 178
47 171 225
47 172 20
47 173 67
47 174 114
47 175 161
47 176 208
47 177 3
47 178 50
47 179 97
47 180 144
47 181 191
47 182 238
47 183 33
47 184 80
47 185 127
47 186 174
47 187 221
47 188 16
47 189 63
47 190 110
47 191 157
47 192 204
47 193 251
47 194 46
47 195 93
47 196 140
47 197 187
47 198 234
47 199 29
47 200 76
47 201 123
47 202 170
47 203 217
47 204 12
47 205 59
47 206 106
47 207 153
47 208 200
47 209 247
47 210 42
47 211 89
47 212 136
47 213 183
47 214 230
47 215 25
47 216 72
47 217 119
47 218 166
47 219 213
47 220 8
47 221 55
47 222 102
47 223 149
47 224 196
47 225 243
47 226 38
47 227 85
47 228 132
47 229 179
47 230 226
47 231 21
47 232 68
47 233 115
47 234 162
47 235 209
47 236 4
47 237 51
47 238 98
47 239 145
47 240 192
47 241 239
47 242 34
47 243 81
47 244 128
47 245 175
47 246 222
47 247 17
47 248 64
47 249 111
47 250 158
47 251 205
47 252 0
47 253 47
47 254 94
47 255 141
47 256 188
48 49 84
48 50 132
48 51 180
48 52 228
48 53 24
48 54 72
48 55 120
48 56 168
48 57 216
48 58 12
48 59 60
48 60 108
48 61 156
48 62 204
48 63 0
48 64 48
48 65 96
48 66 144
48 67 192
48 68 240
48 69 36
48 70 84
48 71 132
48 72 180
48 73 228
48 74 24
48 75 72
48 76 120
48 77 168
48 78 216
48 79 12
48 80 60
48 81 108
48 82 156
48 83 204
48 84 0
48 85 48
48 86 96
48 87 144
48 88 192
48 89 240
48 90 36
48 91 84
48 92 132
48 93 180
48 94 228
48 95 24
48 96 72
48 97 120
48 98 168
48 99 216
48 100 12
48 101 60
48 102 108
48 103 156
48 104 204
48 105 0
48 106 48
48 107 96
48 108 144
48 109 192
48 110 240
48 111 36
48 112 84
48 113 132
48 114 180
48 115 228
48 116 24
48 117 72
48 118 120
48 119 168
48 120 216
48 121 12
48 122 60
48 123 108
48 124 156
48 125 204
48 126 0
48 127 48
48 128 96
48 129 144
48 130 192
48 131 240
48 132 36
48 133 84
48 134 132
48 135 180
48 136 228
48 137 24
48 138 72
48 139 120
48 140 168
48 141 216
48 142 12
48 143 60
48 144 108
48 145 156
48 146 204
48 147 0
48 148 48
48 149 96
48 150 144
48 151 192
48 152 240
48 153 36
48 154 84
48 155 132
48 156 180
48 157 228
48 158 24
48 159 72
48 160 120
48 161 168
48 162 216
48 163 12
48 164 60
48 165 108
48 166 156
48 167 204
48 168 0
48 169 48
48 170 96
48 171 144
48 172 192
48 173 240
48 174 36
48 175 84
48 176 132
48 177 180
48 178 228
48 179 24
48 180 72
48 181 120
48 182 168
48 183 216
48 184 12
48 185 60
48 186 108
48 187 156
48 188 204
48 189 0
48 190 48
48 191 96
48 192 144
48 193 192
48 194 240
48 195 36
48 196 84
48 197 132
48 198 180
48 199 228
48 200 24
48 201 72
48 202 120
48 203 168
48 204 216
48 205 12
48 206 60
48 207 108
48 208 156
48 209 204
48 210 0
48 211 48
48 212 96
48 213 144
48 214 192
48 215 240
48 216 36
48 217 84
48 218 132
48 219 180
48 220 228
48 221 24
48 222 72
48 223 120
48 224 168
48 225 216
48 226 12
48 227 60
48 228 108
48 229 156
48 230 204
48 231 0
48 232 48
48 233 96
48 234 144
48 235 192
48 236 240
48 237 36
48 238 84
48 239 132
48 240 180
48 241 228
48 242 24
48 243 72
48 244 120
48 245 168
48 246 216
48 247 12
48 248 60
48 249 108
48 250 156
48 251 204
48 252 0
48 253 48
48 254 96
48 255 144
48 256 192
49 50 182
49 51 231
49 52 28
49 53 77
49 54 126
49 55 175
49 56 224
49 57 21
49 58 70
49 59 119
49 60 168
49 61 217
49 62 14
49 63 63
49 64 112
49 65 161
49 66 210
49 67 7
49 68 56
49 69 105
49 70 154
49 71 203
49 72 0
49 73 49
49 74 98
49 75 147
49 76 196
49 77 245
49 78 42
49 79 91
49 80 140
49 81 189
49 82 238
49 83 35
49 84 84
49 85 133
49 86 182
49 87 231
49 88 28
49 89 77
49 90 126
49 91 175
49 92 224
49 93 21
49 94 70
49 95 119
49 96 168
49 97 217
49 98 14
49 99 63
49 100 112
49 101 161
49 102 210
49 103 7
49 104 56
49 105 105
49 106 154
49 107 203
49 108 0
49 109 49
49 110 98
49 111 147
49 112 196
49 113 245
49 114 42
49 115 91
49 116 140
49 117 189
49 118 238
49 119 35
49 120 84
49 121 133
49 122 182
49 123 231
49 124 28
49 125 77
49 126 126
49 127 175
49 128 224
49 129 21
49 130 70
49 131 119
49 132 168
49 133 217
49 134 14
49 135 63
49 136 112
49 137 161
49 138 210
49 139 7
49 140 56
49 141 105
49 142 154
49 143 203
49 144 0
49 145 49
49 146 98
49 147 147
49 148 196
49 149 245
49 150 42
49 151 91
49 152 140
49 153 189
49 154 238
49 155 35
49 156 84
49 157 133
49 158 182
49 159 231
49 160 28
49 161 77
49 162 126
49 163 175
49 164 224
49 165 21
49 166 70
49 167 119
49 168 168
49 169 217
49 170 14
49 171 63
49 172 112
49 173 161
49 174 210
49 175 7
49 176 56
49 177 105
49 178 154
49 179 203
49 180 0
49 181 49
49 182 98
49 183 147
49 184 196
49 185 245
49 186 42
49 187 91
49 188 140
49 189 189
49 190 238
49 191 35
49 192 84
49 193 133
49 194 182
49 195 231
49 196 28
49 197 77
49 198 126
49 199 175
49 200 224
49 201 21
49 202 70
49 203 119
49 204 168
49 205 217
49 206 14
49 207 63
49 208 112
49 209 161
49 210 210
49 211 7
49 212 56
49 213 105
49 214 154
49 215 203
49 216 0
49 217 49
49 218 98
49 219 147
49 220 196
49 221 245
49 222 42
49 223 91
49 224 140
49 225 189
49 226 238
49 227 35
49 228 84
49 229 133
49 230 182
49 231 231
49 232 28
49 233 77
49 234 126
49 235 175
49 236 224
49 237 21
49 238 70
49 239 119
49 240 168
49 241 217
49 242 14
49 243 63
49 244 112
49 245 161
49 246 210
49 247 7
49 248 56
49 249 105
49 250 154
49 251 203
49 252 0
49 253 49
49 254 98
49 255 147
49 256 196
50 51 30
50 52 80
50 53 130
50 54 180
50 55 230
50 56 28
50 57 78
50 58 128
50 59 178
50 60 228
50 61 26
50 62 76
50 63 126
50 64 176
50 65 226
50 66 24
50 67 74
50 68 124
50 69 174
50 70 224
50 71 22
50 72 72
50 73 122
50 74 172
50 75 222
50 76 20
50 77 70
50 78 120
50 79 170
50 80 220
50 81 18
50 82 68
50 83 118
50 84 168
50 85 218
50 86 16
50 87 66
50 88 116
50 89 166
50 90 216
50 91 14
50 92 64
50 93 114
50 94 164
50 95 214
50 96 12
50 97 62
50 98 112
50 99 162
50 100 212
50 101 10
50 102 60
50 103 110
50 104 160
50 105 210
50 106 8
50 107 58
50 108 108
50 109 158
50 110 208
50 111 6
50 112 56
50 113 106
50 114 156
50 115 206
50 116 4
50 117 54
50 118 104
50 119 154
50 120 204
50 121 2
50 122 52
50 123 102
50 124 152
50 125 202
50 126 0
50 127 50
50 128 100
50 129 150
50 130 200
50 131 250
50 132 48
50 133 98
50 134 148
50 135 198
50 136 248
50 137 46
50 138 96
50 139 146
50 140 196
50 141 246
50 142 44
50 143 94
50 144 144
50 145 194
50 146 244
50 147 42
50 148 92
50 149 142
50 150 192
50 151 242
50 152 40
50 153 90
50 154 140
50 155 190
50 156 240
50 157 38
50 158 88
50 159 138
50 160 188
50 161 238
50 162 36
50 163 86
50 164 136
50 165 186
50 166 236
50 167 34
50 168 84
50 169 134
50 170 184
50 171 234
50 172 32
50 173 82
50 174 132
50 175 182
50 176 232
50 177 30
50 178 80
50 179 130
50 180 180
50 181 230
50 182 28
50 183 78
50 184 128
50 185 178
50 186 228
50 187 26
50 188 76
50 189 126
50 190 176
50 191 226
50 192 24
50 193 74
50 194 124
50 195 174
50 196 224
50 197 22
50 198 72
50 199 122
50 200 172
50 201 222
50 202 20
50 203 70
50 204 120
50 205 170
50 206 220
50 207 18
50 208 68
50 209 118
50 210 168
50 211 218
50 212 16
50 213 66
50 214 116
50 215 166
50 216 216
50 217 14
50 218 64
50 219 114
50 220 164
50 221 214
50 222 12
50 223 62
50 224 112
50 225 162
50 226 212
50 227 10
50 228 60
50 229 110
50 230 160
50 231 210
50 232 8
50 233 58
50 234 108
50 235 158
50 236 208
50 237 6
50 238 56
50 239 106
50 240 156
50 241 206
50 242 4
50 243 54
50 244 104
50 245 154
50 246 204
50 247 2
50 248 52
50 249 102
50 250 152
50 251 202
50 252 0
50 253 50
50 254 100
50 255 150
50 256 200
51 52 132
51 53 183
51 54 234
51 55 33
51 56 84
51 57 135
51 58 186
51 59 237
51 60 36
51 61 87
51 62 138
51 63 189
51 64 240
51 65 39
51 66 90
51 67 141
51 68 192
51 69 243
51 70 42
51 71 93
51 72 144
51 73 195
51 74 246
51 75 45
51 76 96
51 77 147
51 78 198
51 79 249
51 80 48
51 81 99
51 82 150
51 83 201
51 84 0
51 85 51
51 86 102
51 87 153
51 88 204
51 89 3
51 90 54
51 91 105
51 92 156
51 93 207
51 94 6
51 95 57
51 96 108
51 97 159
51 98 210
51 99 9
51 100 60
51 101 111
51 102 162
51 103 213
51 104 12
51 105 63
51 106 114
51 107 165
51 108 216
51 109 15
51 110 66
51 111 117
51 112 168
51 113 219
51 114 18
51 115 69
51 116 120
51 117 171
51 118 222
51 119 21
51 120 72
51 121 123
51 122 174
51 123 225
51 124 24
51 125 75
51 126 126
51 127 177
51 128 228
51 129 27
51 130 78
51 131 129
51 132 180
51 133 231
51 134 30
51 135 81
51 136 132
51 137 183
51 138 234
51 139 33
51 140 84
51 141 135
51 142 186
51 143 237
51 144 36
51 145 87
51 146 138
51 147 189
51 148 240
51 149 39
51 150 90
51 151 141
51 152 192
51 153 243
51 154 42
51 155 93
51 156 144
51 157 195
51 158 246
51 159 45
51 160 96
51 161 147
51 162 198
51 163 249
51 164 48
51 165 99
51 166 150
51 167 201
51 168 0
51 169 51
51 170 102
51 171 153
51 172 204
51 173 3
51 174 54
51 175 105
51 176 156
51 177 207
51 178 6
51 179 57
51 180 108
51 181 159
51 182 210
51 183 9
51 184 60
51 185 111
51 186 162
51 187 213
51 188 12
51 189 63
51 190 114
51 191 165
51 192 216
51 193 15
51 194 66
51 195 117
51 196 168
51 197 219
51 198 18
51 199 69
51 200 120
51 201 171
51 202 222
51 203 21
51 204 72
51 205 123
51 206 174
51 207 225
51 208 24
51 209 75
51 210 126
51 211 177
51 212 228
51 213 27
51 214 78
51 215 129
51 216 180
51 217 231
51 218 30
51 219 81
51 220 132
51 221 183
51 222 234
51 223 33
51 224 84
51 225 135
51 226 186
51 227 237
51 228 36
51 229 87
51 230 138
51 231 189
51 232 240
51 233 39
51 234 90
51 235 141
51 236 192
51 237 243
51 238 42
51 239 93
51 240 144
51 241 195
51 242 246
51 243 45
51 244 96
51 245 147
51 246 198
51 247 249
51 248 48
51 249 99
51 250 150
51 251 201
51 252 0
51 253 51
51 254 102
51 255 153
51 256 204
52 53 236
52 54 36
52 55 88
52 56 140
52 57 192
52 58 244
52 59 44
52 60 96
52 61 148
52 62 200
52 63 0
52 64 52
52 65 104
52 66 156
52 67 208
52 68 8
52 69 60
52 70 112
52 71 164
52 72 216
52 73 16
52 74 68
52 75 120
52 76 172
52 77 224
52 78 24
52 79 76
52 80 128
52 81 180
52 82 232
52 83 32
52 84 84
52 85 136
52 86 188
52 87 240
52 88 40
52 89 92
52 90 144
52 91 196
52 92 248
52 93 48
52 94 100
52 95 152
52 96 204
52 97 4
52 98 56
52 99 108
52 100 160
52 101 212
52 102 12
52 103 64
52 104 116
52 105 168
52 106 220
52 107 20
52 108 72
52 109 124
52 110 176
52 111 228
52 112 28
52 113 80
52 114 132
52 115 184
52 116 236
52 117 36
52 118 88
52 119 140
52 120 192
52 121 244
52 122 44
52 123 96
52 124 148
52 125 200
52 126 0
52 127 52
52 128 104
52 129 156
52 130 208
52 131 8
52 132 60
52 133 112
52 134 164
52 135 216
52 136 16
52 137 68
52 138 120
52 139 172
52 140 224
52 141 24
52 142 76
52 143 128
52 144 180
52 145 232
52 146 32
52 147 84
52 148 136
52 149 188
52 150 240
52 151 40
52 152 92
52 153 144
52 154 196
52 155 248
52 156 48
52 157 100
52 158 152
52 159 204
52 160 4
52 161 56
52 162 108
52 163 160
52 164 212
52 165 12
52 166 64
52 167 116
52 168 168
52 169 220
52 170 20
52 171 72
52 172 124
52 173 176
52 174 228
52 175 28
52 176 80
52 177 132
52 178 184
52 179 236
52 180 36
52 181 88
52 182 140
52 183 192
52 184 244
52 185 44
52 186 96
52 187 148
52 188 200
52 189 0
52 190 52
52 191 104
52 192 156
52 193 208
52 194 8
52 195 60
52 196 112
52 197 164
52 198 216
52 199 16
52 200 68
52 201 120
52 202 172
52 203 224
52 204 24
52 205 76
52 206 128
52 207 180
52 208 232
52 209 32
52 210 84
52 211 136
52 212 188
52 213 240
52 214 40
52 215 92
52 216 144
52 217 196
52 218 248
52 219 48
52 220 100
52 221 152
52 222 204
52 223 4
52 224 56
52 225 108
52 226 160
52 227 212
52 228 12
52 229 64
52 230 116
52 231 168
52 232 220
52 233 20
52 234 72
52 235 124
52 236 176
52 237 228
52 238 28
52 239 80
52 240 132
52 241 184
52 242 236
52 243 36
52 244 88
52 245 140
52 246 192
52 247 244
52 248 44
52 249 96
52 250 148
52 251 200
52 252 0
52 253 52
52 254 104
52 255 156
52 256 208
53 54 90
53 55 143
53 56 196
53 57 249
53 58 50
53 59 103
53 60 156
53 61 209
53 62 10
53 63 63
53 64 116
53 65 169
53 66 222
53 67 23
53 68 76
53 69 129
53 70 182
53 71 235
53 72 36
53 73 89
53 74 142
53 75 195
53 76 248
53 77 49
53 78 102
53 79 155
53 80 208
53 81 9
53 82 62
53 83 115
53 84 168
53 85 221
53 86 22
53 87 75
53 88 128
53 89 181
53 90 234
53 91 35
53 92 88
53 93 141
53 94 194
53 95 247
53 96 48
53 97 101
53 98 154
53 99 207
53 100 8
53 101 61
53 102 114
53 103 167
53 104 220
53 105 21
53 106 74
53 107 127
53 108 180
53 109 233
53 110 34
53 111 87
53 112 140
53 113 193
53 114 246
53 115 47
53 116 100
53 117 153
53 118 206
53 119 7
53 120 60
53 121 113
53 122 166
53 123 219
53 124 20
53 125 73
53 126 126
53 127 179
53 128 232
53 129 33
53 130 86
53 131 139
53 132 192
53 133 245
53 134 46
53 135 99
53 136 152
53 137 205
53 138 6
53 139 59
53 140 112
53 141 165
53 142 218
53 143 19
53 144 72
53 145 125
53 146 178
53 147 231
53 148 32
53 149 85
53 150 138
53 151 191
53 152 244
53 153 45
53 154 98
53 155 151
53 156 204
53 157 5
53 158 58
53 159 111
53 160 164
53 161 217
53 162 18
53 163 71
53 164 124
53 165 177
53 166 230
53 167 31
53 168 84
53 169 137
53 170 190
53 171 243
53 172 44
53 173 97
53 174 150
53 175 203
53 176 4
53 177 57
53 178 110
53 179 163
53 180 216
53 181 17
53 182 70
53 183 123
53 184 176
53 185 229
53 186 30
53 187 83
53 188 136
53 189 189
53 190 242
53 191 43
53 192 96
53 193 149
53 194 202
53 195 3
53 196 56
53 197 109
53 198 162
53 199 215
53 200 16
53 201 69
53 202 122
53 203 175
53 204 228
53 205 29
53 206 82
53 207 135
53 208 188
53 209 241
53 210 42
53 211 95
53 212 148
53 213 201
53 214 2
53 215 55
53 216 108
53 217 161
53 218 214
53 219 15
53 220 68
53 221 121
53 222 174
53 223 227
53 224 28
53 225 81
53 226 134
53 227 187
53 228 240
53 229 41
53 230 94
53 231 147
53 232 200
53 233 1
53 234 54
53 235 107
53 236 160
53 237 213
53 238 14
53 239 67
53 240 120
53 241 173
53 242 226
53 243 27
53 244 80
53 245 133
53 246 186
53 247 239
53 248 40
53 249 93
53 250 146
53 251 199
53 252 0
53 253 53
53 254 106
53 255 159
53 256 212
54 55 198
54 56 0
54 57 54
54 58 108
54 59 162
54 60 216
54 61 18
54 62 72
54 63 126
54 64 180
54 65 234
54 66 36
54 67 90
54 68 144
54 69 198
54 70 0
54 71 54
54 72 108
54 73 162
54 74 216
54 75 18
54 76 72
54 77 126
54 78 180
54 79 234
54 80 36
54 81 90
54 82 144
54 83 198
54 84 0
54 85 54
54 86 108
54 87 162
54 88 216
54 89 18
54 90 72
54 91 126
54 92 180
54 93 234
54 94 36
54 95 90
54 96 144
54 97 198
54 98 0
54 99 54
54 100 108
54 101 162
54 102 216
54 103 18
54 104 72
54 105 126
54 106 180
54 107 234
54 108 36
54 109 90
54 110 144
54 111 198
54 112 0
54 113 54
54 114 108
54 115 162
54 116 216
54 117 18
54 118 72
54 119 126
54 120 180
54 121 234
54 122 36
54 123 90
54 124 144
54 125 198
54 126 0
54 127 54
54 128 108
54 129 162
54 130 216
54 131 18
54 132 72
54 133 126
54 134 180
54 135 234
54 136 36
54 137 90
54 138 144
54 139 198
54 140 0
54 141 54
54 142 108
54 143 162
54 144 216
54 145 18
54 146 72
54 147 126
54 148 180
54 149 234
54 150 36
54 151 90
54 152 144
54 153 198
54 154 0
54 155 54
54 156 108
54 157 162
54 158 216
54 159 18
54 160 72
54 161 126
54 162 180
54 163 234
54 164 36
54 165 90
54 166 144
54 167 198
54 168 0
54 169 54
54 170 108
54 171 162
54 172 216
54 173 18
54 174 72
54 175 126
54 176 180
54 177 234
54 178 36
54 179 90
54 180 144
54 181 198
54 182 0
54 183 54
54 184 108
54 185 162
54 186 216
54 187 18
54 188 72
54 189 126
54 190 180
54 191 234
54 192 36
54 193 90
54 194 144
54 195 198
54 196 0
54 197 54
54 198 108
54 199 162
54 200 216
54 201 18
54 202 72
54 203 126
54 204 180
54 205 234
54 206 36
54 207 90
54 208 144
54 209 198
54 210 0
54 211 54
54 212 108
54 213 162
54 214 216
54 215 18
54 216 72
54 217 126
54 218 180
54 219 234
54 220 36
54 221 90
54 222 144
54 223 198
54 224 0
54 225 54
54 226 108
54 227 162
54 228 216
54 229 18
54 230 72
54 231 126
54 232 180
54 233 234
54 234 36
54 235 90
54 236 144
54 237 198
54 238 0
54 239 54
54 240 108
54 241 162
54 242 216
54 243 18
54 244 72
54 245 126
54 246 180
54 247 234
54 248 36
54 249 90
54 250 144
54 251 198
54 252 0
54 253 54
54 254 108
54 255 162
54 256 216
55 56 56
55 57 111
55 58 166
55 59 221
55 60 24
55 61 79
55 62 134
55 63 189
55 64 244
55 65 47
55 66 102
55 67 157
55 68 212
55 69 15
55 70 70
55 71 125
55 72 180
55 73 235
55 74 38
55 75 93
55 76 148
55 77 203
55 78 6
55 79 61
55 80 116
55 81 171
55 82 226
55 83 29
55 84 84
55 85 139
55 86 194
55 87 249
55 88 52
55 89 107
55 90 162
55 91 217
55 92 20
55 93 75
55 94 130
55 95 185
55 96 240
55 97 43
55 98 98
55 99 153
55 100 208
55 101 11
55 102 66
55 103 121
55 104 176
55 105 231
55 106 34
55 107 89
55 108 144
55 109 199
55 110 2
55 111 57
55 112 112
55 113 167
55 114 222
55 115 25
55 116 80
55 117 135
55 118 190
55 119 245
55 120 48
55 121 103
55 122 158
55 123 213
55 124 16
55 125 71
55 126 126
55 127 181
55 128 236
55 129 39
55 130 94
55 131 149
55 132 204
55 133 7
55 134 62
55 135 117
55 136 172
55 137 227
55 138 30
55 139 85
55 140 140
55 141 195
55 142 250
55 143 53
55 144 108
55 145 163
55 146 218
55 147 21
55 148 76
55 149 131
55 150 186
55 151 241
55 152 44
55 153 99
55 154 154
55 155 209
55 156 12
55 157 67
55 158 122
55 159 177
55 160 232
55 161 35
55 162 90
55 163 145
55 164 200
55 165 3
55 166 58
55 167 113
55 168 168
55 169 223
55 170 26
55 171 81
55 172 136
55 173 191
55 174 246
55 175 49
55 176 104
55 177 159
55 178 214
55 179 17
55 180 72
55 181 127
55 182 182
55 183 237
55 184 40
55 185 95
55 186 150
55 187 205
55 188 8
55 189 63
55 190 118
55 191 173
55 192 228
55 193 31
55 194 86
55 195 141
55 196 196
55 197 251
55 198 54
55 199 109
55 200 164
55 201 219
55 202 22
55 203 77
55 204 132
55 205 187
55 206 242
55 207 45
55 208 100
55 209 155
55 210 210
55 211 13
55 212 68
55 213 123
55 214 178
55 215 233
55 216 36
55 217 91
55 218 146
55 219 201
55 220 4
55 221 59
55 222 114
55 223 169
55 224 224
55 225 27
55 226 82
55 227 137
55 228 192
55 229 247
55 230 50
55 231 105
55 232 160
55 233 215
55 234 18
55 235 73
55 236 128
55 237 183
55 238 238
55 239 41
55 240 96
55 241 151
55 242 206
55 243 9
55 244 64
55 245 119
55 246 174
55 247 229
55 248 32
55 249 87
55 250 142
55 251 197
55 252 0
55 253 55
55 254 110
55 255 165
55 256 220
56 57 168
56 58 224
56 59 28
56 60 84
56 61 140
56 62 196
56 63 0
56 64 56
56 65 112
56 66 168
56 67 224
56 68 28
56 69 84
56 70 140
56 71 196
56 72 0
56 73 56
56 74 112
56 75 168
56 76 224
56 77 28
56 78 84
56 79 140
56 80 196
56 81 0
56 82 56
56 83 112
56 84 168
56 85 224
56 86 28
56 87 84
56 88 140
56 89 196
56 90 0
56 91 56
56 92 112
56 93 168
56 94 224
56 95 28
56 96 84
56 97 140
56 98 196
56 99 0
56 100 56
56 101 112
56 102 168
56 103 224
56 104 28
56 105 84
56 106 140
56 107 196
56 108 0
56 109 56
56 110 112
56 111 168
56 112 224
56 113 28
56 114 84
56 115 140
56 116 196
56 117 0
56 118 56
56 119 112
56 120 168
56 121 224
56 122 28
56 123 84
56 124 140
56 125 196
56 126 0
56 127 56
56 128 112
56 129 168
56 130 224
56 131 28
56 132 84
56 133 140
56 134 196
56 135 0
56 136 56
56 137 112
56 138 168
56 139 224
56 140 28
56 141 84
56 142 140
56 143 196
56 144 0
56 145 56
56 146 112
56 147 168
56 148 224
56 149 28
56 150 84
56 151 140
56 152 196
56 153 0
56 154 56
56 155 112
56 156 168
56 157 224
56 158 28
56 159 84
56 160 140
56 161 196
56 162 0
56 163 56
56 164 112
56 165 168
56 166 224
56 167 28
56 168 84
56 169 140
56 170 196
56 171 0
56 172 56
56 173 112
56 174 168
56 175 224
56 176 28
56 177 84
56 178 140
56 179 196
56 180 0
56 181 56
56 182 112
56 183 168
56 184 224
56 185 28
56 186 84
56 187 140
56 188 196
56 189 0
56 190 56
56 191 112
56 192 168
56 193 224
56 194 28
56 195 84
56 196 140
56 197 196
56 198 0
56 199 56
56 200 112
56 201 168
56 202 224
56 203 28
56 204 84
56 205 140
56 206 196
56 207 0
56 208 56
56 209 112
56 210 168
56 211 224
56 212 28
56 213 84
56 214 140
56 215 196
56 216 0
56 217 56
56 218 112
56 219 168
56 220 224
56 221 28
56 222 84
56 223 140
56 224 196
56 225 0
56 226 56
56 227 112
56 228 168
56 229 224
56 230 28
56 231 84
56 232 140
56 233 196
56 234 0
56 235 56
56 236 112
56 237 168
56 238 224
56 239 28
56 240 84
56 241 140
56 242 196
56 243 0
56 244 56
56 245 112
56 246 168
56 247 224
56 248 28
56 249 84
56 250 140
56 251 196
56 252 0
56 253 56
56 254 112
56 255 168
56 256 224
57 58 30
57 59 87
57 60 144
57 61 201
57 62 6
57 63 63
57 64 120
57 65 177
57 66 234
57 67 39
57 68 96
57 69 153
57 70 210
57 71 15
57 72 72
57 73 129
57 74 186
57 75 243
57 76 48
57 77 105
57 78 162
57 79 219
57 80 24
57 81 81
57 82 138
57 83 195
57 84 0
57 85 57
57 86 114
57 87 171
57 88 228
57 89 33
57 90 90
57 91 147
57 92 204
57 93 9
57 94 66
57 95 123
57 96 180
57 97 237
57 98 42
57 99 99
57 100 156
57 101 213
57 102 18
57 103 75
57 104 132
57 105 189
57 106 246
57 107 51
57 108 108
57 109 165
57 110 222
57 111 27
57 112 84
57 113 141
57 114 198
57 115 3
57 116 60
57 117 117
57 118 174
57 119 231
57 120 36
57 121 93
57 122 150
57 123 207
57 124 12
57 125 69
57 126 126
57 127 183
57 128 240
57 129 45
57 130 102
57 131 159
57 132 216
57 133 21
57 134 78
57 135 135
57 136 192
57 137 249
57 138 54
57 139 111
57 140 168
57 141 225
57 142 30
57 143 87
57 144 144
57 145 201
57 146 6
57 147 63
57 148 120
57 149 177
57 150 234
57 151 39
57 152 96
57 153 153
57 154 210
57 155 15
57 156 72
57 157 129
57 158 186
57 159 243
57 160 48
57 161 105
57 162 162
57 163 219
57 164 24
57 165 81
57 166 138
57 167 195
57 168 0
57 169 57
57 170 114
57 171 171
57 172 228
57 173 33
57 174 90
57 175 147
57 176 204
57 177 9
57 178 66
57 179 123
57 180 180
57 181 237
57 182 42
57 183 99
57 184 156
57 185 213
57 186 18
57 187 75
57 188 132
57 189 189
57 190 246
57 191 51
57 192 108
57 193 165
57 194 222
57 195 27
57 196 84
57 197 141
57 198 198
57 199 3
57 200 60
57 201 117
57 202 174
57 203 231
57 204 36
57 205 93
57 206 150
57 207 207
57 208 12
57 209 69
57 210 126
57 211 183
57 212 240
57 213 45
57 214 102
57 215 159
57 216 216
57 217 21
57 218 78
57 219 135
57 220 192
57 221 249
57 222 54
57 223 111
57 224 168
57 225 225
57 226 30
57 227 87
57 228 144
57 229 201
57 230 6
57 231 63
57 232 120
57 233 177
57 234 234
57 235 39
57 236 96
57 237 153
57 238 210
57 239 15
57 240 72
57 241 129
57 242 186
57 243 243
57 244 48
57 245 105
57 246 162
57 247 219
57 248 24
57 249 81
57 250 138
57 251 195
57 252 0
57 253 57
57 254 114
57 255 171
57 256 228
58 59 146
58 60 204
58 61 10
58 62 68
58 63 126
58 64 184
58 65 242
58 66 48
58 67 106
58 68 164
58 69 222
58 70 28
58 71 86
58 72 144
58 73 202
58 74 8
58 75 66
58 76 124
58 77 182
58 78 240
58 79 46
58 80 104
58 81 162
58 82 220
58 83 26
58 84 84
58 85 142
58 86 200
58 87 6
58 88 64
58 89 122
58 90 180
58 91 238
58 92 44
58 93 102
58 94 160
58 95 218
58 96 24
58 97 82
58 98 140
58 99 198
58 100 4
58 101 62
58 102 120
58 103 178
58 104 236
58 105 42
58 106 100
58 107 158
58 108 216
58 109 22
58 110 80
58 111 138
58 112 196
58 113 2
58 114 60
58 115 118
58 116 176
58 117 234
58 118 40
58 119 98
58 120 156
58 121 214
58 122 20
58 123 78
58 124 136
58 125 194
58 126 0
58 127 58
58 128 116
58 129 174
58 130 232
58 131 38
58 132 96
58 133 154
58 134 212
58 135 18
58 136 76
58 137 134
58 138 192
58 139 250
58 140 56
58 141 114
58 142 172
58 143 230
58 144 36
58 145 94
58 146 152
58 147 210
58 148 16
58 149 74
58 150 132
58 151 190
58 152 248
58 153 54
58 154 112
58 155 170
58 156 228
58 157 34
58 158 92
58 159 150
58 160 208
58 161 14
58 162 72
58 163 130
58 164 188
58 165 246
58 166 52
58 167 110
58 168 168
58 169 226
58 170 32
58 171 90
58 172 148
58 173 206
58 174 12
58 175 70
58 176 128
58 177 186
58 178 244
58 179 50
58 180 108
58 181 166
58 182 224
58 183 30
58 184 88
58 185 146
58 186 204
58 187 10
58 188 68
58 189 126
58 190 184
58 191 242
58 192 48
58 193 106
58 194 164
58 195 222
58 196 28
58 197 86
58 198 144
58 199 202
58 200 8
58 201 66
58 202 124
58 203 182
58 204 240
58 205 46
58 206 104
58 207 162
58 208 220
58 209 26
58 210 84
58 211 142
58 212 200
58 213 6
58 214 64
58 215 122
58 216 180
58 217 238
58 218 44
58 219 102
58 220 160
58 221 218
58 222 24
58 223 82
58 224 140
58 225 198
58 226 4
58 227 62
58 228 120
58 229 178
58 230 236
58 231 42
58 232 100
58 233 158
58 234 216
58 235 22
58 236 80
58 237 138
58 238 196
58 239 2
58 240 60
58 241 118
58 242 176
58 243 234
58 244 40
58 245 98
58 246 156
58 247 214
58 248 20
58 249 78
58 250 136
58 251 194
58 252 0
58 253 58
58 254 116
58 255 174
58 256 232
59 60 12
59 61 71
59 62 130
59 63 189
59 64 248
59 65 55
59 66 114
59 67 173
59 68 232
59 69 39
59 70 98
59 71 157
59 72 216
59 73 23
59 74 82
59 75 141
59 76 200
59 77 7
59 78 66
59 79 125
59 80 184
59 81 243
59 82 50
59 83 109
59 84 168
59 85 227
59 86 34
59 87 93
59 88 152
59 89 211
59 90 18
59 91 77
59 92 136
59 93 195
59 94 2
59 95 61
59 96 120
59 97 179
59 98 238
59 99 45
59 100 104
59 101 163
59 102 222
59 103 29
59 104 88
59 105 147
59 106 206
59 107 13
59 108 72
59 109 131
59 110 190
59 111 249
59 112 56
59 113 115
59 114 174
59 115 233
59 116 40
59 117 99
59 118 158
59 119 217
59 120 24
59 121 83
59 122 142
59 123 201
59 124 8
59 125 67
59 126 126
59 127 185
59 128 244
59 129 51
59 130 110
59 131 169
59 132 228
59 133 35
59 134 94
59 135 153
59 136 212
59 137 19
59 138 78
59 139 137
59 140 196
59 141 3
59 142 62
59 143 121
59 144 180
59 145 239
59 146 46
59 147 105
59 148 164
59 149 223
59 150 30
59 151 89
59 152 148
59 153 207
59 154 14
59 155 73
59 156 132
59 157 191
59 158 250
59 159 57
59 160 116
59 161 175
59 162 234
59 163 41
59 164 100
59 165 159
59 166 218
59 167 25
59 168 84
59 169 143
59 170 202
59 171 9
59 172 68
59 173 127
59 174 186
59 175 245
59 176 52
59 177 111
59 178 170
59 179 229
59 180 36
59 181 95
59 182 154
59 183 213
59 184 20
59 185 79
59 186 138
59 187 197
59 188 4
59 189 63
59 190 122
59 191 181
59 192 240
59 193 47
59 194 106
59 195 165
59 196 224
59 197 31
59 198 90
59 199 149
59 200 208
59 201 15
59 202 74
59 203 133
59 204 192
59 205 251
59 206 58
59 207 117
59 208 176
59 209 235
59 210 42
59 211 101
59 212 160
59 213 219
59 214 26
59 215 85
59 216 144
59 217 203
59 218 10
59 219 69
59 220 128
59 221 187
59 222 246
59 223 53
59 224 112
59 225 171
59 226 230
59 227 37
59 228 96
59 229 155
59 230 214
59 231 21
59 232 80
59 233 139
59 234 198
59 235 5
59 236 64
59 237 123
59 238 182
59 239 241
59 240 48
59 241 107
59 242 166
59 243 225
59 244 32
59 245 91
59 246 150
59 247 209
59 248 16
59 249 75
59 250 134
59 251 193
59 252 0
59 253 59
59 254 118
59 255 177
59 256 236
60 61 132
60 62 192
60 63 0
60 64 60
60 65 120
60 66 180
60 67 240
60 68 48
60 69 108
60 70 168
60 71 228
60 72 36
60 73 96
60 74 156
60 75 216
60 76 24
60 77 84
60 78 144
60 79 204
60 80 12
60 81 72
60 82 132
60 83 192
60 84 0
60 85 60
60 86 120
60 87 180
60 88 240
60 89 48
60 90 108
60 91 168
60 92 228
60 93 36
60 94 96
60 95 156
60 96 216
60 97 24
60 98 84
60 99 144
60 100 204
60 101 12
60 102 72
60 103 132
60 104 192
60 105 0
60 106 60
60 107 120
60 108 180
60 109 240
60 110 48
60 111 108
60 112 168
60 113 228
60 114 36
60 115 96
60 116 156
60 117 216
60 118 24
60 119 84
60 120 144
60 121 204
60 122 12
60 123 72
60 124 132
60 125 192
60 126 0
60 127 60
60 128 120
60 129 180
60 130 240
60 131 48
60 132 108
60 133 168
60 134 228
60 135 36
60 136 96
60 137 156
60 138 216
60 139 24
60 140 84
60 141 144
60 142 204
60 143 12
60 144 72
60 145 132
60 146 192
60 147 0
60 148 60
60 149 120
60 150 180
60 151 240
60 152 48
60 153 108
60 154 168
60 155 228
60 156 36
60 157 96
60 158 156
60 159 216
60 160 24
60 161 84
60 162 144
60 163 204
60 164 12
60 165 72
60 166 132
60 167 192
60 168 0
60 169 60
60 170 120
60 171 180
60 172 240
60 173 48
60 174 108
60 175 168
60 176 228
60 177 36
60 178 96
60 179 156
60 180 216
60 181 24
60 182 84
60 183 144
60 184 204
60 185 12
60 186 72
60 187 132
60 188 192
60 189 0
60 190 60
60 191 120
60 192 180
60 193 240
60 194 48
60 195 108
60 196 168
60 197 228
60 198 36
60 199 96
60 200 156
60 201 216
60 202 24
60 203 84
60 204 144
60 205 204
60 206 12
60 207 72
60 208 132
60 209 192
60 210 0
60 211 60
60 212 120
60 213 180
60 214 240
60 215 48
60 216 108
60 217 168
60 218 228
60 219 36
60 220 96
60 221 156
60 222 216
60 223 24
60 224 84
60 225 144
60 226 204
60 227 12
60 228 72
60 229 132
60 230 192
60 231 0
60 232 60
60 233 120
60 234 180
60 235 240
60 236 48
60 237 108
60 238 168
60 239 228
60 240 36
60 241 96
60 242 156
60 243 216
60 244 24
60 245 84
60 246 144
60 247 204
60 248 12
60 249 72
60 250 132
60 251 192
60 252 0
60 253 60
60 254 120
60 255 180
60 256 240
61 62 2
61 63 63
61 64 124
61 65 185
61 66 246
61 67 55
61 68 116
61 69 177
61 70 238
61 71 47
61 72 108
61 73 169
61 74 230
61 75 39
61 76 100
61 77 161
61 78 222
61 79 31
61 80 92
61 81 153
61 82 214
61 83 23
61 84 84
61 85 145
61 86 206
61 87 15
61 88 76
61 89 137
61 90 198
61 91 7
61 92 68
61 93 129
61 94 190
61 95 251
61 96 60
61 97 121
61 98 182
61 99 243
61 100 52
61 101 113
61 102 174
61 103 235
61 104 44
61 105 105
61 106 166
61 107 227
61 108 36
61 109 97
61 110 158
61 111 219
61 112 28
61 113 89
61 114 150
61 115 211
61 116 20
61 117 81
61 118 142
61 119 203
61 120 12
61 121 73
61 122 134
61 123 195
61 124 4
61 125 65
61 126 126
61 127 187
61 128 248
61 129 57
61 130 118
61 131 179
61 132 240
61 133 49
61 134 110
61 135 171
61 136 232
61 137 41
61 138 102
61 139 163
61 140 224
61 141 33
61 142 94
61 143 155
61 144 216
61 145 25
61 146 86
61 147 147
61 148 208
61 149 17
61 150 78
61 151 139
61 152 200
61 153 9
61 154 70
61 155 131
61 156 192
61 157 1
61 158 62
61 159 123
61 160 184
61 161 245
61 162 54
61 163 115
61 164 176
61 165 237
61 166 46
61 167 107
61 168 168
61 169 229
61 170 38
61 171 99
61 172 160
61 173 221
61 174 30
61 175 91
61 176 152
61 177 213
61 178 22
61 179 83
61 180 144
61 181 205
61 182 14
61 183 75
61 184 136
61 185 197
61 186 6
61 187 67
61 188 128
61 189 189
61 190 250
61 191 59
61 192 120
61 193 181
61 194 242
61 195 51
61 196 112
61 197 173
61 198 234
61 199 43
61 200 104
61 201 165
61 202 226
61 203 35
61 204 96
61 205 157
61 206 218
61 207 27
61 208 88
61 209 149
61 210 210
61 211 19
61 212 80
61 213 141
61 214 202
61 215 11
61 216 72
61 217 133
61 218 194
61 219 3
61 220 64
61 221 125
61 222 186
61 223 247
61 224 56
61 225 117
61 226 178
61 227 239
61 228 48
61 229 109
61 230 170
61 231 231
61 232 40
61 233 101
61 234 162
61 235 223
61 236 32
61 237 93
61 238 154
61 239 215
61 240 24
61 241 85
61 242 146
61 243 207
61 244 16
61 245 77
61 246 138
61 247 199
61 248 8
61 249 69
61 250 130
61 251 191
61 252 0
61 253 61
61 254 122
61 255 183
61 256 244
62 63 126
62 64 188
62 65 250
62 66 60
62 67 122
62 68 184
62 69 246
62 70 56
62 71 118
62 72 180
62 73 242
62 74 52
62 75 114
62 76 176
62 77 238
62 78 48
62 79 110
62 80 172
62 81 234
62 82 44
62 83 106
62 84 168
62 85 230
62 86 40
62 87 102
62 88 164
62 89 226
62 90 36
62 91 98
62 92 160
62 93 222
62 94 32
62 95 94
62 96 156
62 97 218
62 98 28
62 99 90
62 100 152
62 101 214
62 102 24
62 103 86
62 104 148
62 105 210
62 106 20
62 107 82
62 108 144
62 109 206
62 110 16
62 111 78
62 112 140
62 113 202
62 114 12
62 115 74
62 116 136
62 117 198
62 118 8
62 119 70
62 120 132
62 121 194
62 122 4
62 123 66
62 124 128
62 125 190
62 126 0
62 127 62
62 128 124
62 129 186
62 130 248
62 131 58
62 132 120
62 133 182
62 134 244
62 135 54
62 136 116
62 137 178
62 138 240
62 139 50
62 140 112
62 141 174
62 142 236
62 143 46
62 144 108
62 145 170
62 146 232
62 147 42
62 148 104
62 149 166
62 150 228
62 151 38
62 152 100
62 153 162
62 154 224
62 155 34
62 156 96
62 157 158
62 158 220
62 159 30
62 160 92
62 161 154
62 162 216
62 163 26
62 164 88
62 165 150
62 166 212
62 167 22
62 168 84
62 169 146
62 170 208
62 171 18
62 172 80
62 173 142
62 174 204
62 175 14
62 176 76
62 177 138
62 178 200
62 179 10
62 180 72
62 181 134
62 182 196
62 183 6
62 184 68
62 185 130
62 186 192
62 187 2
62 188 64
62 189 126
62 190 188
62 191 250
62 192 60
62 193 122
62 194 184
62 195 246
62 196 56
62 197 118
62 198 180
62 199 242
62 200 52
62 201 114
62 202 176
62 203 238
62 204 48
62 205 110
62 206 172
62 207 234
62 208 44
62 209 106
62 210 168
62 211 230
62 212 40
62 213 102
62 214 164
62 215 226
62 216 36
62 217 98
62 218 160
62 219 222
62 220 32
62 221 94
62 222 156
62 223 218
62 224 28
62 225 90
62 226 152
62 227 214
62 228 24
62 229 86
62 230 148
62 231 210
62 232 20
62 233 82
62 234 144
62 235 206
62 236 16
62 237 78
62 238 140
62 239 202
62 240 12
62 241 74
62 242 136
62 243 198
62 244 8
62 245 70
62 246 132
62 247 194
62 248 4
62 249 66
62 250 128
62 251 190
62 252 0
62 253 62
62 254 124
62 255 186
62 256 248
63 64 0
63 65 63
63 66 126
63 67 189
63 68 0
63 69 63
63 70 126
63 71 189
63 72 0
63 73 63
63 74 126
63 75 189
63 76 0
63 77 63
63 78 126
63 79 189
63 80 0
63 81 63
63 82 126
63 83 189
63 84 0
63 85 63
63 86 126
63 87 189
63 88 0
63 89 63
63 90 126
63 91 189
63 92 0
63 93 63
63 94 126
63 95 189
63 96 0
63 97 63
63 98 126
63 99 189
63 100 0
63 101 63
63 102 126
63 103 189
63 104 0
63 105 63
63 106 126
63 107 189
63 108 0
63 109 63
63 110 126
63 111 189
63 112 0
63 113 63
63 114 126
63 115 189
63 116 0
63 117 63
63 118 126
63 119 189
63 120 0
63 121 63
63 122 126
63 123 189
63 124 0
63 125 63
63 126 126
63 127 189
63 128 0
63 129 63
63 130 126
63 131 189
63 132 0
63 133 63
63 134 126
63 135 189
63 136 0
63 137 63
63 138 126
63 139 189
63 140 0
63 141 63
63 142 126
63 143 189
63 144 0
63 145 63
63 146 126
63 147 189
63 148 0
63 149 63
63 150 126
63 151 189
63 152 0
63 153 63
63 154 126
63 155 189
63 156 0
63 157 63
63 158 126
63 159 189
63 160 0
63 161 63
63 162 126
63 163 189
63 164 0
63 165 63
63 166 126
63 167 189
63 168 0
63 169 63
63 170 126
63 171 189
63 172 0
63 173 63
63 174 126
63 175 189
63 176 0
63 177 63
63 178 126
63 179 189
63 180 0
63 181 63
63 182 126
63 183 189
63 184 0
63 185 63
63 186 126
63 187 189
63 188 0
63 189 63
63 190 126
63 191 189
63 192 0
63 193 63
63 194 126
63 195 189
63 196 0
63 197 63
63 198 126
63 199 189
63 200 0
63 201 63
63 202 126
63 203 189
63 204 0
63 205 63
63 206 126
63 207 189
63 208 0
63 209 63
63 210 126
63 211 189
63 212 0
63 213 63
63 214 126
63 215 189
63 216 0
63 217 63
63 218 126
63 219 189
63 220 0
63 221 63
63 222 126
63 223 189
63 224 0
63 225 63
63 226 126
63 227 189
63 228 0
63 229 63
63 230 126
63 231 189
63 232 0
63 233 63
63 234 126
63 235 189
63 236 0
63 237 63
63 238 126
63 239 189
63 240 0
63 241 63
63 242 126
63 243 189
63 244 0
63 245 63
63 246 126
63 247 189
63 248 0
63 249 63
63 250 126
63 251 189
63 252 0
63 253 63
63 254 126
63 255 189
63 256 0
64 65 128
64 66 192
64 67 4
64 68 68
64 69 132
64 70 196
64 71 8
64 72 72
64 73 136
64 74 200
64 75 12
64 76 76
64 77 140
64 78 204
64 79 16
64 80 80
64 81 144
64 82 208
64 83 20
64 84 84
64 85 148
64 86 212
64 87 24
64 88 88
64 89 152
64 90 216
64 91 28
64 92 92
64 93 156
64 94 220
64 95 32
64 96 96
64 97 160
64 98 224
64 99 36
64 100 100
64 101 164
64 102 228
64 103 40
64 104 104
64 105 168
64 106 232
64 107 44
64 108 108
64 109 172
64 110 236
64 111 48
64 112 112
64 113 176
64 114 240
64 115 52
64 116 116
64 117 180
64 118 244
64 119 56
64 120 120
64 121 184
64 122 248
64 123 60
64 124 124
64 125 188
64 126 0
64 127 64
64 128 128
64 129 192
64 130 4
64 131 68
64 132 132
64 133 196
64 134 8
64 135 72
64 136 136
64 137 200
64 138 12
64 139 76
64 140 140
64 141 204
64 142 16
64 143 80
64 144 144
64 145 208
64 146 20
64 147 84
64 148 148
64 149 212
64 150 24
64 151 88
64 152 152
64 153 216
64 154 28
64 155 92
64 156 156
64 157 220
64 158 32
64 159 96
64 160 160
64 161 224
64 162 36
64 163 100
64 164 164
64 165 228
64 166 40
64 167 104
64 168 168
64 169 232
64 170 44
64 171 108
64 172 172
64 173 236
64 174 48
64 175 112
64 176 176
64 177 240
64 178 52
64 179 116
64 180 180
64 181 244
64 182 56
64 183 120
64 184 184
64 185 248
64 186 60
64 187 124
64 188 188
64 189 0
64 190 64
64 191 128
64 192 192
64 193 4
64 194 68
64 195 132
64 196 196
64 197 8
64 198 72
64 199 136
64 200 200
64 201 12
64 202 76
64 203 140
64 204 204
64 205 16
64 206 80
64 207 144
64 208 208
64 209 20
64 210 84
64 211 148
64 212 212
64 213 24
64 214 88
64 215 152
64 216 216
64 217 28
64 218 92
64 219 156
64 220 220
64 221 32
64 222 96
64 223 160
64 224 224
64 225 36
64 226 100
64 227 164
64 228 228
64 229 40
64 230 104
64 231 168
64 232 232
64 233 44
64 234 108
64 235 172
64 236 236
64 237 48
64 238 112
64 239 176
64 240 240
64 241 52
64 242 116
64 243 180
64 244 244
64 245 56
64 246 120
64 247 184
64 248 248
64 249 60
64 250 124
64 251 188
64 252 0
64 253 64
64 254 128
64 255 192
64 256 4
65 66 6
65 67 71
65 68 136
65 69 201
65 70 14
65 71 79
65 72 144
65 73 209
65 74 22
65 75 87
65 76 152
65 77 217
65 78 30
65 79 95
65 80 160
65 81 225
65 82 38
65 83 103
65 84 168
65 85 233
65 86 46
65 87 111
65 88 176
65 89 241
65 90 54
65 91 119
65 92 184
65 93 249
65 94 62
65 95 127
65 96 192
65 97 5
65 98 70
65 99 135
65 100 200
65 101 13
65 102 78
65 103 143
65 104 208
65 105 21
65 106 86
65 107 151
65 108 216
65 109 29
65 110 94
65 111 159
65 112 224
65 113 37
65 114 102
65 115 167
65 116 232
65 117 45
65 118 110
65 119 175
65 120 240
65 121 53
65 122 118
65 123 183
65 124 248
65 125 61
65 126 126
65 127 191
65 128 4
65 129 69
65 130 134
65 131 199
65 132 12
65 133 77
65 134 142
65 135 207
65 136 20
65 137 85
65 138 150
65 139 215
65 140 28
65 141 93
65 142 158
65 143 223
65 144 36
65 145 101
65 146 166
65 147 231
65 148 44
65 149 109
65 150 174
65 151 239
65 152 52
65 153 117
65 154 182
65 155 247
65 156 60
65 157 125
65 158 190
65 159 3
65 160 68
65 161 133
65 162 198
65 163 11
65 164 76
65 165 141
65 166 206
65 167 19
65 168 84
65 169 149
65 170 214
65 171 27
65 172 92
65 173 157
65 174 222
65 175 35
65 176 100
65 177 165
65 178 230
65 179 43
65 180 108
65 181 173
65 182 238
65 183 51
65 184 116
65 185 181
65 186 246
65 187 59
65 188 124
65 189 189
65 190 2
65 191 67
65 192 132
65 193 197
65 194 10
65 195 75
65 196 140
65 197 205
65 198 18
65 199 83
65 200 148
65 201 213
65 202 26
65 203 91
65 204 156
65 205 221
65 206 34
65 207 99
65 208 164
65 209 229
65 210 42
65 211 107
65 212 172
65 213 237
65 214 50
65 215 115
65 216 180
65 217 245
65 218 58
65 219 123
65 220 188
65 221 1
65 222 66
65 223 131
65 224 196
65 225 9
65 226 74
65 227 139
65 228 204
65 229 17
65 230 82
65 231 147
65 232 212
65 233 25
65 234 90
65 235 155
65 236 220
65 237 33
65 238 98
65 239 163
65 240 228
65 241 41
65 242 106
65 243 171
65 244 236
65 245 49
65 246 114
65 247 179
65 248 244
65 249 57
65 250 122
65 251 187
65 252 0
65 253 65
65 254 130
65 255 195
65 256 8
66 67 138
66 68 204
66 69 18
66 70 84
66 71 150
66 72 216
66 73 30
66 74 96
66 75 162
66 76 228
66 77 42
66 78 108
66 79 174
66 80 240
66 81 54
66 82 120
66 83 186
66 84 0
66 85 66
66 86 132
66 87 198
66 88 12
66 89 78
66 90 144
66 91 210
66 92 24
66 93 90
66 94 156
66 95 222
66 96 36
66 97 102
66 98 168
66 99 234
66 100 48
66 101 114
66 102 180
66 103 246
66 104 60
66 105 126
66 106 192
66 107 6
66 108 72
66 109 138
66 110 204
66 111 18
66 112 84
66 113 150
66 114 216
66 115 30
66 116 96
66 117 162
66 118 228
66 119 42
66 120 108
66 121 174
66 122 240
66 123 54
66 124 120
66 125 186
66 126 0
66 127 66
66 128 132
66 129 198
66 130 12
66 131 78
66 132 144
66 133 210
66 134 24
66 135 90
66 136 156
66 137 222
66 138 36
66 139 102
66 140 168
66 141 234
66 142 48
66 143 114
66 144 180
66 145 246
66 146 60
66 147 126
66 148 192
66 149 6
66 150 72
66 151 138
66 152 204
66 153 18
66 154 84
66 155 150
66 156 216
66 157 30
66 158 96
66 159 162
66 160 228
66 161 42
66 162 108
66 163 174
66 164 240
66 165 54
66 166 120
66 167 186
66 168 0
66 169 66
66 170 132
66 171 198
66 172 12
66 173 78
66 174 144
66 175 210
66 176 24
66 177 90
66 178 156
66 179 222
66 180 36
66 181 102
66 182 168
66 183 234
66 184 48
66 185 114
66 186 180
66 187 246
66 188 60
66 189 126
66 190 192
66 191 6
66 192 72
66 193 138
66 194 204
66 195 18
66 196 84
66 197 150
66 198 216
66 199 30
66 200 96
66 201 162
66 202 228
66 203 42
66 204 108
66 205 174
66 206 240
66 207 54
66 208 120
66 209 186
66 210 0
66 211 66
66 212 132
66 213 198
66 214 12
66 215 78
66 216 144
66 217 210
66 218 24
66 219 90
66 220 156
66 221 222
66 222 36
66 223 102
66 224 168
66 225 234
66 226 48
66 227 114
66 228 180
66 229 246
66 230 60
66 231 126
66 232 192
66 233 6
66 234 72
66 235 138
66 236 204
66 237 18
66 238 84
66 239 150
66 240 216
66 241 30
66 242 96
66 243 162
66 244 228
66 245 42
66 246 108
66 247 174
66 248 240
66 249 54
66 250 120
66 251 186
66 252 0
66 253 66
66 254 132
66 255 198
66 256 12
67 68 20
67 69 87
67 70 154
67 71 221
67 72 36
67 73 103
67 74 170
67 75 237
67 76 52
67 77 119
67 78 186
67 79 1
67 80 68
67 81 135
67 82 202
67 83 17
67 84 84
67 85 151
67 86 218
67 87 33
67 88 100
67 89 167
67 90 234
67 91 49
67 92 116
67 93 183
67 94 250
67 95 65
67 96 132
67 97 199
67 98 14
67 99 81
67 100 148
67 101 215
67 102 30
67 103 97
67 104 164
67 105 231
67 106 46
67 107 113
67 108 180
67 109 247
67 110 62
67 111 129
67 112 196
67 113 11
67 114 78
67 115 145
67 116 212
67 117 27
67 118 94
67 119 161
67 120 228
67 121 43
67 122 110
67 123 177
67 124 244
67 125 59
67 126 126
67 127 193
67 128 8
67 129 75
67 130 142
67 131 209
67 132 24
67 133 91
67 134 158
67 135 225
67 136 40
67 137 107
67 138 174
67 139 241
67 140 56
67 141 123
67 142 190
67 143 5
67 144 72
67 145 139
67 146 206
67 147 21
67 148 88
67 149 155
67 150 222
67 151 37
67 152 104
67 153 171
67 154 238
67 155 53
67 156 120
67 157 187
67 158 2
67 159 69
67 160 136
67 161 203
67 162 18
67 163 85
67 164 152
67 165 219
67 166 34
67 167 101
67 168 168
67 169 235
67 170 50
67 171 117
67 172 184
67 173 251
67 174 66
67 175 133
67 176 200
67 177 15
67 178 82
67 179 149
67 180 216
67 181 31
67 182 98
67 183 165
67 184 232
67 185 47
67 186 114
67 187 181
67 188 248
67 189 63
67 190 130
67 191 197
67 192 12
67 193 79
67 194 146
67 195 213
67 196 28
67 197 95
67 198 162
67 199 229
67 200 44
67 201 111
67 202 178
67 203 245
67 204 60
67 205 127
67 206 194
67 207 9
67 208 76
67 209 143
67 210 210
67 211 25
67 212 92
67 213 159
67 214 226
67 215 41
67 216 108
67 217 175
67 218 242
67 219 57
67 220 124
67 221 191
67 222 6
67 223 73
67 224 140
67 225 207
67 226 22
67 227 89
67 228 156
67 229 223
67 230 38
67 231 105
67 232 172
67 233 239
67 234 54
67 235 121
67 236 188
67 237 3
67 238 70
67 239 137
67 240 204
67 241 19
67 242 86
67 243 153
67 244 220
67 245 35
67 246 102
67 247 169
67 248 236
67 249 51
67 250 118
67 251 185
67 252 0
67 253 67
67 254 134
67 255 201
67 256 16
68 69 156
68 70 224
68 71 40
68 72 108
68 73 176
68 74 244
68 75 60
68 76 128
68 77 196
68 78 12
68 79 80
68 80 148
68 81 216
68 82 32
68 83 100
68 84 168
68 85 236
68 86 52
68 87 120
68 88 188
68 89 4
68 90 72
68 91 140
68 92 208
68 93 24
68 94 92
68 95 160
68 96 228
68 97 44
68 98 112
68 99 180
68 100 248
68 101 64
68 102 132
68 103 200
68 104 16
68 105 84
68 106 152
68 107 220
68 108 36
68 109 104
68 110 172
68 111 240
68 112 56
68 113 124
68 114 192
68 115 8
68 116 76
68 117 144
68 118 212
68 119 28
68 120 96
68 121 164
68 122 232
68 123 48
68 124 116
68 125 184
68 126 0
68 127 68
68 128 136
68 129 204
68 130 20
68 131 88
68 132 156
68 133 224
68 134 40
68 135 108
68 136 176
68 137 244
68 138 60
68 139 128
68 140 196
68 141 12
68 142 80
68 143 148
68 144 216
68 145 32
68 146 100
68 147 168
68 148 236
68 149 52
68 150 120
68 151 188
68 152 4
68 153 72
68 154 140
68 155 208
68 156 24
68 157 92
68 158 160
68 159 228
68 160 44
68 161 112
68 162 180
68 163 248
68 164 64
68 165 132
68 166 200
68 167 16
68 168 84
68 169 152
68 170 220
68 171 36
68 172 104
68 173 172
68 174 240
68 175 56
68 176 124
68 177 192
68 178 8
68 179 76
68 180 144
68 181 212
68 182 28
68 183 96
68 184 164
68 185 232
68 186 48
68 187 116
68 188 184
68 189 0
68 190 68
68 191 136
68 192 204
68 193 20
68 194 88
68 195 156
68 196 224
68 197 40
68 198 108
68 199 176
68 200 244
68 201 60
68 202 128
68 203 196
68 204 12
68 205 80
68 206 148
68 207 216
68 208 32
68 209 100
68 210 168
68 211 236
68 212 52
68 213 120
68 214 188
68 215 4
68 216 72
68 217 140
68 218 208
68 219 24
68 220 92
68 221 160
68 222 228
68 223 44
68 224 112
68 225 180
68 226 248
68 227 64
68 228 132
68 229 200
68 230 16
68 231 84
68 232 152
68 233 220
68 234 36
68 235 104
68 236 172
68 237 240
68 238 56
68 239 124
68 240 192
68 241 8
68 242 76
68 243 144
68 244 212
68 245 28
68 246 96
68 247 164
68 248 232
68 249 48
68 250 116
68 251 184
68 252 0
68 253 68
68 254 136
68 255 204
68 256 20
69 70 42
69 71 111
69 72 180
69 73 249
69 74 66
69 75 135
69 76 204
69 77 21
69 78 90
69 79 159
69 80 228
69 81 45
69 82 114
69 83 183
69 84 0
69 85 69
69 86 138
69 87 207
69 88 24
69 89 93
69 90 162
69 91 231
69 92 48
69 93 117
69 94 186
69 95 3
69 96 72
69 97 141
69 98 210
69 99 27
69 100 96
69 101 165
69 102 234
69 103 51
69 104 120
69 105 189
69 106 6
69 107 75
69 108 144
69 109 213
69 110 30
69 111 99
69 112 168
69 113 237
69 114 54
69 115 123
69 116 192
69 117 9
69 118 78
69 119 147
69 120 216
69 121 33
69 122 102
69 123 171
69 124 240
69 125 57
69 126 126
69 127 195
69 128 12
69 129 81
69 130 150
69 131 219
69 132 36
69 133 105
69 134 174
69 135 243
69 136 60
69 137 129
69 138 198
69 139 15
69 140 84
69 141 153
69 142 222
69 143 39
69 144 108
69 145 177
69 146 246
69 147 63
69 148 132
69 149 201
69 150 18
69 151 87
69 152 156
69 153 225
69 154 42
69 155 111
69 156 180
69 157 249
69 158 66
69 159 135
69 160 204
69 161 21
69 162 90
69 163 159
69 164 228
69 165 45
69 166 114
69 167 183
69 168 0
69 169 69
69 170 138
69 171 207
69 172 24
69 173 93
69 174 162
69 175 231
69 176 48
69 177 117
69 178 186
69 179 3
69 180 72
69 181 141
69 182 210
69 183 27
69 184 96
69 185 165
69 186 234
69 187 51
69 188 120
69 189 189
69 190 6
69 191 75
69 192 144
69 193 213
69 194 30
69 195 99
69 196 168
69 197 237
69 198 54
69 199 123
69 200 192
69 201 9
69 202 78
69 203 147
69 204 216
69 205 33
69 206 102
69 207 171
69 208 240
69 209 57
69 210 126
69 211 195
69 212 12
69 213 81
69 214 150
69 215 219
69 216 36
69 217 105
69 218 174
69 219 243
69 220 60
69 221 129
69 222 198
69 223 15
69 224 84
69 225 153
69 226 222
69 227 39
69 228 108
69 229 177
69 230 246
69 231 63
69 232 132
69 233 201
69 234 18
69 235 87
69 236 156
69 237 225
69 238 42
69 239 111
69 240 180
69 241 249
69 242 66
69 243 135
69 244 204
69 245 21
69 246 90
69 247 159
69 248 228
69 249 45
69 250 114
69 251 183
69 252 0
69 253 69
69 254 138
69 255 207
69 256 24
70 71 182
70 72 0
70 73 70
70 74 140
70 75 210
70 76 28
70 77 98
70 78 168
70 79 238
70 80 56
70 81 126
70 82 196
70 83 14
70 84 84
70 85 154
70 86 224
70 87 42
70 88 112
70 89 182
70 90 0
70 91 70
70 92 140
70 93 210
70 94 28
70 95 98
70 96 168
70 97 238
70 98 56
70 99 126
70 100 196
70 101 14
70 102 84
70 103 154
70 104 224
70 105 42
70 106 112
70 107 182
70 108 0
70 109 70
70 110 140
70 111 210
70 112 28
70 113 98
70 114 168
70 115 238
70 116 56
70 117 126
70 118 196
70 119 14
70 120 84
70 121 154
70 122 224
70 123 42
70 124 112
70 125 182
70 126 0
70 127 70
70 128 140
70 129 210
70 130 28
70 131 98
70 132 168
70 133 238
70 134 56
70 135 126
70 136 196
70 137 14
70 138 84
70 139 154
70 140 224
70 141 42
70 142 112
70 143 182
70 144 0
70 145 70
70 146 140
70 147 210
70 148 28
70 149 98
70 150 168
70 151 238
70 152 56
70 153 126
70 154 196
70 155 14
70 156 84
70 157 154
70 158 224
70 159 42
70 160 112
70 161 182
70 162 0
70 163 70
70 164 140
70 165 210
70 166 28
70 167 98
70 168 168
70 169 238
70 170 56
70 171 126
70 172 196
70 173 14
70 174 84
70 175 154
70 176 224
70 177 42
70 178 112
70 179 182
70 180 0
70 181 70
70 182 140
70 183 210
70 184 28
70 185 98
70 186 168
70 187 238
70 188 56
70 189 126
70 190 196
70 191 14
70 192 84
70 193 154
70 194 224
70 195 42
70 196 112
70 197 182
70 198 0
70 199 70
70 200 140
70 201 210
70 202 28
70 203 98
70 204 168
70 205 238
70 206 56
70 207 126
70 208 196
70 209 14
70 210 84
70 211 154
70 212 224
70 213 42
70 214 112
70 215 182
70 216 0
70 217 70
70 218 140
70 219 210
70 220 28
70 221 98
70 222 168
70 223 238
70 224 56
70 225 126
70 226 196
70 227 14
70 228 84
70 229 154
70 230 224
70 231 42
70 232 112
70 233 182
70 234 0
70 235 70
70 236 140
70 237 210
70 238 28
70 239 98
70 240 168
70 241 238
70 242 56
70 243 126
70 244 196
70 245 14
70 246 84
70 247 154
70 248 224
70 249 42
70 250 112
70 251 182
70 252 0
70 253 70
70 254 140
70 255 210
70 256 28
71 72 72
71 73 143
71 74 214
71 75 33
71 76 104
71 77 175
71 78 246
71 79 65
71 80 136
71 81 207
71 82 26
71 83 97
71 84 168
71 85 239
71 86 58
71 87 129
71 88 200
71 89 19
71 90 90
71 91 161
71 92 232
71 93 51
71 94 122
71 95 193
71 96 12
71 97 83
71 98 154
71 99 225
71 100 44
71 101 115
71 102 186
71 103 5
71 104 76
71 105 147
71 106 218
71 107 37
71 108 108
71 109 179
71 110 250
71 111 69
71 112 140
71 113 211
71 114 30
71 115 101
71 116 172
71 117 243
71 118 62
71 119 133
71 120 204
71 121 23
71 122 94
71 123 165
71 124 236
71 125 55
71 126 126
71 127 197
71 128 16
71 129 87
71 130 158
71 131 229
71 132 48
71 133 119
71 134 190
71 135 9
71 136 80
71 137 151
71 138 222
71 139 41
71 140 112
71 141 183
71 142 2
71 143 73
71 144 144
71 145 215
71 146 34
71 147 105
71 148 176
71 149 247
71 150 66
71 151 137
71 152 208
71 153 27
71 154 98
71 155 169
71 156 240
71 157 59
71 158 130
71 159 201
71 160 20
71 161 91
71 162 162
71 163 233
71 164 52
71 165 123
71 166 194
71 167 13
71 168 84
71 169 155
71 170 226
71 171 45
71 172 116
71 173 187
71 174 6
71 175 77
71 176 148
71 177 219
71 178 38
71 179 109
71 180 180
71 181 251
71 182 70
71 183 141
71 184 212
71 185 31
71 186 102
71 187 173
71 188 244
71 189 63
71 190 134
71 191 205
71 192 24
71 193 95
71 194 166
71 195 237
71 196 56
71 197 127
71 198 198
71 199 17
71 200 88
71 201 159
71 202 230
71 203 49
71 204 120
71 205 191
71 206 10
71 207 81
71 208 152
71 209 223
71 210 42
71 211 113
71 212 184
71 213 3
71 214 74
71 215 145
71 216 216
71 217 35
71 218 106
71 219 177
71 220 248
71 221 67
71 222 138
71 223 209
71 224 28
71 225 99
71 226 170
71 227 241
71 228 60
71 229 131
71 230 202
71 231 21
71 232 92
71 233 163
71 234 234
71 235 53
71 236 124
71 237 195
71 238 14
71 239 85
71 240 156
71 241 227
71 242 46
71 243 117
71 244 188
71 245 7
71 246 78
71 247 149
71 248 220
71 249 39
71 250 110
71 251 181
71 252 0
71 253 71
71 254 142
71 255 213
71 256 32
72 73 216
72 74 36
72 75 108
72 76 180
72 77 0
72 78 72
72 79 144
72 80 216
72 81 36
72 82 108
72 83 180
72 84 0
72 85 72
72 86 144
72 87 216
72 88 36
72 89 108
72 90 180
72 91 0
72 92 72
72 93 144
72 94 216
72 95 36
72 96 108
72 97 180
72 98 0
72 99 72
72 100 144
72 101 216
72 102 36
72 103 108
72 104 180
72 105 0
72 106 72
72 107 144
72 108 216
72 109 36
72 110 108
72 111 180
72 112 0
72 113 72
72 114 144
72 115 216
72 116 36
72 117 108
72 118 180
72 119 0
72 120 72
72 121 144
72 122 216
72 123 36
72 124 108
72 125 180
72 126 0
72 127 72
72 128 144
72 129 216
72 130 36
72 131 108
72 132 180
72 133 0
72 134 72
72 135 144
72 136 216
72 137 36
72 138 108
72 139 180
72 140 0
72 141 72
72 142 144
72 143 216
72 144 36
72 145 108
72 146 180
72 147 0
72 148 72
72 149 144
72 150 216
72 151 36
72 152 108
72 153 180
72 154 0
72 155 72
72 156 144
72 157 216
72 158 36
72 159 108
72 160 180
72 161 0
72 162 72
72 163 144
72 164 216
72 165 36
72 166 108
72 167 180
72 168 0
72 169 72
72 170 144
72 171 216
72 172 36
72 173 108
72 174 180
72 175 0
72 176 72
72 177 144
72 178 216
72 179 36
72 180 108
72 181 180
72 182 0
72 183 72
72 184 144
72 185 216
72 186 36
72 187 108
72 188 180
72 189 0
72 190 72
72 191 144
72 192 216
72 193 36
72 194 108
72 195 180
72 196 0
72 197 72
72 198 144
72 199 216
72 200 36
72 201 108
72 202 180
72 203 0
72 204 72
72 205 144
72 206 216
72 207 36
72 208 108
72 209 180
72 210 0
72 211 72
72 212 144
72 213 216
72 214 36
72 215 108
72 216 180
72 217 0
72 218 72
72 219 144
72 220 216
72 221 36
72 222 108
72 223 180
72 224 0
72 225 72
72 226 144
72 227 216
72 228 36
72 229 108
72 230 180
72 231 0
72 232 72
72 233 144
72 234 216
72 235 36
72 236 108
72 237 180
72 238 0
72 239 72
72 240 144
72 241 216
72 242 36
72 243 108
72 244 180
72 245 0
72 246 72
72 247 144
72 248 216
72 249 36
72 250 108
72 251 180
72 252 0
72 253 72
72 254 144
72 255 216
72 256 36
73 74 110
73 75 183
73 76 4
73 77 77
73 78 150
73 79 223
73 80 44
73 81 117
73 82 190
73 83 11
73 84 84
73 85 157
73 86 230
73 87 51
73 88 124
73 89 197
73 90 18
73 91 91
73 92 164
73 93 237
73 94 58
73 95 131
73 96 204
73 97 25
73 98 98
73 99 171
73 100 244
73 101 65
73 102 138
73 103 211
73 104 32
73 105 105
73 106 178
73 107 251
73 108 72
73 109 145
73 110 218
73 111 39
73 112 112
73 113 185
73 114 6
73 115 79
73 116 152
73 117 225
73 118 46
73 119 119
73 120 192
73 121 13
73 122 86
73 123 159
73 124 232
73 125 53
73 126 126
73 127 199
73 128 20
73 129 93
73 130 166
73 131 239
73 132 60
73 133 133
73 134 206
73 135 27
73 136 100
73 137 173
73 138 246
73 139 67
73 140 140
73 141 213
73 142 34
73 143 107
73 144 180
73 145 1
73 146 74
73 147 147
73 148 220
73 149 41
73 150 114
73 151 187
73 152 8
73 153 81
73 154 154
73 155 227
73 156 48
73 157 121
73 158 194
73 159 15
73 160 88
73 161 161
73 162 234
73 163 55
73 164 128
73 165 201
73 166 22
73 167 95
73 168 168
73 169 241
73 170 62
73 171 135
73 172 208
73 173 29
73 174 102
73 175 175
73 176 248
73 177 69
73 178 142
73 179 215
73 180 36
73 181 109
73 182 182
73 183 3
73 184 76
73 185 149
73 186 222
73 187 43
73 188 116
73 189 189
73 190 10
73 191 83
73 192 156
73 193 229
73 194 50
73 195 123
73 196 196
73 197 17
73 198 90
73 199 163
73 200 236
73 201 57
73 202 130
73 203 203
73 204 24
73 205 97
73 206 170
73 207 243
73 208 64
73 209 137
73 210 210
73 211 31
73 212 104
73 213 177
73 214 250
73 215 71
73 216 144
73 217 217
73 218 38
73 219 111
73 220 184
73 221 5
73 222 78
73 223 151
73 224 224
73 225 45
73 226 118
73 227 191
73 228 12
73 229 85
73 230 158
73 231 231
73 232 52
73 233 125
73 234 198
73 235 19
73 236 92
73 237 165
73 238 238
73 239 59
73 240 132
73 241 205
73 242 26
73 243 99
73 244 172
73 245 245
73 246 66
73 247 139
73 248 212
73 249 33
73 250 106
73 251 179
73 252 0
73 253 73
73 254 146
73 255 219
73 256 40
74 75 6
74 76 80
74 77 154
74 78 228
74 79 50
74 80 124
74 81 198
74 82 20
74 83 94
74 84 168
74 85 242
74 86 64
74 87 138
74 88 212
74 89 34
74 90 108
74 91 182
74 92 4
74 93 78
74 94 152
74 95 226
74 96 48
74 97 122
74 98 196
74 99 18
74 100 92
74 101 166
74 102 240
74 103 62
74 104 136
74 105 210
74 106 32
74 107 106
74 108 180
74 109 2
74 110 76
74 111 150
74 112 224
74 113 46
74 114 120
74 115 194
74 116 16
74 117 90
74 118 164
74 119 238
74 120 60
74 121 134
74 122 208
74 123 30
74 124 104
74 125 178
74 126 0
74 127 74
74 128 148
74 129 222
74 130 44
74 131 118
74 132 192
74 133 14
74 134 88
74 135 162
74 136 236
74 137 58
74 138 132
74 139 206
74 140 28
74 141 102
74 142 176
74 143 250
74 144 72
74 145 146
74 146 220
74 147 42
74 148 116
74 149 190
74 150 12
74 151 86
74 152 160
74 153 234
74 154 56
74 155 130
74 156 204
74 157 26
74 158 100
74 159 174
74 160 248
74 161 70
74 162 144
74 163 218
74 164 40
74 165 114
74 166 188
74 167 10
74 168 84
74 169 158
74 170 232
74 171 54
74 172 128
74 173 202
74 174 24
74 175 98
74 176 172
74 177 246
74 178 68
74 179 142
74 180 216
74 181 38
74 182 112
74 183 186
74 184 8
74 185 82
74 186 156
74 187 230
74 188 52
74 189 126
74 190 200
74 191 22
74 192 96
74 193 170
74 194 244
74 195 66
74 196 140
74 197 214
74 198 36
74 199 110
74 200 184
74 201 6
74 202 80
74 203 154
74 204 228
74 205 50
74 206 124
74 207 198
74 208 20
74 209 94
74 210 168
74 211 242
74 212 64
74 213 138
74 214 212
74 215 34
74 216 108
74 217 182
74 218 4
74 219 78
74 220 152
74 221 226
74 222 48
74 223 122
74 224 196
74 225 18
74 226 92
74 227 166
74 228 240
74 229 62
74 230 136
74 231 210
74 232 32
74 233 106
74 234 180
74 235 2
74 236 76
74 237 150
74 238 224
74 239 46
74 240 120
74 241 194
74 242 16
74 243 90
74 244 164
74 245 238
74 246 60
74 247 134
74 248 208
74 249 30
74 250 104
74 251 178
74 252 0
74 253 74
74 254 148
74 255 222
74 256 44
75 76 156
75 77 231
75 78 54
75 79 129
75 80 204
75 81 27
75 82 102
75 83 177
75 84 0
75 85 75
75 86 150
75 87 225
75 88 48
75 89 123
75 90 198
75 91 21
75 92 96
75 93 171
75 94 246
75 95 69
75 96 144
75 97 219
75 98 42
75 99 117
75 100 192
75 101 15
75 102 90
75 103 165
75 104 240
75 105 63
75 106 138
75 107 213
75 108 36
75 109 111
75 110 186
75 111 9
75 112 84
75 113 159
75 114 234
75 115 57
75 116 132
75 117 207
75 118 30
75 119 105
75 120 180
75 121 3
75 122 78
75 123 153
75 124 228
75 125 51
75 126 126
75 127 201
75 128 24
75 129 99
75 130 174
75 131 249
75 132 72
75 133 147
75 134 222
75 135 45
75 136 120
75 137 195
75 138 18
75 139 93
75 140 168
75 141 243
75 142 66
75 143 141
75 144 216
75 145 39
75 146 114
75 147 189
75 148 12
75 149 87
75 150 162
75 151 237
75 152 60
75 153 135
75 154 210
75 155 33
75 156 108
75 157 183
75 158 6
75 159 81
75 160 156
75 161 231
75 162 54
75 163 129
75 164 204
75 165 27
75 166 102
75 167 177
75 168 0
75 169 75
75 170 150
75 171 225
75 172 48
75 173 123
75 174 198
75 175 21
75 176 96
75 177 171
75 178 246
75 179 69
75 180 144
75 181 219
75 182 42
75 183 117
75 184 192
75 185 15
75 186 90
75 187 165
75 188 240
75 189 63
75 190 138
75 191 213
75 192 36
75 193 111
75 194 186
75 195 9
75 196 84
75 197 159
75 198 234
75 199 57
75 200 132
75 201 207
75 202 30
75 203 105
75 204 180
75 205 3
75 206 78
75 207 153
75 208 228
75 209 51
75 210 126
75 211 201
75 212 24
75 213 99
75 214 174
75 215 249
75 216 72
75 217 147
75 218 222
75 219 45
75 220 120
75 221 195
75 222 18
75 223 93
75 224 168
75 225 243
75 226 66
75 227 141
75 228 216
75 229 39
75 230 114
75 231 189
75 232 12
75 233 87
75 234 162
75 235 237
75 236 60
75 237 135
75 238 210
75 239 33
75 240 108
75 241 183
75 242 6
75 243 81
75 244 156
75 245 231
75 246 54
75 247 129
75 248 204
75 249 27
75 250 102
75 251 177
75 252 0
75 253 75
75 254 150
75 255 225
75 256 48
76 77 56
76 78 132
76 79 208
76 80 32
76 81 108
76 82 184
76 83 8
76 84 84
76 85 160
76 86 236
76 87 60
76 88 136
76 89 212
76 90 36
76 91 112
76 92 188
76 93 12
76 94 88
76 95 164
76 96 240
76 97 64
76 98 140
76 99 216
76 100 40
76 101 116
76 102 192
76 103 16
76 104 92
76 105 168
76 106 244
76 107 68
76 108 144
76 109 220
76 110 44
76 111 120
76 112 196
76 113 20
76 114 96
76 115 172
76 116 248
76 117 72
76 118 148
76 119 224
76 120 48
76 121 124
76 122 200
76 123 24
76 124 100
76 125 176
76 126 0
76 127 76
76 128 152
76 129 228
76 130 52
76 131 128
76 132 204
76 133 28
76 134 104
76 135 180
76 136 4
76 137 80
76 138 156
76 139 232
76 140 56
76 141 132
76 142 208
76 143 32
76 144 108
76 145 184
76 146 8
76 147 84
76 148 160
76 149 236
76 150 60
76 151 136
76 152 212
76 153 36
76 154 112
76 155 188
76 156 12
76 157 88
76 158 164
76 159 240
76 160 64
76 161 140
76 162 216
76 163 40
76 164 116
76 165 192
76 166 16
76 167 92
76 168 168
76 169 244
76 170 68
76 171 144
76 172 220
76 173 44
76 174 120
76 175 196
76 176 20
76 177 96
76 178 172
76 179 248
76 180 72
76 181 148
76 182 224
76 183 48
76 184 124
76 185 200
76 186 24
76 187 100
76 188 176
76 189 0
76 190 76
76 191 152
76 192 228
76 193 52
76 194 128
76 195 204
76 196 28
76 197 104
76 198 180
76 199 4
76 200 80
76 201 156
76 202 232
76 203 56
76 204 132
76 205 208
76 206 32
76 207 108
76 208 184
76 209 8
76 210 84
76 211 160
76 212 236
76 213 60
76 214 136
76 215 212
76 216 36
76 217 112
76 218 188
76 219 12
76 220 88
76 221 164
76 222 240
76 223 64
76 224 140
76 225 216
76 226 40
76 227 116
76 228 192
76 229 16
76 230 92
76 231 168
76 232 244
76 233 68
76 234 144
76 235 220
76 236 44
76 237 120
76 238 196
76 239 20
76 240 96
76 241 172
76 242 248
76 243 72
76 244 148
76 245 224
76 246 48
76 247 124
76 248 200
76 249 24
76 250 100
76 251 176
76 252 0
76 253 76
76 254 152
76 255 228
76 256 52
77 78 210
77 79 35
77 80 112
77 81 189
77 82 14
77 83 91
77 84 168
77 85 245
77 86 70
77 87 147
77 88 224
77 89 49
77 90 126
77 91 203
77 92 28
77 93 105
77 94 182
77 95 7
77 96 84
77 97 161
77 98 238
77 99 63
77 100 140
77 101 217
77 102 42
77 103 119
77 104 196
77 105 21
77 106 98
77 107 175
77 108 0
77 109 77
77 110 154
77 111 231
77 112 56
77 113 133
77 114 210
77 115 35
77 116 112
77 117 189
77 118 14
77 119 91
77 120 168
77 121 245
77 122 70
77 123 147
77 124 224
77 125 49
77 126 126
77 127 203
77 128 28
77 129 105
77 130 182
77 131 7
77 132 84
77 133 161
77 134 238
77 135 63
77 136 140
77 137 217
77 138 42
77 139 119
77 140 196
77 141 21
77 142 98
77 143 175
77 144 0
77 145 77
77 146 154
77 147 231
77 148 56
77 149 133
77 150 210
77 151 35
77 152 112
77 153 189
77 154 14
77 155 91
77 156 168
77 157 245
77 158 70
77 159 147
77 160 224
77 161 49
77 162 126
77 163 203
77 164 28
77 165 105
77 166 182
77 167 7
77 168 84
77 169 161
77 170 238
77 171 63
77 172 140
77 173 217
77 174 42
77 175 119
77 176 196
77 177 21
77 178 98
77 179 175
77 180 0
77 181 77
77 182 154
77 183 231
77 184 56
77 185 133
77 186 210
77 187 35
77 188 112
77 189 189
77 190 14
77 191 91
77 192 168
77 193 245
77 194 70
77 195 147
77 196 224
77 197 49
77 198 126
77 199 203
77 200 28
77 201 105
77 202 182
77 203 7
77 204 84
77 205 161
77 206 238
77 207 63
77 208 140
77 209 217
77 210 42
77 211 119
77 212 196
77 213 21
77 214 98
77 215 175
77 216 0
77 217 77
77 218 154
77 219 231
77 220 56
77 221 133
77 222 210
77 223 35
77 224 112
77 225 189
77 226 14
77 227 91
77 228 168
77 229 245
77 230 70
77 231 147
77 232 224
77 233 49
77 234 126
77 235 203
77 236 28
77 237 105
77 238 182
77 239 7
77 240 84
77 241 161
77 242 238
77 243 63
77 244 140
77 245 217
77 246 42
77 247 119
77 248 196
77 249 21
77 250 98
77 251 175
77 252 0
77 253 77
77 254 154
77 255 231
77 256 56
78 79 114
78 80 192
78 81 18
78 82 96
78 83 174
78 84 0
78 85 78
78 86 156
78 87 234
78 88 60
78 89 138
78 90 216
78 91 42
78 92 120
78 93 198
78 94 24
78 95 102
78 96 180
78 97 6
78 98 84
78 99 162
78 100 240
78 101 66
78 102 144
78 103 222
78 104 48
78 105 126
78 106 204
78 107 30
78 108 108
78 109 186
78 110 12
78 111 90
78 112 168
78 113 246
78 114 72
78 115 150
78 116 228
78 117 54
78 118 132
78 119 210
78 120 36
78 121 114
78 122 192
78 123 18
78 124 96
78 125 174
78 126 0
78 127 78
78 128 156
78 129 234
78 130 60
78 131 138
78 132 216
78 133 42
78 134 120
78 135 198
78 136 24
78 137 102
78 138 180
78 139 6
78 140 84
78 141 162
78 142 240
78 143 66
78 144 144
78 145 222
78 146 48
78 147 126
78 148 204
78 149 30
78 150 108
78 151 186
78 152 12
78 153 90
78 154 168
78 155 246
78 156 72
78 157 150
78 158 228
78 159 54
78 160 132
78 161 210
78 162 36
78 163 114
78 164 192
78 165 18
78 166 96
78 167 174
78 168 0
78 169 78
78 170 156
78 171 234
78 172 60
78 173 138
78 174 216
78 175 42
78 176 120
78 177 198
78 178 24
78 179 102
78 180 180
78 181 6
78 182 84
78 183 162
78 184 240
78 185 66
78 186 144
78 187 222
78 188 48
78 189 126
78 190 204
78 191 30
78 192 108
78 193 186
78 194 12
78 195 90
78 196 168
78 197 246
78 198 72
78 199 150
78 200 228
78 201 54
78 202 132
78 203 210
78 204 36
78 205 114
78 206 192
78 207 18
78 208 96
78 209 174
78 210 0
78 211 78
78 212 156
78 213 234
78 214 60
78 215 138
78 216 216
78 217 42
78 218 120
78 219 198
78 220 24
78 221 102
78 222 180
78 223 6
78 224 84
78 225 162
78 226 240
78 227 66
78 228 144
78 229 222
78 230 48
78 231 126
78 232 204
78 233 30
78 234 108
78 235 186
78 236 12
78 237 90
78 238 168
78 239 246
78 240 72
78 241 150
78 242 228
78 243 54
78 244 132
78 245 210
78 246 36
78 247 114
78 248 192
78 249 18
78 250 96
78 251 174
78 252 0
78 253 78
78 254 156
78 255 234
78 256 60
79 80 20
79 81 99
79 82 178
79 83 5
79 84 84
79 85 163
79 86 242
79 87 69
79 88 148
79 89 227
79 90 54
79 91 133
79 92 212
79 93 39
79 94 118
79 95 197
79 96 24
79 97 103
79 98 182
79 99 9
79 100 88
79 101 167
79 102 246
79 103 73
79 104 152
79 105 231
79 106 58
79 107 137
79 108 216
79 109 43
79 110 122
79 111 201
79 112 28
79 113 107
79 114 186
79 115 13
79 116 92
79 117 171
79 118 250
79 119 77
79 120 156
79 121 235
79 122 62
79 123 141
79 124 220
79 125 47
79 126 126
79 127 205
79 128 32
79 129 111
79 130 190
79 131 17
79 132 96
79 133 175
79 134 2
79 135 81
79 136 160
79 137 239
79 138 66
79 139 145
79 140 224
79 141 51
79 142 130
79 143 209
79 144 36
79 145 115
79 146 194
79 147 21
79 148 100
79 149 179
79 150 6
79 151 85
79 152 164
79 153 243
79 154 70
79 155 149
79 156 228
79 157 55
79 158 134
79 159 213
79 160 40
79 161 119
79 162 198
79 163 25
79 164 104
79 165 183
79 166 10
79 167 89
79 168 168
79 169 247
79 170 74
79 171 153
79 172 232
79 173 59
79 174 138
79 175 217
79 176 44
79 177 123
79 178 202
79 179 29
79 180 108
79 181 187
79 182 14
79 183 93
79 184 172
79 185 251
79 186 78
79 187 157
79 188 236
79 189 63
79 190 142
79 191 221
79 192 48
79 193 127
79 194 206
79 195 33
79 196 112
79 197 191
79 198 18
79 199 97
79 200 176
79 201 3
79 202 82
79 203 161
79 204 240
79 205 67
79 206 146
79 207 225
79 208 52
79 209 131
79 210 210
79 211 37
79 212 116
79 213 195
79 214 22
79 215 101
79 216 180
79 217 7
79 218 86
79 219 165
79 220 244
79 221 71
79 222 150
79 223 229
79 224 56
79 225 135
79 226 214
79 227 41
79 228 120
79 229 199
79 230 26
79 231 105
79 232 184
79 233 11
79 234 90
79 235 169
79 236 248
79 237 75
79 238 154
79 239 233
79 240 60
79 241 139
79 242 218
79 243 45
79 244 124
79 245 203
79 246 30
79 247 109
79 248 188
79 249 15
79 250 94
79 251 173
79 252 0
79 253 79
79 254 158
79 255 237
79 256 64
80 81 180
80 82 8
80 83 88
80 84 168
80 85 248
80 86 76
80 87 156
80 88 236
80 89 64
80 90 144
80 91 224
80 92 52
80 93 132
80 94 212
80 95 40
80 96 120
80 97 200
80 98 28
80 99 108
80 100 188
80 101 16
80 102 96
80 103 176
80 104 4
80 105 84
80 106 164
80 107 244
80 108 72
80 109 152
80 110 232
80 111 60
80 112 140
80 113 220
80 114 48
80 115 128
80 116 208
80 117 36
80 118 116
80 119 196
80 120 24
80 121 104
80 122 184
80 123 12
80 124 92
80 125 172
80 126 0
80 127 80
80 128 160
80 129 240
80 130 68
80 131 148
80 132 228
80 133 56
80 134 136
80 135 216
80 136 44
80 137 124
80 138 204
80 139 32
80 140 112
80 141 192
80 142 20
80 143 100
80 144 180
80 145 8
80 146 88
80 147 168
80 148 248
80 149 76
80 150 156
80 151 236
80 152 64
80 153 144
80 154 224
80 155 52
80 156 132
80 157 212
80 158 40
80 159 120
80 160 200
80 161 28
80 162 108
80 163 188
80 164 16
80 165 96
80 166 176
80 167 4
80 168 84
80 169 164
80 170 244
80 171 72
80 172 152
80 173 232
80 174 60
80 175 140
80 176 220
80 177 48
80 178 128
80 179 208
80 180 36
80 181 116
80 182 196
80 183 24
80 184 104
80 185 184
80 186 12
80 187 92
80 188 172
80 189 0
80 190 80
80 191 160
80 192 240
80 193 68
80 194 148
80 195 228
80 196 56
80 197 136
80 198 216
80 199 44
80 200 124
80 201 204
80 202 32
80 203 112
80 204 192
80 205 20
80 206 100
80 207 180
80 208 8
80 209 88
80 210 168
80 211 248
80 212 76
80 213 156
80 214 236
80 215 64
80 216 144
80 217 224
80 218 52
80 219 132
80 220 212
80 221 40
80 222 120
80 223 200
80 224 28
80 225 108
80 226 188
80 227 16
80 228 96
80 229 176
80 230 4
80 231 84
80 232 164
80 233 244
80 234 72
80 235 152
80 236 232
80 237 60
80 238 140
80 239 220
80 240 48
80 241 128
80 242 208
80 243 36
80 244 116
80 245 196
80 246 24
80 247 104
80 248 184
80 249 12
80 250 92
80 251 172
80 252 0
80 253 80
80 254 160
80 255 240
80 256 68
81 82 90
81 83 171
81 84 0
81 85 81
81 86 162
81 87 243
81 88 72
81 89 153
81 90 234
81 91 63
81 92 144
81 93 225
81 94 54
81 95 135
81 96 216
81 97 45
81 98 126
81 99 207
81 100 36
81 101 117
81 102 198
81 103 27
81 104 108
81 105 189
81 106 18
81 107 99
81 108 180
81 109 9
81 110 90
81 111 171
81 112 0
81 113 81
81 114 162
81 115 243
81 116 72
81 117 153
81 118 234
81 119 63
81 120 144
81 121 225
81 122 54
81 123 135
81 124 216
81 125 45
81 126 126
81 127 207
81 128 36
81 129 117
81 130 198
81 131 27
81 132 108
81 133 189
81 134 18
81 135 99
81 136 180
81 137 9
81 138 90
81 139 171
81 140 0
81 141 81
81 142 162
81 143 243
81 144 72
81 145 153
81 146 234
81 147 63
81 148 144
81 149 225
81 150 54
81 151 135
81 152 216
81 153 45
81 154 126
81 155 207
81 156 36
81 157 117
81 158 198
81 159 27
81 160 108
81 161 189
81 162 18
81 163 99
81 164 180
81 165 9
81 166 90
81 167 171
81 168 0
81 169 81
81 170 162
81 171 243
81 172 72
81 173 153
81 174 234
81 175 63
81 176 144
81 177 225
81 178 54
81 179 135
81 180 216
81 181 45
81 182 126
81 183 207
81 184 36
81 185 117
81 186 198
81 187 27
81 188 108
81 189 189
81 190 18
81 191 99
81 192 180
81 193 9
81 194 90
81 195 171
81 196 0
81 197 81
81 198 162
81 199 243
81 200 72
81 201 153
81 202 234
81 203 63
81 204 144
81 205 225
81 206 54
81 207 135
81 208 216
81 209 45
81 210 126
81 211 207
81 212 36
81 213 117
81 214 198
81 215 27
81 216 108
81 217 189
81 218 18
81 219 99
81 220 180
81 221 9
81 222 90
81 223 171
81 224 0
81 225 81
81 226 162
81 227 243
81 228 72
81 229 153
81 230 234
81 231 63
81 232 144
81 233 225
81 234 54
81 235 135
81 236 216
81 237 45
81 238 126
81 239 207
81 240 36
81 241 117
81 242 198
81 243 27
81 244 108
81 245 189
81 246 18
81 247 99
81 248 180
81 249 9
81 250 90
81 251 171
81 252 0
81 253 81
81 254 162
81 255 243
81 256 72
82 83 2
82 84 84
82 85 166
82 86 248
82 87 78
82 88 160
82 89 242
82 90 72
82 91 154
82 92 236
82 93 66
82 94 148
82 95 230
82 96 60
82 97 142
82 98 224
82 99 54
82 100 136
82 101 218
82 102 48
82 103 130
82 104 212
82 105 42
82 106 124
82 107 206
82 108 36
82 109 118
82 110 200
82 111 30
82 112 112
82 113 194
82 114 24
82 115 106
82 116 188
82 117 18
82 118 100
82 119 182
82 120 12
82 121 94
82 122 176
82 123 6
82 124 88
82 125 170
82 126 0
82 127 82
82 128 164
82 129 246
82 130 76
82 131 158
82 132 240
82 133 70
82 134 152
82 135 234
82 136 64
82 137 146
82 138 228
82 139 58
82 140 140
82 141 222
82 142 52
82 143 134
82 144 216
82 145 46
82 146 128
82 147 210
82 148 40
82 149 122
82 150 204
82 151 34
82 152 116
82 153 198
82 154 28
82 155 110
82 156 192
82 157 22
82 158 104
82 159 186
82 160 16
82 161 98
82 162 180
82 163 10
82 164 92
82 165 174
82 166 4
82 167 86
82 168 168
82 169 250
82 170 80
82 171 162
82 172 244
82 173 74
82 174 156
82 175 238
82 176 68
82 177 150
82 178 232
82 179 62
82 180 144
82 181 226
82 182 56
82 183 138
82 184 220
82 185 50
82 186 132
82 187 214
82 188 44
82 189 126
82 190 208
82 191 38
82 192 120
82 193 202
82 194 32
82 195 114
82 196 196
82 197 26
82 198 108
82 199 190
82 200 20
82 201 102
82 202 184
82 203 14
82 204 96
82 205 178
82 206 8
82 207 90
82 208 172
82 209 2
82 210 84
82 211 166
82 212 248
82 213 78
82 214 160
82 215 242
82 216 72
82 217 154
82 218 236
82 219 66
82 220 148
82 221 230
82 222 60
82 223 142
82 224 224
82 225 54
82 226 136
82 227 218
82 228 48
82 229 130
82 230 212
82 231 42
82 232 124
82 233 206
82 234 36
82 235 118
82 236 200
82 237 30
82 238 112
82 239 194
82 240 24
82 241 106
82 242 188
82 243 18
82 244 100
82 245 182
82 246 12
82 247 94
82 248 176
82 249 6
82 250 88
82 251 170
82 252 0
82 253 82
82 254 164
82 255 246
82 256 76
83 84 168
83 85 251
83 86 82
83 87 165
83 88 248
83 89 79
83 90 162
83 91 245
83 92 76
83 93 159
83 94 242
83 95 73
83 96 156
83 97 239
83 98 70
83 99 153
83 100 236
83 101 67
83 102 150
83 103 233
83 104 64
83 105 147
83 106 230
83 107 61
83 108 144
83 109 227
83 110 58
83 111 141
83 112 224
83 113 55
83 114 138
83 115 221
83 116 52
83 117 135
83 118 218
83 119 49
83 120 132
83 121 215
83 122 46
83 123 129
83 124 212
83 125 43
83 126 126
83 127 209
83 128 40
83 129 123
83 130 206
83 131 37
83 132 120
83 133 203
83 134 34
83 135 117
83 136 200
83 137 31
83 138 114
83 139 197
83 140 28
83 141 111
83 142 194
83 143 25
83 144 108
83 145 191
83 146 22
83 147 105
83 148 188
83 149 19
83 150 102
83 151 185
83 152 16
83 153 99
83 154 182
83 155 13
83 156 96
83 157 179
83 158 10
83 159 93
83 160 176
83 161 7
83 162 90
83 163 173
83 164 4
83 165 87
83 166 170
83 167 1
83 168 84
83 169 167
83 170 250
83 171 81
83 172 164
83 173 247
83 174 78
83 175 161
83 176 244
83 177 75
83 178 158
83 179 241
83 180 72
83 181 155
83 182 238
83 183 69
83 184 152
83 185 235
83 186 66
83 187 149
83 188 232
83 189 63
83 190 146
83 191 229
83 192 60
83 193 143
83 194 226
83 195 57
83 196 140
83 197 223
83 198 54
83 199 137
83 200 220
83 201 51
83 202 134
83 203 217
83 204 48
83 205 131
83 206 214
83 207 45
83 208 128
83 209 211
83 210 42
83 211 125
83 212 208
83 213 39
83 214 122
83 215 205
83 216 36
83 217 119
83 218 202
83 219 33
83 220 116
83 221 199
83 222 30
83 223 113
83 224 196
83 225 27
83 226 110
83 227 193
83 228 24
83 229 107
83 230 190
83 231 21
83 232 104
83 233 187
83 234 18
83 235 101
83 236 184
83 237 15
83 238 98
83 239 181
83 240 12
83 241 95
83 242 178
83 243 9
83 244 92
83 245 175
83 246 6
83 247 89
83 248 172
83 249 3
83 250 86
83 251 169
83 252 0
83 253 83
83 254 166
83 255 249
83 256 80
84 85 84
84 86 168
84 87 0
84 88 84
84 89 168
84 90 0
84 91 84
84 92 168
84 93 0
84 94 84
84 95 168
84 96 0
84 97 84
84 98 168
84 99 0
84 100 84
84 101 168
84 102 0
84 103 84
84 104 168
84 105 0
84 106 84
84 107 168
84 108 0
84 109 84
84 110 168
84 111 0
84 112 84
84 113 168
84 114 0
84 115 84
84 116 168
84 117 0
84 118 84
84 119 168
84 120 0
84 121 84
84 122 168
84 123 0
84 124 84
84 125 168
84 126 0
84 127 84
84 128 168
84 129 0
84 130 84
84 131 168
84 132 0
84 133 84
84 134 168
84 135 0
84 136 84
84 137 168
84 138 0
84 139 84
84 140 168
84 141 0
84 142 84
84 143 168
84 144 0
84 145 84
84 146 168
84 147 0
84 148 84
84 149 168
84 150 0
84 151 84
84 152 168
84 153 0
84 154 84
84 155 168
84 156 0
84 157 84
84 158 168
84 159 0
84 160 84
84 161 168
84 162 0
84 163 84
84 164 168
84 165 0
84 166 84
84 167 168
84 168 0
84 169 84
84 170 168
84 171 0
84 172 84
84 173 168
84 174 0
84 175 84
84 176 168
84 177 0
84 178 84
84 179 168
84 180 0
84 181 84
84 182 168
84 183 0
84 184 84
84 185 168
84 186 0
84 187 84
84 188 168
84 189 0
84 190 84
84 191 168
84 192 0
84 193 84
84 194 168
84 195 0
84 196 84
84 197 168
84 198 0
84 199 84
84 200 168
84 201 0
84 202 84
84 203 168
84 204 0
84 205 84
84 206 168
84 207 0
84 208 84
84 209 168
84 210 0
84 211 84
84 212 168
84 213 0
84 214 84
84 215 168
84 216 0
84 217 84
84 218 168
84 219 0
84 220 84
84 221 168
84 222 0
84 223 84
84 224 168
84 225 0
84 226 84
84 227 168
84 228 0
84 229 84
84 230 168
84 231 0
84 232 84
84 233 168
84 234 0
84 235 84
84 236 168
84 237 0
84 238 84
84 239 168
84 240 0
84 241 84
84 242 168
84 243 0
84 244 84
84 245 168
84 246 0
84 247 84
84 248 168
84 249 0
84 250 84
84 251 168
84 252 0
84 253 84
84 254 168
84 255 0
84 256 84
85 86 2
85 87 87
85 88 172
85 89 5
85 90 90
85 91 175
85 92 8
85 93 93
85 94 178
85 95 11
85 96 96
85 97 181
85 98 14
85 99 99
85 100 184
85 101 17
85 102 102
85 103 187
85 104 20
85 105 105
85 106 190
85 107 23
85 108 108
85 109 193
85 110 26
85 111 111
85 112 196
85 113 29
85 114 114
85 115 199
85 116 32
85 117 117
85 118 202
85 119 35
85 120 120
85 121 205
85 122 38
85 123 123
85 124 208
85 125 41
85 126 126
85 127 211
85 128 44
85 129 129
85 130 214
85 131 47
85 132 132
85 133 217
85 134 50
85 135 135
85 136 220
85 137 53
85 138 138
85 139 223
85 140 56
85 141 141
85 142 226
85 143 59
85 144 144
85 145 229
85 146 62
85 147 147
85 148 232
85 149 65
85 150 150
85 151 235
85 152 68
85 153 153
85 154 238
85 155 71
85 156 156
85 157 241
85 158 74
85 159 159
85 160 244
85 161 77
85 162 162
85 163 247
85 164 80
85 165 165
85 166 250
85 167 83
85 168 168
85 169 1
85 170 86
85 171 171
85 172 4
85 173 89
85 174 174
85 175 7
85 176 92
85 177 177
85 178 10
85 179 95
85 180 180
85 181 13
85 182 98
85 183 183
85 184 16
85 185 101
85 186 186
85 187 19
85 188 104
85 189 189
85 190 22
85 191 107
85 192 192
85 193 25
85 194 110
85 195 195
85 196 28
85 197 113
85 198 198
85 199 31
85 200 116
85 201 201
85 202 34
85 203 119
85 204 204
85 205 37
85 206 122
85 207 207
85 208 40
85 209 125
85 210 210
85 211 43
85 212 128
85 213 213
85 214 46
85 215 131
85 216 216
85 217 49
85 218 134
85 219 219
85 220 52
85 221 137
85 222 222
85 223 55
85 224 140
85 225 225
85 226 58
85 227 143
85 228 228
85 229 61
85 230 146
85 231 231
85 232 64
85 233 149
85 234 234
85 235 67
85 236 152
85 237 237
85 238 70
85 239 155
85 240 240
85 241 73
85 242 158
85 243 243
85 244 76
85 245 161
85 246 246
85 247 79
85 248 164
85 249 249
85 250 82
85 251 167
85 252 0
85 253 85
85 254 170
85 255 3
85 256 88
86 87 174
86 88 8
86 89 94
86 90 180
86 91 14
86 92 100
86 93 186
86 94 20
86 95 106
86 96 192
86 97 26
86 98 112
86 99 198
86 100 32
86 101 118
86 102 204
86 103 38
86 104 124
86 105 210
86 106 44
86 107 130
86 108 216
86 109 50
86 110 136
86 111 222
86 112 56
86 113 142
86 114 228
86 115 62
86 116 148
86 117 234
86 118 68
86 119 154
86 120 240
86 121 74
86 122 160
86 123 246
86 124 80
86 125 166
86 126 0
86 127 86
86 128 172
86 129 6
86 130 92
86 131 178
86 132 12
86 133 98
86 134 184
86 135 18
86 136 104
86 137 190
86 138 24
86 139 110
86 140 196
86 141 30
86 142 116
86 143 202
86 144 36
86 145 122
86 146 208
86 147 42
86 148 128
86 149 214
86 150 48
86 151 134
86 152 220
86 153 54
86 154 140
86 155 226
86 156 60
86 157 146
86 158 232
86 159 66
86 160 152
86 161 238
86 162 72
86 163 158
86 164 244
86 165 78
86 166 164
86 167 250
86 168 84
86 169 170
86 170 4
86 171 90
86 172 176
86 173 10
86 174 96
86 175 182
86 176 16
86 177 102
86 178 188
86 179 22
86 180 108
86 181 194
86 182 28
86 183 114
86 184 200
86 185 34
86 186 120
86 187 206
86 188 40
86 189 126
86 190 212
86 191 46
86 192 132
86 193 218
86 194 52
86 195 138
86 196 224
86 197 58
86 198 144
86 199 230
86 200 64
86 201 150
86 202 236
86 203 70
86 204 156
86 205 242
86 206 76
86 207 162
86 208 248
86 209 82
86 210 168
86 211 2
86 212 88
86 213 174
86 214 8
86 215 94
86 216 180
86 217 14
86 218 100
86 219 186
86 220 20
86 221 106
86 222 192
86 223 26
86 224 112
86 225 198
86 226 32
86 227 118
86 228 204
86 229 38
86 230 124
86 231 210
86 232 44
86 233 130
86 234 216
86 235 50
86 236 136
86 237 222
86 238 56
86 239 142
86 240 228
86 241 62
86 242 148
86 243 234
86 244 68
86 245 154
86 246 240
86 247 74
86 248 160
86 249 246
86 250 80
86 251 166
86 252 0
86 253 86
86 254 172
86 255 6
86 256 92
87 88 96
87 89 183
87 90 18
87 91 105
87 92 192
87 93 27
87 94 114
87 95 201
87 96 36
87 97 123
87 98 210
87 99 45
87 100 132
87 101 219
87 102 54
87 103 141
87 104 228
87 105 63
87 106 150
87 107 237
87 108 72
87 109 159
87 110 246
87 111 81
87 112 168
87 113 3
87 114 90
87 115 177
87 116 12
87 117 99
87 118 186
87 119 21
87 120 108
87 121 195
87 122 30
87 123 117
87 124 204
87 125 39
87 126 126
87 127 213
87 128 48
87 129 135
87 130 222
87 131 57
87 132 144
87 133 231
87 134 66
87 135 153
87 136 240
87 137 75
87 138 162
87 139 249
87 140 84
87 141 171
87 142 6
87 143 93
87 144 180
87 145 15
87 146 102
87 147 189
87 148 24
87 149 111
87 150 198
87 151 33
87 152 120
87 153 207
87 154 42
87 155 129
87 156 216
87 157 51
87 158 138
87 159 225
87 160 60
87 161 147
87 162 234
87 163 69
87 164 156
87 165 243
87 166 78
87 167 165
87 168 0
87 169 87
87 170 174
87 171 9
87 172 96
87 173 183
87 174 18
87 175 105
87 176 192
87 177 27
87 178 114
87 179 201
87 180 36
87 181 123
87 182 210
87 183 45
87 184 132
87 185 219
87 186 54
87 187 141
87 188 228
87 189 63
87 190 150
87 191 237
87 192 72
87 193 159
87 194 246
87 195 81
87 196 168
87 197 3
87 198 90
87 199 177
87 200 12
87 201 99
87 202 186
87 203 21
87 204 108
87 205 195
87 206 30
87 207 117
87 208 204
87 209 39
87 210 126
87 211 213
87 212 48
87 213 135
87 214 222
87 215 57
87 216 144
87 217 231
87 218 66
87 219 153
87 220 240
87 221 75
87 222 162
87 223 249
87 224 84
87 225 171
87 226 6
87 227 93
87 228 180
87 229 15
87 230 102
87 231 189
87 232 24
87 233 111
87 234 198
87 235 33
87 236 120
87 237 207
87 238 42
87 239 129
87 240 216
87 241 51
87 242 138
87 243 225
87 244 60
87 245 147
87 246 234
87 247 69
87 248 156
87 249 243
87 250 78
87 251 165
87 252 0
87 253 87
87 254 174
87 255 9
87 256 96
88 89 20
88 90 108
88 91 196
88 92 32
88 93 120
88 94 208
88 95 44
88 96 132
88 97 220
88 98 56
88 99 144
88 100 232
88 101 68
88 102 156
88 103 244
88 104 80
88 105 168
88 106 4
88 107 92
88 108 180
88 109 16
88 110 104
88 111 192
88 112 28
88 113 116
88 114 204
88 115 40
88 116 128
88 117 216
88 118 52
88 119 140
88 120 228
88 121 64
88 122 152
88 123 240
88 124 76
88 125 164
88 126 0
88 127 88
88 128 176
88 129 12
88 130 100
88 131 188
88 132 24
88 133 112
88 134 200
88 135 36
88 136 124
88 137 212
88 138 48
88 139 136
88 140 224
88 141 60
88 142 148
88 143 236
88 144 72
88 145 160
88 146 248
88 147 84
88 148 172
88 149 8
88 150 96
88 151 184
88 152 20
88 153 108
88 154 196
88 155 32
88 156 120
88 157 208
88 158 44
88 159 132
88 160 220
88 161 56
88 162 144
88 163 232
88 164 68
88 165 156
88 166 244
88 167 80
88 168 168
88 169 4
88 170 92
88 171 180
88 172 16
88 173 104
88 174 192
88 175 28
88 176 116
88 177 204
88 178 40
88 179 128
88 180 216
88 181 52
88 182 140
88 183 228
88 184 64
88 185 152
88 186 240
88 187 76
88 188 164
88 189 0
88 190 88
88 191 176
88 192 12
88 193 100
88 194 188
88 195 24
88 196 112
88 197 200
88 198 36
88 199 124
88 200 212
88 201 48
88 202 136
88 203 224
88 204 60
88 205 148
88 206 236
88 207 72
88 208 160
88 209 248
88 210 84
88 211 172
88 212 8
88 213 96
88 214 184
88 215 20
88 216 108
88 217 196
88 218 32
88 219 120
88 220 208
88 221 44
88 222 132
88 223 220
88 224 56
88 225 144
88 226 232
88 227 68
88 228 156
88 229 244
88 230 80
88 231 168
88 232 4
88 233 92
88 234 180
88 235 16
88 236 104
88 237 192
88 238 28
88 239 116
88 240 204
88 241 40
88 242 128
88 243 216
88 244 52
88 245 140
88 246 228
88 247 64
88 248 152
88 249 240
88 250 76
88 251 164
88 252 0
88 253 88
88 254 176
88 255 12
88 256 100
89 90 198
89 91 35
89 92 124
89 93 213
89 94 50
89 95 139
89 96 228
89 97 65
89 98 154
89 99 243
89 100 80
89 101 169
89 102 6
89 103 95
89 104 184
89 105 21
89 106 110
89 107 199
89 108 36
89 109 125
89 110 214
89 111 51
89 112 140
89 113 229
89 114 66
89 115 155
89 116 244
89 117 81
89 118 170
89 119 7
89 120 96
89 121 185
89 122 22
89 123 111
89 124 200
89 125 37
89 126 126
89 127 215
89 128 52
89 129 141
89 130 230
89 131 67
89 132 156
89 133 245
89 134 82
89 135 171
89 136 8
89 137 97
89 138 186
89 139 23
89 140 112
89 141 201
89 142 38
89 143 127
89 144 216
89 145 53
89 146 142
89 147 231
89 148 68
89 149 157
89 150 246
89 151 83
89 152 172
89 153 9
89 154 98
89 155 187
89 156 24
89 157 113
89 158 202
89 159 39
89 160 128
89 161 217
89 162 54
89 163 143
89 164 232
89 165 69
89 166 158
89 167 247
89 168 84
89 169 173
89 170 10
89 171 99
89 172 188
89 173 25
89 174 114
89 175 203
89 176 40
89 177 129
89 178 218
89 179 55
89 180 144
89 181 233
89 182 70
89 183 159
89 184 248
89 185 85
89 186 174
89 187 11
89 188 100
89 189 189
89 190 26
89 191 115
89 192 204
89 193 41
89 194 130
89 195 219
89 196 56
89 197 145
89 198 234
89 199 71
89 200 160
89 201 249
89 202 86
89 203 175
89 204 12
89 205 101
89 206 190
89 207 27
89 208 116
89 209 205
89 210 42
89 211 131
89 212 220
89 213 57
89 214 146
89 215 235
89 216 72
89 217 161
89 218 250
89 219 87
89 220 176
89 221 13
89 222 102
89 223 191
89 224 28
89 225 117
89 226 206
89 227 43
89 228 132
89 229 221
89 230 58
89 231 147
89 232 236
89 233 73
89 234 162
89 235 251
89 236 88
89 237 177
89 238 14
89 239 103
89 240 192
89 241 29
89 242 118
89 243 207
89 244 44
89 245 133
89 246 222
89 247 59
89 248 148
89 249 237
89 250 74
89 251 163
89 252 0
89 253 89
89 254 178
89 255 15
89 256 104
90 91 126
90 92 216
90 93 54
90 94 144
90 95 234
90 96 72
90 97 162
90 98 0
90 99 90
90 100 180
90 101 18
90 102 108
90 103 198
90 104 36
90 105 126
90 106 216
90 107 54
90 108 144
90 109 234
90 110 72
90 111 162
90 112 0
90 113 90
90 114 180
90 115 18
90 116 108
90 117 198
90 118 36
90 119 126
90 120 216
90 121 54
90 122 144
90 123 234
90 124 72
90 125 162
90 126 0
90 127 90
90 128 180
90 129 18
90 130 108
90 131 198
90 132 36
90 133 126
90 134 216
90 135 54
90 136 144
90 137 234
90 138 72
90 139 162
90 140 0
90 141 90
90 142 180
90 143 18
90 144 108
90 145 198
90 146 36
90 147 126
90 148 216
90 149 54
90 150 144
90 151 234
90 152 72
90 153 162
90 154 0
90 155 90
90 156 180
90 157 18
90 158 108
90 159 198
90 160 36
90 161 126
90 162 216
90 163 54
90 164 144
90 165 234
90 166 72
90 167 162
90 168 0
90 169 90
90 170 180
90 171 18
90 172 108
90 173 198
90 174 36
90 175 126
90 176 216
90 177 54
90 178 144
90 179 234
90 180 72
90 181 162
90 182 0
90 183 90
90 184 180
90 185 18
90 186 108
90 187 198
90 188 36
90 189 126
90 190 216
90 191 54
90 192 144
90 193 234
90 194 72
90 195 162
90 196 0
90 197 90
90 198 180
90 199 18
90 200 108
90 201 198
90 202 36
90 203 126
90 204 216
90 205 54
90 206 144
90 207 234
90 208 72
90 209 162
90 210 0
90 211 90
90 212 180
90 213 18
90 214 108
90 215 198
90 216 36
90 217 126
90 218 216
90 219 54
90 220 144
90 221 234
90 222 72
90 223 162
90 224 0
90 225 90
90 226 180
90 227 18
90 228 108
90 229 198
90 230 36
90 231 126
90 232 216
90 233 54
90 234 144
90 235 234
90 236 72
90 237 162
90 238 0
90 239 90
90 240 180
90 241 18
90 242 108
90 243 198
90 244 36
90 245 126
90 246 216
90 247 54
90 248 144
90 249 234
90 250 72
90 251 162
90 252 0
90 253 90
90 254 180
90 255 18
90 256 108
91 92 56
91 93 147
91 94 238
91 95 77
91 96 168
91 97 7
91 98 98
91 99 189
91 100 28
91 101 119
91 102 210
91 103 49
91 104 140
91 105 231
91 106 70
91 107 161
91 108 0
91 109 91
91 110 182
91 111 21
91 112 112
91 113 203
91 114 42
91 115 133
91 116 224
91 117 63
91 118 154
91 119 245
91 120 84
91 121 175
91 122 14
91 123 105
91 124 196
91 125 35
91 126 126
91 127 217
91 128 56
91 129 147
91 130 238
91 131 77
91 132 168
91 133 7
91 134 98
91 135 189
91 136 28
91 137 119
91 138 210
91 139 49
91 140 140
91 141 231
91 142 70
91 143 161
91 144 0
91 145 91
91 146 182
91 147 21
91 148 112
91 149 203
91 150 42
91 151 133
91 152 224
91 153 63
91 154 154
91 155 245
91 156 84
91 157 175
91 158 14
91 159 105
91 160 196
91 161 35
91 162 126
91 163 217
91 164 56
91 165 147
91 166 238
91 167 77
91 168 168
91 169 7
91 170 98
91 171 189
91 172 28
91 173 119
91 174 210
91 175 49
91 176 140
91 177 231
91 178 70
91 179 161
91 180 0
91 181 91
91 182 182
91 183 21
91 184 112
91 185 203
91 186 42
91 187 133
91 188 224
91 189 63
91 190 154
91 191 245
91 192 84
91 193 175
91 194 14
91 195 105
91 196 196
91 197 35
91 198 126
91 199 217
91 200 56
91 201 147
91 202 238
91 203 77
91 204 168
91 205 7
91 206 98
91 207 189
91 208 28
91 209 119
91 210 210
91 211 49
91 212 140
91 213 231
91 214 70
91 215 161
91 216 0
91 217 91
91 218 182
91 219 21
91 220 112
91 221 203
91 222 42
91 223 133
91 224 224
91 225 63
91 226 154
91 227 245
91 228 84
91 229 175
91 230 14
91 231 105
91 232 196
91 233 35
91 234 126
91 235 217
91 236 56
91 237 147
91 238 238
91 239 77
91 240 168
91 241 7
91 242 98
91 243 189
91 244 28
91 245 119
91 246 210
91 247 49
91 248 140
91 249 231
91 250 70
91 251 161
91 252 0
91 253 91
91 254 182
91 255 21
91 256 112
92 93 240
92 94 80
92 95 172
92 96 12
92 97 104
92 98 196
92 99 36
92 100 128
92 101 220
92 102 60
92 103 152
92 104 244
92 105 84
92 106 176
92 107 16
92 108 108
92 109 200
92 110 40
92 111 132
92 112 224
92 113 64
92 114 156
92 115 248
92 116 88
92 117 180
92 118 20
92 119 112
92 120 204
92 121 44
92 122 136
92 123 228
92 124 68
92 125 160
92 126 0
92 127 92
92 128 184
92 129 24
92 130 116
92 131 208
92 132 48
92 133 140
92 134 232
92 135 72
92 136 164
92 137 4
92 138 96
92 139 188
92 140 28
92 141 120
92 142 212
92 143 52
92 144 144
92 145 236
92 146 76
92 147 168
92 148 8
92 149 100
92 150 192
92 151 32
92 152 124
92 153 216
92 154 56
92 155 148
92 156 240
92 157 80
92 158 172
92 159 12
92 160 104
92 161 196
92 162 36
92 163 128
92 164 220
92 165 60
92 166 152
92 167 244
92 168 84
92 169 176
92 170 16
92 171 108
92 172 200
92 173 40
92 174 132
92 175 224
92 176 64
92 177 156
92 178 248
92 179 88
92 180 180
92 181 20
92 182 112
92 183 204
92 184 44
92 185 136
92 186 228
92 187 68
92 188 160
92 189 0
92 190 92
92 191 184
92 192 24
92 193 116
92 194 208
92 195 48
92 196 140
92 197 232
92 198 72
92 199 164
92 200 4
92 201 96
92 202 188
92 203 28
92 204 120
92 205 212
92 206 52
92 207 144
92 208 236
92 209 76
92 210 168
92 211 8
92 212 100
92 213 192
92 214 32
92 215 124
92 216 216
92 217 56
92 218 148
92 219 240
92 220 80
92 221 172
92 222 12
92 223 104
92 224 196
92 225 36
92 226 128
92 227 220
92 228 60
92 229 152
92 230 244
92 231 84
92 232 176
92 233 16
92 234 108
92 235 200
92 236 40
92 237 132
92 238 224
92 239 64
92 240 156
92 241 248
92 242 88
92 243 180
92 244 20
92 245 112
92 246 204
92 247 44
92 248 136
92 249 228
92 250 68
92 251 160
92 252 0
92 253 92
92 254 184
92 255 24
92 256 116
93 94 174
93 95 15
93 96 108
93 97 201
93 98 42
93 99 135
93 100 228
93 101 69
93 102 162
93 103 3
93 104 96
93 105 189
93 106 30
93 107 123
93 108 216
93 109 57
93 110 150
93 111 243
93 112 84
93 113 177
93 114 18
93 115 111
93 116 204
93 117 45
93 118 138
93 119 231
93 120 72
93 121 165
93 122 6
93 123 99
93 124 192
93 125 33
93 126 126
93 127 219
93 128 60
93 129 153
93 130 246
93 131 87
93 132 180
93 133 21
93 134 114
93 135 207
93 136 48
93 137 141
93 138 234
93 139 75
93 140 168
93 141 9
93 142 102
93 143 195
93 144 36
93 145 129
93 146 222
93 147 63
93 148 156
93 149 249
93 150 90
93 151 183
93 152 24
93 153 117
93 154 210
93 155 51
93 156 144
93 157 237
93 158 78
93 159 171
93 160 12
93 161 105
93 162 198
93 163 39
93 164 132
93 165 225
93 166 66
93 167 159
93 168 0
93 169 93
93 170 186
93 171 27
93 172 120
93 173 213
93 174 54
93 175 147
93 176 240
93 177 81
93 178 174
93 179 15
93 180 108
93 181 201
93 182 42
93 183 135
93 184 228
93 185 69
93 186 162
93 187 3
93 188 96
93 189 189
93 190 30
93 191 123
93 192 216
93 193 57
93 194 150
93 195 243
93 196 84
93 197 177
93 198 18
93 199 111
93 200 204
93 201 45
93 202 138
93 203 231
93 204 72
93 205 165
93 206 6
93 207 99
93 208 192
93 209 33
93 210 126
93 211 219
93 212 60
93 213 153
93 214 246
93 215 87
93 216 180
93 217 21
93 218 114
93 219 207
93 220 48
93 221 141
93 222 234
93 223 75
93 224 168
93 225 9
93 226 102
93 227 195
93 228 36
93 229 129
93 230 222
93 231 63
93 232 156
93 233 249
93 234 90
93 235 183
93 236 24
93 237 117
93 238 210
93 239 51
93 240 144
93 241 237
93 242 78
93 243 171
93 244 12
93 245 105
93 246 198
93 247 39
93 248 132
93 249 225
93 250 66
93 251 159
93 252 0
93 253 93
93 254 186
93 255 27
93 256 120
94 95 110
94 96 204
94 97 46
94 98 140
94 99 234
94 100 76
94 101 170
94 102 12
94 103 106
94 104 200
94 105 42
94 106 136
94 107 230
94 108 72
94 109 166
94 110 8
94 111 102
94 112 196
94 113 38
94 114 132
94 115 226
94 116 68
94 117 162
94 118 4
94 119 98
94 120 192
94 121 34
94 122 128
94 123 222
94 124 64
94 125 158
94 126 0
94 127 94
94 128 188
94 129 30
94 130 124
94 131 218
94 132 60
94 133 154
94 134 248
94 135 90
94 136 184
94 137 26
94 138 120
94 139 214
94 140 56
94 141 150
94 142 244
94 143 86
94 144 180
94 145 22
94 146 116
94 147 210
94 148 52
94 149 146
94 150 240
94 151 82
94 152 176
94 153 18
94 154 112
94 155 206
94 156 48
94 157 142
94 158 236
94 159 78
94 160 172
94 161 14
94 162 108
94 163 202
94 164 44
94 165 138
94 166 232
94 167 74
94 168 168
94 169 10
94 170 104
94 171 198
94 172 40
94 173 134
94 174 228
94 175 70
94 176 164
94 177 6
94 178 100
94 179 194
94 180 36
94 181 130
94 182 224
94 183 66
94 184 160
94 185 2
94 186 96
94 187 190
94 188 32
94 189 126
94 190 220
94 191 62
94 192 156
94 193 250
94 194 92
94 195 186
94 196 28
94 197 122
94 198 216
94 199 58
94 200 152
94 201 246
94 202 88
94 203 182
94 204 24
94 205 118
94 206 212
94 207 54
94 208 148
94 209 242
94 210 84
94 211 178
94 212 20
94 213 114
94 214 208
94 215 50
94 216 144
94 217 238
94 218 80
94 219 174
94 220 16
94 221 110
94 222 204
94 223 46
94 224 140
94 225 234
94 226 76
94 227 170
94 228 12
94 229 106
94 230 200
94 231 42
94 232 136
94 233 230
94 234 72
94 235 166
94 236 8
94 237 102
94 238 196
94 239 38
94 240 132
94 241 226
94 242 68
94 243 162
94 244 4
94 245 98
94 246 192
94 247 34
94 248 128
94 249 222
94 250 64
94 251 158
94 252 0
94 253 94
94 254 188
94 255 30
94 256 124
95 96 48
95 97 143
95 98 238
95 99 81
95 100 176
95 101 19
95 102 114
95 103 209
95 104 52
95 105 147
95 106 242
95 107 85
95 108 180
95 109 23
95 110 118
95 111 213
95 112 56
95 113 151
95 114 246
95 115 89
95 116 184
95 117 27
95 118 122
95 119 217
95 120 60
95 121 155
95 122 250
95 123 93
95 124 188
95 125 31
95 126 126
95 127 221
95 128 64
95 129 159
95 130 2
95 131 97
95 132 192
95 133 35
95 134 130
95 135 225
95 136 68
95 137 163
95 138 6
95 139 101
95 140 196
95 141 39
95 142 134
95 143 229
95 144 72
95 145 167
95 146 10
95 147 105
95 148 200
95 149 43
95 150 138
95 151 233
95 152 76
95 153 171
95 154 14
95 155 109
95 156 204
95 157 47
95 158 142
95 159 237
95 160 80
95 161 175
95 162 18
95 163 113
95 164 208
95 165 51
95 166 146
95 167 241
95 168 84
95 169 179
95 170 22
95 171 117
95 172 212
95 173 55
95 174 150
95 175 245
95 176 88
95 177 183
95 178 26
95 179 121
95 180 216
95 181 59
95 182 154
95 183 249
95 184 92
95 185 187
95 186 30
95 187 125
95 188 220
95 189 63
95 190 158
95 191 1
95 192 96
95 193 191
95 194 34
95 195 129
95 196 224
95 197 67
95 198 162
95 199 5
95 200 100
95 201 195
95 202 38
95 203 133
95 204 228
95 205 71
95 206 166
95 207 9
95 208 104
95 209 199
95 210 42
95 211 137
95 212 232
95 213 75
95 214 170
95 215 13
95 216 108
95 217 203
95 218 46
95 219 141
95 220 236
95 221 79
95 222 174
95 223 17
95 224 112
95 225 207
95 226 50
95 227 145
95 228 240
95 229 83
95 230 178
95 231 21
95 232 116
95 233 211
95 234 54
95 235 149
95 236 244
95 237 87
95 238 182
95 239 25
95 240 120
95 241 215
95 242 58
95 243 153
95 244 248
95 245 91
95 246 186
95 247 29
95 248 124
95 249 219
95 250 62
95 251 157
95 252 0
95 253 95
95 254 190
95 255 33
95 256 128
96 97 240
96 98 84
96 99 180
96 100 24
96 101 120
96 102 216
96 103 60
96 104 156
96 105 0
96 106 96
96 107 192
96 108 36
96 109 132
96 110 228
96 111 72
96 112 168
96 113 12
96 114 108
96 115 204
96 116 48
96 117 144
96 118 240
96 119 84
96 120 180
96 121 24
96 122 120
96 123 216
96 124 60
96 125 156
96 126 0
96 127 96
96 128 192
96 129 36
96 130 132
96 131 228
96 132 72
96 133 168
96 134 12
96 135 108
96 136 204
96 137 48
96 138 144
96 139 240
96 140 84
96 141 180
96 142 24
96 143 120
96 144 216
96 145 60
96 146 156
96 147 0
96 148 96
96 149 192
96 150 36
96 151 132
96 152 228
96 153 72
96 154 168
96 155 12
96 156 108
96 157 204
96 158 48
96 159 144
96 160 240
96 161 84
96 162 180
96 163 24
96 164 120
96 165 216
96 166 60
96 167 156
96 168 0
96 169 96
96 170 192
96 171 36
96 172 132
96 173 228
96 174 72
96 175 168
96 176 12
96 177 108
96 178 204
96 179 48
96 180 144
96 181 240
96 182 84
96 183 180
96 184 24
96 185 120
96 186 216
96 187 60
96 188 156
96 189 0
96 190 96
96 191 192
96 192 36
96 193 132
96 194 228
96 195 72
96 196 168
96 197 12
96 198 108
96 199 204
96 200 48
96 201 144
96 202 240
96 203 84
96 204 180
96 205 24
96 206 120
96 207 216
96 208 60
96 209 156
96 210 0
96 211 96
96 212 192
96 213 36
96 214 132
96 215 228
96 216 72
96 217 168
96 218 12
96 219 108
96 220 204
96 221 48
96 222 144
96 223 240
96 224 84
96 225 180
96 226 24
96 227 120
96 228 216
96 229 60
96 230 156
96 231 0
96 232 96
96 233 192
96 234 36
96 235 132
96 236 228
96 237 72
96 238 168
96 239 12
96 240 108
96 241 204
96 242 48
96 243 144
96 244 240
96 245 84
96 246 180
96 247 24
96 248 120
96 249 216
96 250 60
96 251 156
96 252 0
96 253 96
96 254 192
96 255 36
96 256 132
97 98 182
97 99 27
97 100 124
97 101 221
97 102 66
97 103 163
97 104 8
97 105 105
97 106 202
97 107 47
97 108 144
97 109 241
97 110 86
97 111 183
97 112 28
97 113 125
97 114 222
97 115 67
97 116 164
97 117 9
97 118 106
97 119 203
97 120 48
97 121 145
97 122 242
97 123 87
97 124 184
97 125 29
97 126 126
97 127 223
97 128 68
97 129 165
97 130 10
97 131 107
97 132 204
97 133 49
97 134 146
97 135 243
97 136 88
97 137 185
97 138 30
97 139 127
97 140 224
97 141 69
97 142 166
97 143 11
97 144 108
97 145 205
97 146 50
97 147 147
97 148 244
97 149 89
97 150 186
97 151 31
97 152 128
97 153 225
97 154 70
97 155 167
97 156 12
97 157 109
97 158 206
97 159 51
97 160 148
97 161 245
97 162 90
97 163 187
97 164 32
97 165 129
97 166 226
97 167 71
97 168 168
97 169 13
97 170 110
97 171 207
97 172 52
97 173 149
97 174 246
97 175 91
97 176 188
97 177 33
97 178 130
97 179 227
97 180 72
97 181 169
97 182 14
97 183 111
97 184 208
97 185 53
97 186 150
97 187 247
97 188 92
97 189 189
97 190 34
97 191 131
97 192 228
97 193 73
97 194 170
97 195 15
97 196 112
97 197 209
97 198 54
97 199 151
97 200 248
97 201 93
97 202 190
97 203 35
97 204 132
97 205 229
97 206 74
97 207 171
97 208 16
97 209 113
97 210 210
97 211 55
97 212 152
97 213 249
97 214 94
97 215 191
97 216 36
97 217 133
97 218 230
97 219 75
97 220 172
97 221 17
97 222 114
97 223 211
97 224 56
97 225 153
97 226 250
97 227 95
97 228 192
97 229 37
97 230 134
97 231 231
97 232 76
97 233 173
97 234 18
97 235 115
97 236 212
97 237 57
97 238 154
97 239 251
97 240 96
97 241 193
97 242 38
97 243 135
97 244 232
97 245 77
97 246 174
97 247 19
97 248 116
97 249 213
97 250 58
97 251 155
97 252 0
97 253 97
97 254 194
97 255 39
97 256 136
98 99 126
98 100 224
98 101 70
98 102 168
98 103 14
98 104 112
98 105 210
98 106 56
98 107 154
98 108 0
98 109 98
98 110 196
98 111 42
98 112 140
98 113 238
98 114 84
98 115 182
98 116 28
98 117 126
98 118 224
98 119 70
98 120 168
98 121 14
98 122 112
98 123 210
98 124 56
98 125 154
98 126 0
98 127 98
98 128 196
98 129 42
98 130 140
98 131 238
98 132 84
98 133 182
98 134 28
98 135 126
98 136 224
98 137 70
98 138 168
98 139 14
98 140 112
98 141 210
98 142 56
98 143 154
98 144 0
98 145 98
98 146 196
98 147 42
98 148 140
98 149 238
98 150 84
98 151 182
98 152 28
98 153 126
98 154 224
98 155 70
98 156 168
98 157 14
98 158 112
98 159 210
98 160 56
98 161 154
98 162 0
98 163 98
98 164 196
98 165 42
98 166 140
98 167 238
98 168 84
98 169 182
98 170 28
98 171 126
98 172 224
98 173 70
98 174 168
98 175 14
98 176 112
98 177 210
98 178 56
98 179 154
98 180 0
98 181 98
98 182 196
98 183 42
98 184 140
98 185 238
98 186 84
98 187 182
98 188 28
98 189 126
98 190 224
98 191 70
98 192 168
98 193 14
98 194 112
98 195 210
98 196 56
98 197 154
98 198 0
98 199 98
98 200 196
98 201 42
98 202 140
98 203 238
98 204 84
98 205 182
98 206 28
98 207 126
98 208 224
98 209 70
98 210 168
98 211 14
98 212 112
98 213 210
98 214 56
98 215 154
98 216 0
98 217 98
98 218 196
98 219 42
98 220 140
98 221 238
98 222 84
98 223 182
98 224 28
98 225 126
98 226 224
98 227 70
98 228 168
98 229 14
98 230 112
98 231 210
98 232 56
98 233 154
98 234 0
98 235 98
98 236 196
98 237 42
98 238 140
98 239 238
98 240 84
98 241 182
98 242 28
98 243 126
98 244 224
98 245 70
98 246 168
98 247 14
98 248 112
98 249 210
98 250 56
98 251 154
98 252 0
98 253 98
98 254 196
98 255 42
98 256 140
99 100 72
99 101 171
99 102 18
99 103 117
99 104 216
99 105 63
99 106 162
99 107 9
99 108 108
99 109 207
99 110 54
99 111 153
99 112 0
99 113 99
99 114 198
99 115 45
99 116 144
99 117 243
99 118 90
99 119 189
99 120 36
99 121 135
99 122 234
99 123 81
99 124 180
99 125 27
99 126 126
99 127 225
99 128 72
99 129 171
99 130 18
99 131 117
99 132 216
99 133 63
99 134 162
99 135 9
99 136 108
99 137 207
99 138 54
99 139 153
99 140 0
99 141 99
99 142 198
99 143 45
99 144 144
99 145 243
99 146 90
99 147 189
99 148 36
99 149 135
99 150 234
99 151 81
99 152 180
99 153 27
99 154 126
99 155 225
99 156 72
99 157 171
99 158 18
99 159 117
99 160 216
99 161 63
99 162 162
99 163 9
99 164 108
99 165 207
99 166 54
99 167 153
99 168 0
99 169 99
99 170 198
99 171 45
99 172 144
99 173 243
99 174 90
99 175 189
99 176 36
99 177 135
99 178 234
99 179 81
99 180 180
99 181 27
99 182 126
99 183 225
99 184 72
99 185 171
99 186 18
99 187 117
99 188 216
99 189 63
99 190 162
99 191 9
99 192 108
99 193 207
99 194 54
99 195 153
99 196 0
99 197 99
99 198 198
99 199 45
99 200 144
99 201 243
99 202 90
99 203 189
99 204 36
99 205 135
99 206 234
99 207 81
99 208 180
99 209 27
99 210 126
99 211 225
99 212 72
99 213 171
99 214 18
99 215 117
99 216 216
99 217 63
99 218 162
99 219 9
99 220 108
99 221 207
99 222 54
99 223 153
99 224 0
99 225 99
99 226 198
99 227 45
99 228 144
99 229 243
99 230 90
99 231 189
99 232 36
99 233 135
99 234 234
99 235 81
99 236 180
99 237 27
99 238 126
99 239 225
99 240 72
99 241 171
99 242 18
99 243 117
99 244 216
99 245 63
99 246 162
99 247 9
99 248 108
99 249 207
99 250 54
99 251 153
99 252 0
99 253 99
99 254 198
99 255 45
99 256 144
100 101 20
100 102 120
100 103 220
100 104 68
100 105 168
100 106 16
100 107 116
100 108 216
100 109 64
100 110 164
100 111 12
100 112 112
100 113 212
100 114 60
100 115 160
100 116 8
100 117 108
100 118 208
100 119 56
100 120 156
100 121 4
100 122 104
100 123 204
100 124 52
100 125 152
100 126 0
100 127 100
100 128 200
100 129 48
100 130 148
100 131 248
100 132 96
100 133 196
100 134 44
100 135 144
100 136 244
100 137 92
100 138 192
100 139 40
100 140 140
100 141 240
100 142 88
100 143 188
100 144 36
100 145 136
100 146 236
100 147 84
100 148 184
100 149 32
100 150 132
100 151 232
100 152 80
100 153 180
100 154 28
100 155 128
100 156 228
100 157 76
100 158 176
100 159 24
100 160 124
100 161 224
100 162 72
100 163 172
100 164 20
100 165 120
100 166 220
100 167 68
100 168 168
100 169 16
100 170 116
100 171 216
100 172 64
100 173 164
100 174 12
100 175 112
100 176 212
100 177 60
100 178 160
100 179 8
100 180 108
100 181 208
100 182 56
100 183 156
100 184 4
100 185 104
100 186 204
100 187 52
100 188 152
100 189 0
100 190 100
100 191 200
100 192 48
100 193 148
100 194 248
100 195 96
100 196 196
100 197 44
100 198 144
100 199 244
100 200 92
100 201 192
100 202 40
100 203 140
100 204 240
100 205 88
100 206 188
100 207 36
100 208 136
100 209 236
100 210 84
100 211 184
100 212 32
100 213 132
100 214 232
100 215 80
100 216 180
100 217 28
100 218 128
100 219 228
100 220 76
100 221 176
100 222 24
100 223 124
100 224 224
100 225 72
100 226 172
100 227 20
100 228 120
100 229 220
100 230 68
100 231 168
100 232 16
100 233 116
100 234 216
100 235 64
100 236 164
100 237 12
100 238 112
100 239 212
100 240 60
100 241 160
100 242 8
100 243 108
100 244 208
100 245 56
100 246 156
100 247 4
100 248 104
100 249 204
100 250 52
100 251 152
100 252 0
100 253 100
100 254 200
100 255 48
100 256 148
101 102 222
101 103 71
101 104 172
101 105 21
101 106 122
101 107 223
101 108 72
101 109 173
101 110 22
101 111 123
101 112 224
101 113 73
101 114 174
101 115 23
101 116 124
101 117 225
101 118 74
101 119 175
101 120 24
101 121 125
101 122 226
101 123 75
101 124 176
101 125 25
101 126 126
101 127 227
101 128 76
101 129 177
101 130 26
101 131 127
101 132 228
101 133 77
101 134 178
101 135 27
101 136 128
101 137 229
101 138 78
101 139 179
101 140 28
101 141 129
101 142 230
101 143 79
101 144 180
101 145 29
101 146 130
101 147 231
101 148 80
101 149 181
101 150 30
101 151 131
101 152 232
101 153 81
101 154 182
101 155 31
101 156 132
101 157 233
101 158 82
101 159 183
101 160 32
101 161 133
101 162 234
101 163 83
101 164 184
101 165 33
101 166 134
101 167 235
101 168 84
101 169 185
101 170 34
101 171 135
101 172 236
101 173 85
101 174 186
101 175 35
101 176 136
101 177 237
101 178 86
101 179 187
101 180 36
101 181 137
101 182 238
101 183 87
101 184 188
101 185 37
101 186 138
101 187 239
101 188 88
101 189 189
101 190 38
101 191 139
101 192 240
101 193 89
101 194 190
101 195 39
101 196 140
101 197 241
101 198 90
101 199 191
101 200 40
101 201 141
101 202 242
101 203 91
101 204 192
101 205 41
101 206 142
101 207 243
101 208 92
101 209 193
101 210 42
101 211 143
101 212 244
101 213 93
101 214 194
101 215 43
101 216 144
101 217 245
101 218 94
101 219 195
101 220 44
101 221 145
101 222 246
101 223 95
101 224 196
101 225 45
101 226 146
101 227 247
101 228 96
101 229 197
101 230 46
101 231 147
101 232 248
101 233 97
101 234 198
101 235 47
101 236 148
101 237 249
101 238 98
101 239 199
101 240 48
101 241 149
101 242 250
101 243 99
101 244 200
101 245 49
101 246 150
101 247 251
101 248 100
101 249 201
101 250 50
101 251 151
101 252 0
101 253 101
101 254 202
101 255 51
101 256 152
102 103 174
102 104 24
102 105 126
102 106 228
102 107 78
102 108 180
102 109 30
102 110 132
102 111 234
102 112 84
102 113 186
102 114 36
102 115 138
102 116 240
102 117 90
102 118 192
102 119 42
102 120 144
102 121 246
102 122 96
102 123 198
102 124 48
102 125 150
102 126 0
102 127 102
102 128 204
102 129 54
102 130 156
102 131 6
102 132 108
102 133 210
102 134 60
102 135 162
102 136 12
102 137 114
102 138 216
102 139 66
102 140 168
102 141 18
102 142 120
102 143 222
102 144 72
102 145 174
102 146 24
102 147 126
102 148 228
102 149 78
102 150 180
102 151 30
102 152 132
102 153 234
102 154 84
102 155 186
102 156 36
102 157 138
102 158 240
102 159 90
102 160 192
102 161 42
102 162 144
102 163 246
102 164 96
102 165 198
102 166 48
102 167 150
102 168 0
102 169 102
102 170 204
102 171 54
102 172 156
102 173 6
102 174 108
102 175 210
102 176 60
102 177 162
102 178 12
102 179 114
102 180 216
102 181 66
102 182 168
102 183 18
102 184 120
102 185 222
102 186 72
102 187 174
102 188 24
102 189 126
102 190 228
102 191 78
102 192 180
102 193 30
102 194 132
102 195 234
102 196 84
102 197 186
102 198 36
102 199 138
102 200 240
102 201 90
102 202 192
102 203 42
102 204 144
102 205 246
102 206 96
102 207 198
102 208 48
102 209 150
102 210 0
102 211 102
102 212 204
102 213 54
102 214 156
102 215 6
102 216 108
102 217 210
102 218 60
102 219 162
102 220 12
102 221 114
102 222 216
102 223 66
102 224 168
102 225 18
102 226 120
102 227 222
102 228 72
102 229 174
102 230 24
102 231 126
102 232 228
102 233 78
102 234 180
102 235 30
102 236 132
102 237 234
102 238 84
102 239 186
102 240 36
102 241 138
102 242 240
102 243 90
102 244 192
102 245 42
102 246 144
102 247 246
102 248 96
102 249 198
102 250 48
102 251 150
102 252 0
102 253 102
102 254 204
102 255 54
102 256 156
103 104 128
103 105 231
103 106 82
103 107 185
103 108 36
103 109 139
103 110 242
103 111 93
103 112 196
103 113 47
103 114 150
103 115 1
103 116 104
103 117 207
103 118 58
103 119 161
103 120 12
103 121 115
103 122 218
103 123 69
103 124 172
103 125 23
103 126 126
103 127 229
103 128 80
103 129 183
103 130 34
103 131 137
103 132 240
103 133 91
103 134 194
103 135 45
103 136 148
103 137 251
103 138 102
103 139 205
103 140 56
103 141 159
103 142 10
103 143 113
103 144 216
103 145 67
103 146 170
103 147 21
103 148 124
103 149 227
103 150 78
103 151 181
103 152 32
103 153 135
103 154 238
103 155 89
103 156 192
103 157 43
103 158 146
103 159 249
103 160 100
103 161 203
103 162 54
103 163 157
103 164 8
103 165 111
103 166 214
103 167 65
103 168 168
103 169 19
103 170 122
103 171 225
103 172 76
103 173 179
103 174 30
103 175 133
103 176 236
103 177 87
103 178 190
103 179 41
103 180 144
103 181 247
103 182 98
103 183 201
103 184 52
103 185 155
103 186 6
103 187 109
103 188 212
103 189 63
103 190 166
103 191 17
103 192 120
103 193 223
103 194 74
103 195 177
103 196 28
103 197 131
103 198 234
103 199 85
103 200 188
103 201 39
103 202 142
103 203 245
103 204 96
103 205 199
103 206 50
103 207 153
103 208 4
103 209 107
103 210 210
103 211 61
103 212 164
103 213 15
103 214 118
103 215 221
103 216 72
103 217 175
103 218 26
103 219 129
103 220 232
103 221 83
103 222 186
103 223 37
103 224 140
103 225 243
103 226 94
103 227 197
103 228 48
103 229 151
103 230 2
103 231 105
103 232 208
103 233 59
103 234 162
103 235 13
103 236 116
103 237 219
103 238 70
103 239 173
103 240 24
103 241 127
103 242 230
103 243 81
103 244 184
103 245 35
103 246 138
103 247 241
103 248 92
103 249 195
103 250 46
103 251 149
103 252 0
103 253 103
103 254 206
103 255 57
103 256 160
104 105 84
104 106 188
104 107 40
104 108 144
104 109 248
104 110 100
104 111 204
104 112 56
104 113 160
104 114 12
104 115 116
104 116 220
104 117 72
104 118 176
104 119 28
104 120 132
104 121 236
104 122 88
104 123 192
104 124 44
104 125 148
104 126 0
104 127 104
104 128 208
104 129 60
104 130 164
104 131 16
104 132 120
104 133 224
104 134 76
104 135 180
104 136 32
104 137 136
104 138 240
104 139 92
104 140 196
104 141 48
104 142 152
104 143 4
104 144 108
104 145 212
104 146 64
104 147 168
104 148 20
104 149 124
104 150 228
104 151 80
104 152 184
104 153 36
104 154 140
104 155 244
104 156 96
104 157 200
104 158 52
104 159 156
104 160 8
104 161 112
104 162 216
104 163 68
104 164 172
104 165 24
104 166 128
104 167 232
104 168 84
104 169 188
104 170 40
104 171 144
104 172 248
104 173 100
104 174 204
104 175 56
104 176 160
104 177 12
104 178 116
104 179 220
104 180 72
104 181 176
104 182 28
104 183 132
104 184 236
104 185 88
104 186 192
104 187 44
104 188 148
104 189 0
104 190 104
104 191 208
104 192 60
104 193 164
104 194 16
104 195 120
104 196 224
104 197 76
104 198 180
104 199 32
104 200 136
104 201 240
104 202 92
104 203 196
104 204 48
104 205 152
104 206 4
104 207 108
104 208 212
104 209 64
104 210 168
104 211 20
104 212 124
104 213 228
104 214 80
104 215 184
104 216 36
104 217 140
104 218 244
104 219 96
104 220 200
104 221 52
104 222 156
104 223 8
104 224 112
104 225 216
104 226 68
104 227 172
104 228 24
104 229 128
104 230 232
104 231 84
104 232 188
104 233 40
104 234 144
104 235 248
104 236 100
104 237 204
104 238 56
104 239 160
104 240 12
104 241 116
104 242 220
104 243 72
104 244 176
104 245 28
104 246 132
104 247 236
104 248 88
104 249 192
104 250 44
104 251 148
104 252 0
104 253 104
104 254 208
104 255 60
104 256 164
105 106 42
105 107 147
105 108 0
105 109 105
105 110 210
105 111 63
105 112 168
105 113 21
105 114 126
105 115 231
105 116 84
105 117 189
105 118 42
105 119 147
105 120 0
105 121 105
105 122 210
105 123 63
105 124 168
105 125 21
105 126 126
105 127 231
105 128 84
105 129 189
105 130 42
105 131 147
105 132 0
105 133 105
105 134 210
105 135 63
105 136 168
105 137 21
105 138 126
105 139 231
105 140 84
105 141 189
105 142 42
105 143 147
105 144 0
105 145 105
105 146 210
105 147 63
105 148 168
105 149 21
105 150 126
105 151 231
105 152 84
105 153 189
105 154 42
105 155 147
105 156 0
105 157 105
105 158 210
105 159 63
105 160 168
105 161 21
105 162 126
105 163 231
105 164 84
105 165 189
105 166 42
105 167 147
105 168 0
105 169 105
105 170 210
105 171 63
105 172 168
105 173 21
105 174 126
105 175 231
105 176 84
105 177 189
105 178 42
105 179 147
105 180 0
105 181 105
105 182 210
105 183 63
105 184 168
105 185 21
105 186 126
105 187 231
105 188 84
105 189 189
105 190 42
105 191 147
105 192 0
105 193 105
105 194 210
105 195 63
105 196 168
105 197 21
105 198 126
105 199 231
105 200 84
105 201 189
105 202 42
105 203 147
105 204 0
105 205 105
105 206 210
105 207 63
105 208 168
105 209 21
105 210 126
105 211 231
105 212 84
105 213 189
105 214 42
105 215 147
105 216 0
105 217 105
105 218 210
105 219 63
105 220 168
105 221 21
105 222 126
105 223 231
105 224 84
105 225 189
105 226 42
105 227 147
105 228 0
105 229 105
105 230 210
105 231 63
105 232 168
105 233 21
105 234 126
105 235 231
105 236 84
105 237 189
105 238 42
105 239 147
105 240 0
105 241 105
105 242 210
105 243 63
105 244 168
105 245 21
105 246 126
105 247 231
105 248 84
105 249 189
105 250 42
105 251 147
105 252 0
105 253 105
105 254 210
105 255 63
105 256 168
106 107 2
106 108 108
106 109 214
106 110 68
106 111 174
106 112 28
106 113 134
106 114 240
106 115 94
106 116 200
106 117 54
106 118 160
106 119 14
106 120 120
106 121 226
106 122 80
106 123 186
106 124 40
106 125 146
106 126 0
106 127 106
106 128 212
106 129 66
106 130 172
106 131 26
106 132 132
106 133 238
106 134 92
106 135 198
106 136 52
106 137 158
106 138 12
106 139 118
106 140 224
106 141 78
106 142 184
106 143 38
106 144 144
106 145 250
106 146 104
106 147 210
106 148 64
106 149 170
106 150 24
106 151 130
106 152 236
106 153 90
106 154 196
106 155 50
106 156 156
106 157 10
106 158 116
106 159 222
106 160 76
106 161 182
106 162 36
106 163 142
106 164 248
106 165 102
106 166 208
106 167 62
106 168 168
106 169 22
106 170 128
106 171 234
106 172 88
106 173 194
106 174 48
106 175 154
106 176 8
106 177 114
106 178 220
106 179 74
106 180 180
106 181 34
106 182 140
106 183 246
106 184 100
106 185 206
106 186 60
106 187 166
106 188 20
106 189 126
106 190 232
106 191 86
106 192 192
106 193 46
106 194 152
106 195 6
106 196 112
106 197 218
106 198 72
106 199 178
106 200 32
106 201 138
106 202 244
106 203 98
106 204 204
106 205 58
106 206 164
106 207 18
106 208 124
106 209 230
106 210 84
106 211 190
106 212 44
106 213 150
106 214 4
106 215 110
106 216 216
106 217 70
106 218 176
106 219 30
106 220 136
106 221 242
106 222 96
106 223 202
106 224 56
106 225 162
106 226 16
106 227 122
106 228 228
106 229 82
106 230 188
106 231 42
106 232 148
106 233 2
106 234 108
106 235 214
106 236 68
106 237 174
106 238 28
106 239 134
106 240 240
106 241 94
106 242 200
106 243 54
106 244 160
106 245 14
106 246 120
106 247 226
106 248 80
106 249 186
106 250 40
106 251 146
106 252 0
106 253 106
106 254 212
106 255 66
106 256 172
107 108 216
107 109 71
107 110 178
107 111 33
107 112 140
107 113 247
107 114 102
107 115 209
107 116 64
107 117 171
107 118 26
107 119 133
107 120 240
107 121 95
107 122 202
107 123 57
107 124 164
107 125 19
107 126 126
107 127 233
107 128 88
107 129 195
107 130 50
107 131 157
107 132 12
107 133 119
107 134 226
107 135 81
107 136 188
107 137 43
107 138 150
107 139 5
107 140 112
107 141 219
107 142 74
107 143 181
107 144 36
107 145 143
107 146 250
107 147 105
107 148 212
107 149 67
107 150 174
107 151 29
107 152 136
107 153 243
107 154 98
107 155 205
107 156 60
107 157 167
107 158 22
107 159 129
107 160 236
107 161 91
107 162 198
107 163 53
107 164 160
107 165 15
107 166 122
107 167 229
107 168 84
107 169 191
107 170 46
107 171 153
107 172 8
107 173 115
107 174 222
107 175 77
107 176 184
107 177 39
107 178 146
107 179 1
107 180 108
107 181 215
107 182 70
107 183 177
107 184 32
107 185 139
107 186 246
107 187 101
107 188 208
107 189 63
107 190 170
107 191 25
107 192 132
107 193 239
107 194 94
107 195 201
107 196 56
107 197 163
107 198 18
107 199 125
107 200 232
107 201 87
107 202 194
107 203 49
107 204 156
107 205 11
107 206 118
107 207 225
107 208 80
107 209 187
107 210 42
107 211 149
107 212 4
107 213 111
107 214 218
107 215 73
107 216 180
107 217 35
107 218 142
107 219 249
107 220 104
107 221 211
107 222 66
107 223 173
107 224 28
107 225 135
107 226 242
107 227 97
107 228 204
107 229 59
107 230 166
107 231 21
107 232 128
107 233 235
107 234 90
107 235 197
107 236 52
107 237 159
107 238 14
107 239 121
107 240 228
107 241 83
107 242 190
107 243 45
107 244 152
107 245 7
107 246 114
107 247 221
107 248 76
107 249 183
107 250 38
107 251 145
107 252 0
107 253 107
107 254 214
107 255 69
107 256 176
108 109 180
108 110 36
108 111 144
108 112 0
108 113 108
108 114 216
108 115 72
108 116 180
108 117 36
108 118 144
108 119 0
108 120 108
108 121 216
108 122 72
108 123 180
108 124 36
108 125 144
108 126 0
108 127 108
108 128 216
108 129 72
108 130 180
108 131 36
108 132 144
108 133 0
108 134 108
108 135 216
108 136 72
108 137 180
108 138 36
108 139 144
108 140 0
108 141 108
108 142 216
108 143 72
108 144 180
108 145 36
108 146 144
108 147 0
108 148 108
108 149 216
108 150 72
108 151 180
108 152 36
108 153 144
108 154 0
108 155 108
108 156 216
108 157 72
108 158 180
108 159 36
108 160 144
108 161 0
108 162 108
108 163 216
108 164 72
108 165 180
108 166 36
108 167 144
108 168 0
108 169 108
108 170 216
108 171 72
108 172 180
108 173 36
108 174 144
108 175 0
108 176 108
108 177 216
108 178 72
108 179 180
108 180 36
108 181 144
108 182 0
108 183 108
108 184 216
108 185 72
108 186 180
108 187 36
108 188 144
108 189 0
108 190 108
108 191 216
108 192 72
108 193 180
108 194 36
108 195 144
108 196 0
108 197 108
108 198 216
108 199 72
108 200 180
108 201 36
108 202 144
108 203 0
108 204 108
108 205 216
108 206 72
108 207 180
108 208 36
108 209 144
108 210 0
108 211 108
108 212 216
108 213 72
108 214 180
108 215 36
108 216 144
108 217 0
108 218 108
108 219 216
108 220 72
108 221 180
108 222 36
108 223 144
108 224 0
108 225 108
108 226 216
108 227 72
108 228 180
108 229 36
108 230 144
108 231 0
108 232 108
108 233 216
108 234 72
108 235 180
108 236 36
108 237 144
108 238 0
108 239 108
108 240 216
108 241 72
108 242 180
108 243 36
108 244 144
108 245 0
108 246 108
108 247 216
108 248 72
108 249 180
108 250 36
108 251 144
108 252 0
108 253 108
108 254 216
108 255 72
108 256 180
109 110 146
109 111 3
109 112 112
109 113 221
109 114 78
109 115 187
109 116 44
109 117 153
109 118 10
109 119 119
109 120 228
109 121 85
109 122 194
109 123 51
109 124 160
109 125 17
109 126 126
109 127 235
109 128 92
109 129 201
109 130 58
109 131 167
109 132 24
109 133 133
109 134 242
109 135 99
109 136 208
109 137 65
109 138 174
109 139 31
109 140 140
109 141 249
109 142 106
109 143 215
109 144 72
109 145 181
109 146 38
109 147 147
109 148 4
109 149 113
109 150 222
109 151 79
109 152 188
109 153 45
109 154 154
109 155 11
109 156 120
109 157 229
109 158 86
109 159 195
109 160 52
109 161 161
109 162 18
109 163 127
109 164 236
109 165 93
109 166 202
109 167 59
109 168 168
109 169 25
109 170 134
109 171 243
109 172 100
109 173 209
109 174 66
109 175 175
109 176 32
109 177 141
109 178 250
109 179 107
109 180 216
109 181 73
109 182 182
109 183 39
109 184 148
109 185 5
109 186 114
109 187 223
109 188 80
109 189 189
109 190 46
109 191 155
109 192 12
109 193 121
109 194 230
109 195 87
109 196 196
109 197 53
109 198 162
109 199 19
109 200 128
109 201 237
109 202 94
109 203 203
109 204 60
109 205 169
109 206 26
109 207 135
109 208 244
109 209 101
109 210 210
109 211 67
109 212 176
109 213 33
109 214 142
109 215 251
109 216 108
109 217 217
109 218 74
109 219 183
109 220 40
109 221 149
109 222 6
109 223 115
109 224 224
109 225 81
109 226 190
109 227 47
109 228 156
109 229 13
109 230 122
109 231 231
109 232 88
109 233 197
109 234 54
109 235 163
109 236 20
109 237 129
109 238 238
109 239 95
109 240 204
109 241 61
109 242 170
109 243 27
109 244 136
109 245 245
109 246 102
109 247 211
109 248 68
109 249 177
109 250 34
109 251 143
109 252 0
109 253 109
109 254 218
109 255 75
109 256 184
110 111 114
110 112 224
110 113 82
110 114 192
110 115 50
110 116 160
110 117 18
110 118 128
110 119 238
110 120 96
110 121 206
110 122 64
110 123 174
110 124 32
110 125 142
110 126 0
110 127 110
110 128 220
110 129 78
110 130 188
110 131 46
110 132 156
110 133 14
110 134 124
110 135 234
110 136 92
110 137 202
110 138 60
110 139 170
110 140 28
110 141 138
110 142 248
110 143 106
110 144 216
110 145 74
110 146 184
110 147 42
110 148 152
110 149 10
110 150 120
110 151 230
110 152 88
110 153 198
110 154 56
110 155 166
110 156 24
110 157 134
110 158 244
110 159 102
110 160 212
110 161 70
110 162 180
110 163 38
110 164 148
110 165 6
110 166 116
110 167 226
110 168 84
110 169 194
110 170 52
110 171 162
110 172 20
110 173 130
110 174 240
110 175 98
110 176 208
110 177 66
110 178 176
110 179 34
110 180 144
110 181 2
110 182 112
110 183 222
110 184 80
110 185 190
110 186 48
110 187 158
110 188 16
110 189 126
110 190 236
110 191 94
110 192 204
110 193 62
110 194 172
110 195 30
110 196 140
110 197 250
110 198 108
110 199 218
110 200 76
110 201 186
110 202 44
110 203 154
110 204 12
110 205 122
110 206 232
110 207 90
110 208 200
110 209 58
110 210 168
110 211 26
110 212 136
110 213 246
110 214 104
110 215 214
110 216 72
110 217 182
110 218 40
110 219 150
110 220 8
110 221 118
110 222 228
110 223 86
110 224 196
110 225 54
110 226 164
110 227 22
110 228 132
110 229 242
110 230 100
110 231 210
110 232 68
110 233 178
110 234 36
110 235 146
110 236 4
110 237 114
110 238 224
110 239 82
110 240 192
110 241 50
110 242 160
110 243 18
110 244 128
110 245 238
110 246 96
110 247 206
110 248 64
110 249 174
110 250 32
110 251 142
110 252 0
110 253 110
110 254 220
110 255 78
110 256 188
111 112 84
111 113 195
111 114 54
111 115 165
111 116 24
111 117 135
111 118 246
111 119 105
111 120 216
111 121 75
111 122 186
111 123 45
111 124 156
111 125 15
111 126 126
111 127 237
111 128 96
111 129 207
111 130 66
111 131 177
111 132 36
111 133 147
111 134 6
111 135 117
111 136 228
111 137 87
111 138 198
111 139 57
111 140 168
111 141 27
111 142 138
111 143 249
111 144 108
111 145 219
111 146 78
111 147 189
111 148 48
111 149 159
111 150 18
111 151 129
111 152 240
111 153 99
111 154 210
111 155 69
111 156 180
111 157 39
111 158 150
111 159 9
111 160 120
111 161 231
111 162 90
111 163 201
111 164 60
111 165 171
111 166 30
111 167 141
111 168 0
111 169 111
111 170 222
111 171 81
111 172 192
111 173 51
111 174 162
111 175 21
111 176 132
111 177 243
111 178 102
111 179 213
111 180 72
111 181 183
111 182 42
111 183 153
111 184 12
111 185 123
111 186 234
111 187 93
111 188 204
111 189 63
111 190 174
111 191 33
111 192 144
111 193 3
111 194 114
111 195 225
111 196 84
111 197 195
111 198 54
111 199 165
111 200 24
111 201 135
111 202 246
111 203 105
111 204 216
111 205 75
111 206 186
111 207 45
111 208 156
111 209 15
111 210 126
111 211 237
111 212 96
111 213 207
111 214 66
111 215 177
111 216 36
111 217 147
111 218 6
111 219 117
111 220 228
111 221 87
111 222 198
111 223 57
111 224 168
111 225 27
111 226 138
111 227 249
111 228 108
111 229 219
111 230 78
111 231 189
111 232 48
111 233 159
111 234 18
111 235 129
111 236 240
111 237 99
111 238 210
111 239 69
111 240 180
111 241 39
111 242 150
111 243 9
111 244 120
111 245 231
111 246 90
111 247 201
111 248 60
111 249 171
111 250 30
111 251 141
111 252 0
111 253 111
111 254 222
111 255 81
111 256 192
112 113 56
112 114 168
112 115 28
112 116 140
112 117 0
112 118 112
112 119 224
112 120 84
112 121 196
112 122 56
112 123 168
112 124 28
112 125 140
112 126 0
112 127 112
112 128 224
112 129 84
112 130 196
112 131 56
112 132 168
112 133 28
112 134 140
112 135 0
112 136 112
112 137 224
112 138 84
112 139 196
112 140 56
112 141 168
112 142 28
112 143 140
112 144 0
112 145 112
112 146 224
112 147 84
112 148 196
112 149 56
112 150 168
112 151 28
112 152 140
112 153 0
112 154 112
112 155 224
112 156 84
112 157 196
112 158 56
112 159 168
112 160 28
112 161 140
112 162 0
112 163 112
112 164 224
112 165 84
112 166 196
112 167 56
112 168 168
112 169 28
112 170 140
112 171 0
112 172 112
112 173 224
112 174 84
112 175 196
112 176 56
112 177 168
112 178 28
112 179 140
112 180 0
112 181 112
112 182 224
112 183 84
112 184 196
112 185 56
112 186 168
112 187 28
112 188 140
112 189 0
112 190 112
112 191 224
112 192 84
112 193 196
112 194 56
112 195 168
112 196 28
112 197 140
112 198 0
112 199 112
112 200 224
112 201 84
112 202 196
112 203 56
112 204 168
112 205 28
112 206 140
112 207 0
112 208 112
112 209 224
112 210 84
112 211 196
112 212 56
112 213 168
112 214 28
112 215 140
112 216 0
112 217 112
112 218 224
112 219 84
112 220 196
112 221 56
112 222 168
112 223 28
112 224 140
112 225 0
112 226 112
112 227 224
112 228 84
112 229 196
112 230 56
112 231 168
112 232 28
112 233 140
112 234 0
112 235 112
112 236 224
112 237 84
112 238 196
112 239 56
112 240 168
112 241 28
112 242 140
112 243 0
112 244 112
112 245 224
112 246 84
112 247 196
112 248 56
112 249 168
112 250 28
112 251 140
112 252 0
112 253 112
112 254 224
112 255 84
112 256 196
113 114 30
113 115 143
113 116 4
113 117 117
113 118 230
113 119 91
113 120 204
113 121 65
113 122 178
113 123 39
113 124 152
113 125 13
113 126 126
113 127 239
113 128 100
113 129 213
113 130 74
113 131 187
113 132 48
113 133 161
113 134 22
113 135 135
113 136 248
113 137 109
113 138 222
113 139 83
113 140 196
113 141 57
113 142 170
113 143 31
113 144 144
113 145 5
113 146 118
113 147 231
113 148 92
113 149 205
113 150 66
113 151 179
113 152 40
113 153 153
113 154 14
113 155 127
113 156 240
113 157 101
113 158 214
113 159 75
113 160 188
113 161 49
113 162 162
113 163 23
113 164 136
113 165 249
113 166 110
113 167 223
113 168 84
113 169 197
113 170 58
113 171 171
113 172 32
113 173 145
113 174 6
113 175 119
113 176 232
113 177 93
113 178 206
113 179 67
113 180 180
113 181 41
113 182 154
113 183 15
113 184 128
113 185 241
113 186 102
113 187 215
113 188 76
113 189 189
113 190 50
113 191 163
113 192 24
113 193 137
113 194 250
113 195 111
113 196 224
113 197 85
113 198 198
113 199 59
113 200 172
113 201 33
113 202 146
113 203 7
113 204 120
113 205 233
113 206 94
113 207 207
113 208 68
113 209 181
113 210 42
113 211 155
113 212 16
113 213 129
113 214 242
113 215 103
113 216 216
113 217 77
113 218 190
113 219 51
113 220 164
113 221 25
113 222 138
113 223 251
113 224 112
113 225 225
113 226 86
113 227 199
113 228 60
113 229 173
113 230 34
113 231 147
113 232 8
113 233 121
113 234 234
113 235 95
113 236 208
113 237 69
113 238 182
113 239 43
113 240 156
113 241 17
113 242 130
113 243 243
113 244 104
113 245 217
113 246 78
113 247 191
113 248 52
113 249 165
113 250 26
113 251 139
113 252 0
113 253 113
113 254 226
113 255 87
113 256 200
114 115 6
114 116 120
114 117 234
114 118 96
114 119 210
114 120 72
114 121 186
114 122 48
114 123 162
114 124 24
114 125 138
114 126 0
114 127 114
114 128 228
114 129 90
114 130 204
114 131 66
114 132 180
114 133 42
114 134 156
114 135 18
114 136 132
114 137 246
114 138 108
114 139 222
114 140 84
114 141 198
114 142 60
114 143 174
114 144 36
114 145 150
114 146 12
114 147 126
114 148 240
114 149 102
114 150 216
114 151 78
114 152 192
114 153 54
114 154 168
114 155 30
114 156 144
114 157 6
114 158 120
114 159 234
114 160 96
114 161 210
114 162 72
114 163 186
114 164 48
114 165 162
114 166 24
114 167 138
114 168 0
114 169 114
114 170 228
114 171 90
114 172 204
114 173 66
114 174 180
114 175 42
114 176 156
114 177 18
114 178 132
114 179 246
114 180 108
114 181 222
114 182 84
114 183 198
114 184 60
114 185 174
114 186 36
114 187 150
114 188 12
114 189 126
114 190 240
114 191 102
114 192 216
114 193 78
114 194 192
114 195 54
114 196 168
114 197 30
114 198 144
114 199 6
114 200 120
114 201 234
114 202 96
114 203 210
114 204 72
114 205 186
114 206 48
114 207 162
114 208 24
114 209 138
114 210 0
114 211 114
114 212 228
114 213 90
114 214 204
114 215 66
114 216 180
114 217 42
114 218 156
114 219 18
114 220 132
114 221 246
114 222 108
114 223 222
114 224 84
114 225 198
114 226 60
114 227 174
114 228 36
114 229 150
114 230 12
114 231 126
114 232 240
114 233 102
114 234 216
114 235 78
114 236 192
114 237 54
114 238 168
114 239 30
114 240 144
114 241 6
114 242 120
114 243 234
114 244 96
114 245 210
114 246 72
114 247 186
114 248 48
114 249 162
114 250 24
114 251 138
114 252 0
114 253 114
114 254 228
114 255 90
114 256 204
115 116 236
115 117 99
115 118 214
115 119 77
115 120 192
115 121 55
115 122 170
115 123 33
115 124 148
115 125 11
115 126 126
115 127 241
115 128 104
115 129 219
115 130 82
115 131 197
115 132 60
115 133 175
115 134 38
115 135 153
115 136 16
115 137 131
115 138 246
115 139 109
115 140 224
115 141 87
115 142 202
115 143 65
115 144 180
115 145 43
115 146 158
115 147 21
115 148 136
115 149 251
115 150 114
115 151 229
115 152 92
115 153 207
115 154 70
115 155 185
115 156 48
115 157 163
115 158 26
115 159 141
115 160 4
115 161 119
115 162 234
115 163 97
115 164 212
115 165 75
115 166 190
115 167 53
115 168 168
115 169 31
115 170 146
115 171 9
115 172 124
115 173 239
115 174 102
115 175 217
115 176 80
115 177 195
115 178 58
115 179 173
115 180 36
115 181 151
115 182 14
115 183 129
115 184 244
115 185 107
115 186 222
115 187 85
115 188 200
115 189 63
115 190 178
115 191 41
115 192 156
115 193 19
115 194 134
115 195 249
115 196 112
115 197 227
115 198 90
115 199 205
115 200 68
115 201 183
115 202 46
115 203 161
115 204 24
115 205 139
115 206 2
115 207 117
115 208 232
115 209 95
115 210 210
115 211 73
115 212 188
115 213 51
115 214 166
115 215 29
115 216 144
115 217 7
115 218 122
115 219 237
115 220 100
115 221 215
115 222 78
115 223 193
115 224 56
115 225 171
115 226 34
115 227 149
115 228 12
115 229 127
115 230 242
115 231 105
115 232 220
115 233 83
115 234 198
115 235 61
115 236 176
115 237 39
115 238 154
115 239 17
115 240 132
115 241 247
115 242 110
115 243 225
115 244 88
115 245 203
115 246 66
115 247 181
115 248 44
115 249 159
115 250 22
115 251 137
115 252 0
115 253 115
115 254 230
115 255 93
115 256 208
116 117 216
116 118 80
116 119 196
116 120 60
116 121 176
116 122 40
116 123 156
116 124 20
116 125 136
116 126 0
116 127 116
116 128 232
116 129 96
116 130 212
116 131 76
116 132 192
116 133 56
116 134 172
116 135 36
116 136 152
116 137 16
116 138 132
116 139 248
116 140 112
116 141 228
116 142 92
116 143 208
116 144 72
116 145 188
116 146 52
116 147 168
116 148 32
116 149 148
116 150 12
116 151 128
116 152 244
116 153 108
116 154 224
116 155 88
116 156 204
116 157 68
116 158 184
116 159 48
116 160 164
116 161 28
116 162 144
116 163 8
116 164 124
116 165 240
116 166 104
116 167 220
116 168 84
116 169 200
116 170 64
116 171 180
116 172 44
116 173 160
116 174 24
116 175 140
116 176 4
116 177 120
116 178 236
116 179 100
116 180 216
116 181 80
116 182 196
116 183 60
116 184 176
116 185 40
116 186 156
116 187 20
116 188 136
116 189 0
116 190 116
116 191 232
116 192 96
116 193 212
116 194 76
116 195 192
116 196 56
116 197 172
116 198 36
116 199 152
116 200 16
116 201 132
116 202 248
116 203 112
116 204 228
116 205 92
116 206 208
116 207 72
116 208 188
116 209 52
116 210 168
116 211 32
116 212 148
116 213 12
116 214 128
116 215 244
116 216 108
116 217 224
116 218 88
116 219 204
116 220 68
116 221 184
116 222 48
116 223 164
116 224 28
116 225 144
116 226 8
116 227 124
116 228 240
116 229 104
116 230 220
116 231 84
116 232 200
116 233 64
116 234 180
116 235 44
116 236 160
116 237 24
116 238 140
116 239 4
116 240 120
116 241 236
116 242 100
116 243 216
116 244 80
116 245 196
116 246 60
116 247 176
116 248 40
116 249 156
116 250 20
116 251 136
116 252 0
116 253 116
116 254 232
116 255 96
116 256 212
117 118 198
117 119 63
117 120 180
117 121 45
117 122 162
117 123 27
117 124 144
117 125 9
117 126 126
117 127 243
117 128 108
117 129 225
117 130 90
117 131 207
117 132 72
117 133 189
117 134 54
117 135 171
117 136 36
117 137 153
117 138 18
117 139 135
117 140 0
117 141 117
117 142 234
117 143 99
117 144 216
117 145 81
117 146 198
117 147 63
117 148 180
117 149 45
117 150 162
117 151 27
117 152 144
117 153 9
117 154 126
117 155 243
117 156 108
117 157 225
117 158 90
117 159 207
117 160 72
117 161 189
117 162 54
117 163 171
117 164 36
117 165 153
117 166 18
117 167 135
117 168 0
117 169 117
117 170 234
117 171 99
117 172 216
117 173 81
117 174 198
117 175 63
117 176 180
117 177 45
117 178 162
117 179 27
117 180 144
117 181 9
117 182 126
117 183 243
117 184 108
117 185 225
117 186 90
117 187 207
117 188 72
117 189 189
117 190 54
117 191 171
117 192 36
117 193 153
117 194 18
117 195 135
117 196 0
117 197 117
117 198 234
117 199 99
117 200 216
117 201 81
117 202 198
117 203 63
117 204 180
117 205 45
117 206 162
117 207 27
117 208 144
117 209 9
117 210 126
117 211 243
117 212 108
117 213 225
117 214 90
117 215 207
117 216 72
117 217 189
117 218 54
117 219 171
117 220 36
117 221 153
117 222 18
117 223 135
117 224 0
117 225 117
117 226 234
117 227 99
117 228 216
117 229 81
117 230 198
117 231 63
117 232 180
117 233 45
117 234 162
117 235 27
117 236 144
117 237 9
117 238 126
117 239 243
117 240 108
117 241 225
117 242 90
117 243 207
117 244 72
117 245 189
117 246 54
117 247 171
117 248 36
117 249 153
117 250 18
117 251 135
117 252 0
117 253 117
117 254 234
117 255 99
117 256 216
118 119 182
118 120 48
118 121 166
118 122 32
118 123 150
118 124 16
118 125 134
118 126 0
118 127 118
118 128 236
118 129 102
118 130 220
118 131 86
118 132 204
118 133 70
118 134 188
118 135 54
118 136 172
118 137 38
118 138 156
118 139 22
118 140 140
118 141 6
118 142 124
118 143 242
118 144 108
118 145 226
118 146 92
118 147 210
118 148 76
118 149 194
118 150 60
118 151 178
118 152 44
118 153 162
118 154 28
118 155 146
118 156 12
118 157 130
118 158 248
118 159 114
118 160 232
118 161 98
118 162 216
118 163 82
118 164 200
118 165 66
118 166 184
118 167 50
118 168 168
118 169 34
118 170 152
118 171 18
118 172 136
118 173 2
118 174 120
118 175 238
118 176 104
118 177 222
118 178 88
118 179 206
118 180 72
118 181 190
118 182 56
118 183 174
118 184 40
118 185 158
118 186 24
118 187 142
118 188 8
118 189 126
118 190 244
118 191 110
118 192 228
118 193 94
118 194 212
118 195 78
118 196 196
118 197 62
118 198 180
118 199 46
118 200 164
118 201 30
118 202 148
118 203 14
118 204 132
118 205 250
118 206 116
118 207 234
118 208 100
118 209 218
118 210 84
118 211 202
118 212 68
118 213 186
118 214 52
118 215 170
118 216 36
118 217 154
118 218 20
118 219 138
118 220 4
118 221 122
118 222 240
118 223 106
118 224 224
118 225 90
118 226 208
118 227 74
118 228 192
118 229 58
118 230 176
118 231 42
118 232 160
118 233 26
118 234 144
118 235 10
118 236 128
118 237 246
118 238 112
118 239 230
118 240 96
118 241 214
118 242 80
118 243 198
118 244 64
118 245 182
118 246 48
118 247 166
118 248 32
118 249 150
118 250 16
118 251 134
118 252 0
118 253 118
118 254 236
118 255 102
118 256 220
119 120 168
119 121 35
119 122 154
119 123 21
119 124 140
119 125 7
119 126 126
119 127 245
119 128 112
119 129 231
119 130 98
119 131 217
119 132 84
119 133 203
119 134 70
119 135 189
119 136 56
119 137 175
119 138 42
119 139 161
119 140 28
119 141 147
119 142 14
119 143 133
119 144 0
119 145 119
119 146 238
119 147 105
119 148 224
119 149 91
119 150 210
119 151 77
119 152 196
119 153 63
119 154 182
119 155 49
119 156 168
119 157 35
119 158 154
119 159 21
119 160 140
119 161 7
119 162 126
119 163 245
119 164 112
119 165 231
119 166 98
119 167 217
119 168 84
119 169 203
119 170 70
119 171 189
119 172 56
119 173 175
119 174 42
119 175 161
119 176 28
119 177 147
119 178 14
119 179 133
119 180 0
119 181 119
119 182 238
119 183 105
119 184 224
119 185 91
119 186 210
119 187 77
119 188 196
119 189 63
119 190 182
119 191 49
119 192 168
119 193 35
119 194 154
119 195 21
119 196 140
119 197 7
119 198 126
119 199 245
119 200 112
119 201 231
119 202 98
119 203 217
119 204 84
119 205 203
119 206 70
119 207 189
119 208 56
119 209 175
119 210 42
119 211 161
119 212 28
119 213 147
119 214 14
119 215 133
119 216 0
119 217 119
119 218 238
119 219 105
119 220 224
119 221 91
119 222 210
119 223 77
119 224 196
119 225 63
119 226 182
119 227 49
119 228 168
119 229 35
119 230 154
119 231 21
119 232 140
119 233 7
119 234 126
119 235 245
119 236 112
119 237 231
119 238 98
119 239 217
119 240 84
119 241 203
119 242 70
119 243 189
119 244 56
119 245 175
119 246 42
119 247 161
119 248 28
119 249 147
119 250 14
119 251 133
119 252 0
119 253 119
119 254 238
119 255 105
119 256 224
120 121 156
120 122 24
120 123 144
120 124 12
120 125 132
120 126 0
120 127 120
120 128 240
120 129 108
120 130 228
120 131 96
120 132 216
120 133 84
120 134 204
120 135 72
120 136 192
120 137 60
120 138 180
120 139 48
120 140 168
120 141 36
120 142 156
120 143 24
120 144 144
120 145 12
120 146 132
120 147 0
120 148 120
120 149 240
120 150 108
120 151 228
120 152 96
120 153 216
120 154 84
120 155 204
120 156 72
120 157 192
120 158 60
120 159 180
120 160 48
120 161 168
120 162 36
120 163 156
120 164 24
120 165 144
120 166 12
120 167 132
120 168 0
120 169 120
120 170 240
120 171 108
120 172 228
120 173 96
120 174 216
120 175 84
120 176 204
120 177 72
120 178 192
120 179 60
120 180 180
120 181 48
120 182 168
120 183 36
120 184 156
120 185 24
120 186 144
120 187 12
120 188 132
120 189 0
120 190 120
120 191 240
120 192 108
120 193 228
120 194 96
120 195 216
120 196 84
120 197 204
120 198 72
120 199 192
120 200 60
120 201 180
120 202 48
120 203 168
120 204 36
120 205 156
120 206 24
120 207 144
120 208 12
120 209 132
120 210 0
120 211 120
120 212 240
120 213 108
120 214 228
120 215 96
120 216 216
120 217 84
120 218 204
120 219 72
120 220 192
120 221 60
120 222 180
120 223 48
120 224 168
120 225 36
120 226 156
120 227 24
120 228 144
120 229 12
120 230 132
120 231 0
120 232 120
120 233 240
120 234 108
120 235 228
120 236 96
120 237 216
120 238 84
120 239 204
120 240 72
120 241 192
120 242 60
120 243 180
120 244 48
120 245 168
120 246 36
120 247 156
120 248 24
120 249 144
120 250 12
120 251 132
120 252 0
120 253 120
120 254 240
120 255 108
120 256 228
121 122 146
121 123 15
121 124 136
121 125 5
121 126 126
121 127 247
121 128 116
121 129 237
121 130 106
121 131 227
121 132 96
121 133 217
121 134 86
121 135 207
121 136 76
121 137 197
121 138 66
121 139 187
121 140 56
121 141 177
121 142 46
121 143 167
121 144 36
121 145 157
121 146 26
121 147 147
121 148 16
121 149 137
121 150 6
121 151 127
121 152 248
121 153 117
121 154 238
121 155 107
121 156 228
121 157 97
121 158 218
121 159 87
121 160 208
121 161 77
121 162 198
121 163 67
121 164 188
121 165 57
121 166 178
121 167 47
121 168 168
121 169 37
121 170 158
121 171 27
121 172 148
121 173 17
121 174 138
121 175 7
121 176 128
121 177 249
121 178 118
121 179 239
121 180 108
121 181 229
121 182 98
121 183 219
121 184 88
121 185 209
121 186 78
121 187 199
121 188 68
121 189 189
121 190 58
121 191 179
121 192 48
121 193 169
121 194 38
121 195 159
121 196 28
121 197 149
121 198 18
121 199 139
121 200 8
121 201 129
121 202 250
121 203 119
121 204 240
121 205 109
121 206 230
121 207 99
121 208 220
121 209 89
121 210 210
121 211 79
121 212 200
121 213 69
121 214 190
121 215 59
121 216 180
121 217 49
121 218 170
121 219 39
121 220 160
121 221 29
121 222 150
121 223 19
121 224 140
121 225 9
121 226 130
121 227 251
121 228 120
121 229 241
121 230 110
121 231 231
121 232 100
121 233 221
121 234 90
121 235 211
121 236 80
121 237 201
121 238 70
121 239 191
121 240 60
121 241 181
121 242 50
121 243 171
121 244 40
121 245 161
121 246 30
121 247 151
121 248 20
121 249 141
121 250 10
121 251 131
121 252 0
121 253 121
121 254 242
121 255 111
121 256 232
122 123 138
122 124 8
122 125 130
122 126 0
122 127 122
122 128 244
122 129 114
122 130 236
122 131 106
122 132 228
122 133 98
122 134 220
122 135 90
122 136 212
122 137 82
122 138 204
122 139 74
122 140 196
122 141 66
122 142 188
122 143 58
122 144 180
122 145 50
122 146 172
122 147 42
122 148 164
122 149 34
122 150 156
122 151 26
122 152 148
122 153 18
122 154 140
122 155 10
122 156 132
122 157 2
122 158 124
122 159 246
122 160 116
122 161 238
122 162 108
122 163 230
122 164 100
122 165 222
122 166 92
122 167 214
122 168 84
122 169 206
122 170 76
122 171 198
122 172 68
122 173 190
122 174 60
122 175 182
122 176 52
122 177 174
122 178 44
122 179 166
122 180 36
122 181 158
122 182 28
122 183 150
122 184 20
122 185 142
122 186 12
122 187 134
122 188 4
122 189 126
122 190 248
122 191 118
122 192 240
122 193 110
122 194 232
122 195 102
122 196 224
122 197 94
122 198 216
122 199 86
122 200 208
122 201 78
122 202 200
122 203 70
122 204 192
122 205 62
122 206 184
122 207 54
122 208 176
122 209 46
122 210 168
122 211 38
122 212 160
122 213 30
122 214 152
122 215 22
122 216 144
122 217 14
122 218 136
122 219 6
122 220 128
122 221 250
122 222 120
122 223 242
122 224 112
122 225 234
122 226 104
122 227 226
122 228 96
122 229 218
122 230 88
122 231 210
122 232 80
122 233 202
122 234 72
122 235 194
122 236 64
122 237 186
122 238 56
122 239 178
122 240 48
122 241 170
122 242 40
122 243 162
122 244 32
122 245 154
122 246 24
122 247 146
122 248 16
122 249 138
122 250 8
122 251 130
122 252 0
122 253 122
122 254 244
122 255 114
122 256 236
123 124 132
123 125 3
123 126 126
123 127 249
123 128 120
123 129 243
123 130 114
123 131 237
123 132 108
123 133 231
123 134 102
123 135 225
123 136 96
123 137 219
123 138 90
123 139 213
123 140 84
123 141 207
123 142 78
123 143 201
123 144 72
123 145 195
123 146 66
123 147 189
123 148 60
123 149 183
123 150 54
123 151 177
123 152 48
123 153 171
123 154 42
123 155 165
123 156 36
123 157 159
123 158 30
123 159 153
123 160 24
123 161 147
123 162 18
123 163 141
123 164 12
123 165 135
123 166 6
123 167 129
123 168 0
123 169 123
123 170 246
123 171 117
123 172 240
123 173 111
123 174 234
123 175 105
123 176 228
123 177 99
123 178 222
123 179 93
123 180 216
123 181 87
123 182 210
123 183 81
123 184 204
123 185 75
123 186 198
123 187 69
123 188 192
123 189 63
123 190 186
123 191 57
123 192 180
123 193 51
123 194 174
123 195 45
123 196 168
123 197 39
123 198 162
123 199 33
123 200 156
123 201 27
123 202 150
123 203 21
123 204 144
123 205 15
123 206 138
123 207 9
123 208 132
123 209 3
123 210 126
123 211 249
123 212 120
123 213 243
123 214 114
123 215 237
123 216 108
123 217 231
123 218 102
123 219 225
123 220 96
123 221 219
123 222 90
123 223 213
123 224 84
123 225 207
123 226 78
123 227 201
123 228 72
123 229 195
123 230 66
123 231 189
123 232 60
123 233 183
123 234 54
123 235 177
123 236 48
123 237 171
123 238 42
123 239 165
123 240 36
123 241 159
123 242 30
123 243 153
123 244 24
123 245 147
123 246 18
123 247 141
123 248 12
123 249 135
123 250 6
123 251 129
123 252 0
123 253 123
123 254 246
123 255 117
123 256 240
124 125 128
124 126 0
124 127 124
124 128 248
124 129 120
124 130 244
124 131 116
124 132 240
124 133 112
124 134 236
124 135 108
124 136 232
124 137 104
124 138 228
124 139 100
124 140 224
124 141 96
124 142 220
124 143 92
124 144 216
124 145 88
124 146 212
124 147 84
124 148 208
124 149 80
124 150 204
124 151 76
124 152 200
124 153 72
124 154 196
124 155 68
124 156 192
124 157 64
124 158 188
124 159 60
124 160 184
124 161 56
124 162 180
124 163 52
124 164 176
124 165 48
124 166 172
124 167 44
124 168 168
124 169 40
124 170 164
124 171 36
124 172 160
124 173 32
124 174 156
124 175 28
124 176 152
124 177 24
124 178 148
124 179 20
124 180 144
124 181 16
124 182 140
124 183 12
124 184 136
124 185 8
124 186 132
124 187 4
124 188 128
124 189 0
124 190 124
124 191 248
124 192 120
124 193 244
124 194 116
124 195 240
124 196 112
124 197 236
124 198 108
124 199 232
124 200 104
124 201 228
124 202 100
124 203 224
124 204 96
124 205 220
124 206 92
124 207 216
124 208 88
124 209 212
124 210 84
124 211 208
124 212 80
124 213 204
124 214 76
124 215 200
124 216 72
124 217 196
124 218 68
124 219 192
124 220 64
124 221 188
124 222 60
124 223 184
124 224 56
124 225 180
124 226 52
124 227 176
124 228 48
124 229 172
124 230 44
124 231 168
124 232 40
124 233 164
124 234 36
124 235 160
124 236 32
124 237 156
124 238 28
124 239 152
124 240 24
124 241 148
124 242 20
124 243 144
124 244 16
124 245 140
124 246 12
124 247 136
124 248 8
124 249 132
124 250 4
124 251 128
124 252 0
124 253 124
124 254 248
124 255 120
124 256 244
125 126 126
125 127 251
125 128 124
125 129 249
125 130 122
125 131 247
125 132 120
125 133 245
125 134 118
125 135 243
125 136 116
125 137 241
125 138 114
125 139 239
125 140 112
125 141 237
125 142 110
125 143 235
125 144 108
125 145 233
125 146 106
125 147 231
125 148 104
125 149 229
125 150 102
125 151 227
125 152 100
125 153 225
125 154 98
125 155 223
125 156 96
125 157 221
125 158 94
125 159 219
125 160 92
125 161 217
125 162 90
125 163 215
125 164 88
125 165 213
125 166 86
125 167 211
125 168 84
125 169 209
125 170 82
125 171 207
125 172 80
125 173 205
125 174 78
125 175 203
125 176 76
125 177 201
125 178 74
125 179 199
125 180 72
125 181 197
125 182 70
125 183 195
125 184 68
125 185 193
125 186 66
125 187 191
125 188 64
125 189 189
125 190 62
125 191 187
125 192 60
125 193 185
125 194 58
125 195 183
125 196 56
125 197 181
125 198 54
125 199 179
125 200 52
125 201 177
125 202 50
125 203 175
125 204 48
125 205 173
125 206 46
125 207 171
125 208 44
125 209 169
125 210 42
125 211 167
125 212 40
125 213 165
125 214 38
125 215 163
125 216 36
125 217 161
125 218 34
125 219 159
125 220 32
125 221 157
125 222 30
125 223 155
125 224 28
125 225 153
125 226 26
125 227 151
125 228 24
125 229 149
125 230 22
125 231 147
125 232 20
125 233 145
125 234 18
125 235 143
125 236 16
125 237 141
125 238 14
125 239 139
125 240 12
125 241 137
125 242 10
125 243 135
125 244 8
125 245 133
125 246 6
125 247 131
125 248 4
125 249 129
125 250 2
125 251 127
125 252 0
125 253 125
125 254 250
125 255 123
125 256 248
126 127 126
126 128 0
126 129 126
126 130 0
126 131 126
126 132 0
126 133 126
126 134 0
126 135 126
126 136 0
126 137 126
126 138 0
126 139 126
126 140 0
126 141 126
126 142 0
126 143 126
126 144 0
126 145 126
126 146 0
126 147 126
126 148 0
126 149 126
126 150 0
126 151 126
126 152 0
126 153 126
126 154 0
126 155 126
126 156 0
126 157 126
126 158 0
126 159 126
126 160 0
126 161 126
126 162 0
126 163 126
126 164 0
126 165 126
126 166 0
126 167 126
126 168 0
126 169 126
126 170 0
126 171 126
126 172 0
126 173 126
126 174 0
126 175 126
126 176 0
126 177 126
126 178 0
126 179 126
126 180 0
126 181 126
126 182 0
126 183 126
126 184 0
126 185 126
126 186 0
126 187 126
126 188 0
126 189 126
126 190 0
126 191 126
126 192 0
126 193 126
126 194 0
126 195 126
126 196 0
126 197 126
126 198 0
126 199 126
126 200 0
126 201 126
126 202 0
126 203 126
126 204 0
126 205 126
126 206 0
126 207 126
126 208 0
126 209 126
126 210 0
126 211 126
126 212 0
126 213 126
126 214 0
126 215 126
126 216 0
126 217 126
126 218 0
126 219 126
126 220 0
126 221 126
126 222 0
126 223 126
126 224 0
126 225 126
126 226 0
126 227 126
126 228 0
126 229 126
126 230 0
126 231 126
126 232 0
126 233 126
126 234 0
126 235 126
126 236 0
126 237 126
126 238 0
126 239 126
126 240 0
126 241 126
126 242 0
126 243 126
126 244 0
126 245 126
126 246 0
126 247 126
126 248 0
126 249 126
126 250 0
126 251 126
126 252 0
126 253 126
126 254 0
126 255 126
126 256 0
127 128 128
127 129 3
127 130 130
127 131 5
127 132 132
127 133 7
127 134 134
127 135 9
127 136 136
127 137 11
127 138 138
127 139 13
127 140 140
127 141 15
127 142 142
127 143 17
127 144 144
127 145 19
127 146 146
127 147 21
127 148 148
127 149 23
127 150 150
127 151 25
127 152 152
127 153 27
127 154 154
127 155 29
127 156 156
127 157 31
127 158 158
127 159 33
127 160 160
127 161 35
127 162 162
127 163 37
127 164 164
127 165 39
127 166 166
127 167 41
127 168 168
127 169 43
127 170 170
127 171 45
127 172 172
127 173 47
127 174 174
127 175 49
127 176 176
127 177 51
127 178 178
127 179 53
127 180 180
127 181 55
127 182 182
127 183 57
127 184 184
127 185 59
127 186 186
127 187 61
127 188 188
127 189 63
127 190 190
127 191 65
127 192 192
127 193 67
127 194 194
127 195 69
127 196 196
127 197 71
127 198 198
127 199 73
127 200 200
127 201 75
127 202 202
127 203 77
127 204 204
127 205 79
127 206 206
127 207 81
127 208 208
127 209 83
127 210 210
127 211 85
127 212 212
127 213 87
127 214 214
127 215 89
127 216 216
127 217 91
127 218 218
127 219 93
127 220 220
127 221 95
127 222 222
127 223 97
127 224 224
127 225 99
127 226 226
127 227 101
127 228 228
127 229 103
127 230 230
127 231 105
127 232 232
127 233 107
127 234 234
127 235 109
127 236 236
127 237 111
127 238 238
127 239 113
127 240 240
127 241 115
127 242 242
127 243 117
127 244 244
127 245 119
127 246 246
127 247 121
127 248 248
127 249 123
127 250 250
127 251 125
127 252 0
127 253 127
127 254 2
127 255 129
127 256 4
128 129 132
128 130 8
128 131 136
128 132 12
128 133 140
128 134 16
128 135 144
128 136 20
128 137 148
128 138 24
128 139 152
128 140 28
128 141 156
128 142 32
128 143 160
128 144 36
128 145 164
128 146 40
128 147 168
128 148 44
128 149 172
128 150 48
128 151 176
128 152 52
128 153 180
128 154 56
128 155 184
128 156 60
128 157 188
128 158 64
128 159 192
128 160 68
128 161 196
128 162 72
128 163 200
128 164 76
128 165 204
128 166 80
128 167 208
128 168 84
128 169 212
128 170 88
128 171 216
128 172 92
128 173 220
128 174 96
128 175 224
128 176 100
128 177 228
128 178 104
128 179 232
128 180 108
128 181 236
128 182 112
128 183 240
128 184 116
128 185 244
128 186 120
128 187 248
128 188 124
128 189 0
128 190 128
128 191 4
128 192 132
128 193 8
128 194 136
128 195 12
128 196 140
128 197 16
128 198 144
128 199 20
128 200 148
128 201 24
128 202 152
128 203 28
128 204 156
128 205 32
128 206 160
128 207 36
128 208 164
128 209 40
128 210 168
128 211 44
128 212 172
128 213 48
128 214 176
128 215 52
128 216 180
128 217 56
128 218 184
128 219 60
128 220 188
128 221 64
128 222 192
128 223 68
128 224 196
128 225 72
128 226 200
128 227 76
128 228 204
128 229 80
128 230 208
128 231 84
128 232 212
128 233 88
128 234 216
128 235 92
128 236 220
128 237 96
128 238 224
128 239 100
128 240 228
128 241 104
128 242 232
128 243 108
128 244 236
128 245 112
128 246 240
128 247 116
128 248 244
128 249 120
128 250 248
128 251 124
128 252 0
128 253 128
128 254 4
128 255 132
128 256 8
129 130 138
129 131 15
129 132 144
129 133 21
129 134 150
129 135 27
129 136 156
129 137 33
129 138 162
129 139 39
129 140 168
129 141 45
129 142 174
129 143 51
129 144 180
129 145 57
129 146 186
129 147 63
129 148 192
129 149 69
129 150 198
129 151 75
129 152 204
129 153 81
129 154 210
129 155 87
129 156 216
129 157 93
129 158 222
129 159 99
129 160 228
129 161 105
129 162 234
129 163 111
129 164 240
129 165 117
129 166 246
129 167 123
129 168 0
129 169 129
129 170 6
129 171 135
129 172 12
129 173 141
129 174 18
129 175 147
129 176 24
129 177 153
129 178 30
129 179 159
129 180 36
129 181 165
129 182 42
129 183 171
129 184 48
129 185 177
129 186 54
129 187 183
129 188 60
129 189 189
129 190 66
129 191 195
129 192 72
129 193 201
129 194 78
129 195 207
129 196 84
129 197 213
129 198 90
129 199 219
129 200 96
129 201 225
129 202 102
129 203 231
129 204 108
129 205 237
129 206 114
129 207 243
129 208 120
129 209 249
129 210 126
129 211 3
129 212 132
129 213 9
129 214 138
129 215 15
129 216 144
129 217 21
129 218 150
129 219 27
129 220 156
129 221 33
129 222 162
129 223 39
129 224 168
129 225 45
129 226 174
129 227 51
129 228 180
129 229 57
129 230 186
129 231 63
129 232 192
129 233 69
129 234 198
129 235 75
129 236 204
129 237 81
129 238 210
129 239 87
129 240 216
129 241 93
129 242 222
129 243 99
129 244 228
129 245 105
129 246 234
129 247 111
129 248 240
129 249 117
129 250 246
129 251 123
129 252 0
129 253 129
129 254 6
129 255 135
129 256 12
130 131 146
130 132 24
130 133 154
130 134 32
130 135 162
130 136 40
130 137 170
130 138 48
130 139 178
130 140 56
130 141 186
130 142 64
130 143 194
130 144 72
130 145 202
130 146 80
130 147 210
130 148 88
130 149 218
130 150 96
130 151 226
130 152 104
130 153 234
130 154 112
130 155 242
130 156 120
130 157 250
130 158 128
130 159 6
130 160 136
130 161 14
130 162 144
130 163 22
130 164 152
130 165 30
130 166 160
130 167 38
130 168 168
130 169 46
130 170 176
130 171 54
130 172 184
130 173 62
130 174 192
130 175 70
130 176 200
130 177 78
130 178 208
130 179 86
130 180 216
130 181 94
130 182 224
130 183 102
130 184 232
130 185 110
130 186 240
130 187 118
130 188 248
130 189 126
130 190 4
130 191 134
130 192 12
130 193 142
130 194 20
130 195 150
130 196 28
130 197 158
130 198 36
130 199 166
130 200 44
130 201 174
130 202 52
130 203 182
130 204 60
130 205 190
130 206 68
130 207 198
130 208 76
130 209 206
130 210 84
130 211 214
130 212 92
130 213 222
130 214 100
130 215 230
130 216 108
130 217 238
130 218 116
130 219 246
130 220 124
130 221 2
130 222 132
130 223 10
130 224 140
130 225 18
130 226 148
130 227 26
130 228 156
130 229 34
130 230 164
130 231 42
130 232 172
130 233 50
130 234 180
130 235 58
130 236 188
130 237 66
130 238 196
130 239 74
130 240 204
130 241 82
130 242 212
130 243 90
130 244 220
130 245 98
130 246 228
130 247 106
130 248 236
130 249 114
130 250 244
130 251 122
130 252 0
130 253 130
130 254 8
130 255 138
130 256 16
131 132 156
131 133 35
131 134 166
131 135 45
131 136 176
131 137 55
131 138 186
131 139 65
131 140 196
131 141 75
131 142 206
131 143 85
131 144 216
131 145 95
131 146 226
131 147 105
131 148 236
131 149 115
131 150 246
131 151 125
131 152 4
131 153 135
131 154 14
131 155 145
131 156 24
131 157 155
131 158 34
131 159 165
131 160 44
131 161 175
131 162 54
131 163 185
131 164 64
131 165 195
131 166 74
131 167 205
131 168 84
131 169 215
131 170 94
131 171 225
131 172 104
131 173 235
131 174 114
131 175 245
131 176 124
131 177 3
131 178 134
131 179 13
131 180 144
131 181 23
131 182 154
131 183 33
131 184 164
131 185 43
131 186 174
131 187 53
131 188 184
131 189 63
131 190 194
131 191 73
131 192 204
131 193 83
131 194 214
131 195 93
131 196 224
131 197 103
131 198 234
131 199 113
131 200 244
131 201 123
131 202 2
131 203 133
131 204 12
131 205 143
131 206 22
131 207 153
131 208 32
131 209 163
131 210 42
131 211 173
131 212 52
131 213 183
131 214 62
131 215 193
131 216 72
131 217 203
131 218 82
131 219 213
131 220 92
131 221 223
131 222 102
131 223 233
131 224 112
131 225 243
131 226 122
131 227 1
131 228 132
131 229 11
131 230 142
131 231 21
131 232 152
131 233 31
131 234 162
131 235 41
131 236 172
131 237 51
131 238 182
131 239 61
131 240 192
131 241 71
131 242 202
131 243 81
131 244 212
131 245 91
131 246 222
131 247 101
131 248 232
131 249 111
131 250 242
131 251 121
131 252 0
131 253 131
131 254 10
131 255 141
131 256 20
132 133 168
132 134 48
132 135 180
132 136 60
132 137 192
132 138 72
132 139 204
132 140 84
132 141 216
132 142 96
132 143 228
132 144 108
132 145 240
132 146 120
132 147 0
132 148 132
132 149 12
132 150 144
132 151 24
132 152 156
132 153 36
132 154 168
132 155 48
132 156 180
132 157 60
132 158 192
132 159 72
132 160 204
132 161 84
132 162 216
132 163 96
132 164 228
132 165 108
132 166 240
132 167 120
132 168 0
132 169 132
132 170 12
132 171 144
132 172 24
132 173 156
132 174 36
132 175 168
132 176 48
132 177 180
132 178 60
132 179 192
132 180 72
132 181 204
132 182 84
132 183 216
132 184 96
132 185 228
132 186 108
132 187 240
132 188 120
132 189 0
132 190 132
132 191 12
132 192 144
132 193 24
132 194 156
132 195 36
132 196 168
132 197 48
132 198 180
132 199 60
132 200 192
132 201 72
132 202 204
132 203 84
132 204 216
132 205 96
132 206 228
132 207 108
132 208 240
132 209 120
132 210 0
132 211 132
132 212 12
132 213 144
132 214 24
132 215 156
132 216 36
132 217 168
132 218 48
132 219 180
132 220 60
132 221 192
132 222 72
132 223 204
132 224 84
132 225 216
132 226 96
132 227 228
132 228 108
132 229 240
132 230 120
132 231 0
132 232 132
132 233 12
132 234 144
132 235 24
132 236 156
132 237 36
132 238 168
132 239 48
132 240 180
132 241 60
132 242 192
132 243 72
132 244 204
132 245 84
132 246 216
132 247 96
132 248 228
132 249 108
132 250 240
132 251 120
132 252 0
132 253 132
132 254 12
132 255 144
132 256 24
133 134 182
133 135 63
133 136 196
133 137 77
133 138 210
133 139 91
133 140 224
133 141 105
133 142 238
133 143 119
133 144 0
133 145 133
133 146 14
133 147 147
133 148 28
133 149 161
133 150 42
133 151 175
133 152 56
133 153 189
133 154 70
133 155 203
133 156 84
133 157 217
133 158 98
133 159 231
133 160 112
133 161 245
133 162 126
133 163 7
133 164 140
133 165 21
133 166 154
133 167 35
133 168 168
133 169 49
133 170 182
133 171 63
133 172 196
133 173 77
133 174 210
133 175 91
133 176 224
133 177 105
133 178 238
133 179 119
133 180 0
133 181 133
133 182 14
133 183 147
133 184 28
133 185 161
133 186 42
133 187 175
133 188 56
133 189 189
133 190 70
133 191 203
133 192 84
133 193 217
133 194 98
133 195 231
133 196 112
133 197 245
133 198 126
133 199 7
133 200 140
133 201 21
133 202 154
133 203 35
133 204 168
133 205 49
133 206 182
133 207 63
133 208 196
133 209 77
133 210 210
133 211 91
133 212 224
133 213 105
133 214 238
133 215 119
133 216 0
133 217 133
133 218 14
133 219 147
133 220 28
133 221 161
133 222 42
133 223 175
133 224 56
133 225 189
133 226 70
133 227 203
133 228 84
133 229 217
133 230 98
133 231 231
133 232 112
133 233 245
133 234 126
133 235 7
133 236 140
133 237 21
133 238 154
133 239 35
133 240 168
133 241 49
133 242 182
133 243 63
133 244 196
133 245 77
133 246 210
133 247 91
133 248 224
133 249 105
133 250 238
133 251 119
133 252 0
133 253 133
133 254 14
133 255 147
133 256 28
134 135 198
134 136 80
134 137 214
134 138 96
134 139 230
134 140 112
134 141 246
134 142 128
134 143 10
134 144 144
134 145 26
134 146 160
134 147 42
134 148 176
134 149 58
134 150 192
134 151 74
134 152 208
134 153 90
134 154 224
134 155 106
134 156 240
134 157 122
134 158 4
134 159 138
134 160 20
134 161 154
134 162 36
134 163 170
134 164 52
134 165 186
134 166 68
134 167 202
134 168 84
134 169 218
134 170 100
134 171 234
134 172 116
134 173 250
134 174 132
134 175 14
134 176 148
134 177 30
134 178 164
134 179 46
134 180 180
134 181 62
134 182 196
134 183 78
134 184 212
134 185 94
134 186 228
134 187 110
134 188 244
134 189 126
134 190 8
134 191 142
134 192 24
134 193 158
134 194 40
134 195 174
134 196 56
134 197 190
134 198 72
134 199 206
134 200 88
134 201 222
134 202 104
134 203 238
134 204 120
134 205 2
134 206 136
134 207 18
134 208 152
134 209 34
134 210 168
134 211 50
134 212 184
134 213 66
134 214 200
134 215 82
134 216 216
134 217 98
134 218 232
134 219 114
134 220 248
134 221 130
134 222 12
134 223 146
134 224 28
134 225 162
134 226 44
134 227 178
134 228 60
134 229 194
134 230 76
134 231 210
134 232 92
134 233 226
134 234 108
134 235 242
134 236 124
134 237 6
134 238 140
134 239 22
134 240 156
134 241 38
134 242 172
134 243 54
134 244 188
134 245 70
134 246 204
134 247 86
134 248 220
134 249 102
134 250 236
134 251 118
134 252 0
134 253 134
134 254 16
134 255 150
134 256 32
135 136 216
135 137 99
135 138 234
135 139 117
135 140 0
135 141 135
135 142 18
135 143 153
135 144 36
135 145 171
135 146 54
135 147 189
135 148 72
135 149 207
135 150 90
135 151 225
135 152 108
135 153 243
135 154 126
135 155 9
135 156 144
135 157 27
135 158 162
135 159 45
135 160 180
135 161 63
135 162 198
135 163 81
135 164 216
135 165 99
135 166 234
135 167 117
135 168 0
135 169 135
135 170 18
135 171 153
135 172 36
135 173 171
135 174 54
135 175 189
135 176 72
135 177 207
135 178 90
135 179 225
135 180 108
135 181 243
135 182 126
135 183 9
135 184 144
135 185 27
135 186 162
135 187 45
135 188 180
135 189 63
135 190 198
135 191 81
135 192 216
135 193 99
135 194 234
135 195 117
135 196 0
135 197 135
135 198 18
135 199 153
135 200 36
135 201 171
135 202 54
135 203 189
135 204 72
135 205 207
135 206 90
135 207 225
135 208 108
135 209 243
135 210 126
135 211 9
135 212 144
135 213 27
135 214 162
135 215 45
135 216 180
135 217 63
135 218 198
135 219 81
135 220 216
135 221 99
135 222 234
135 223 117
135 224 0
135 225 135
135 226 18
135 227 153
135 228 36
135 229 171
135 230 54
135 231 189
135 232 72
135 233 207
135 234 90
135 235 225
135 236 108
135 237 243
135 238 126
135 239 9
135 240 144
135 241 27
135 242 162
135 243 45
135 244 180
135 245 63
135 246 198
135 247 81
135 248 216
135 249 99
135 250 234
135 251 117
135 252 0
135 253 135
135 254 18
135 255 153
135 256 36
136 137 236
136 138 120
136 139 4
136 140 140
136 141 24
136 142 160
136 143 44
136 144 180
136 145 64
136 146 200
136 147 84
136 148 220
136 149 104
136 150 240
136 151 124
136 152 8
136 153 144
136 154 28
136 155 164
136 156 48
136 157 184
136 158 68
136 159 204
136 160 88
136 161 224
136 162 108
136 163 244
136 164 128
136 165 12
136 166 148
136 167 32
136 168 168
136 169 52
136 170 188
136 171 72
136 172 208
136 173 92
136 174 228
136 175 112
136 176 248
136 177 132
136 178 16
136 179 152
136 180 36
136 181 172
136 182 56
136 183 192
136 184 76
136 185 212
136 186 96
136 187 232
136 188 116
136 189 0
136 190 136
136 191 20
136 192 156
136 193 40
136 194 176
136 195 60
136 196 196
136 197 80
136 198 216
136 199 100
136 200 236
136 201 120
136 202 4
136 203 140
136 204 24
136 205 160
136 206 44
136 207 180
136 208 64
136 209 200
136 210 84
136 211 220
136 212 104
136 213 240
136 214 124
136 215 8
136 216 144
136 217 28
136 218 164
136 219 48
136 220 184
136 221 68
136 222 204
136 223 88
136 224 224
136 225 108
136 226 244
136 227 128
136 228 12
136 229 148
136 230 32
136 231 168
136 232 52
136 233 188
136 234 72
136 235 208
136 236 92
136 237 228
136 238 112
136 239 248
136 240 132
136 241 16
136 242 152
136 243 36
136 244 172
136 245 56
136 246 192
136 247 76
136 248 212
136 249 96
136 250 232
136 251 116
136 252 0
136 253 136
136 254 20
136 255 156
136 256 40
137 138 6
137 139 143
137 140 28
137 141 165
137 142 50
137 143 187
137 144 72
137 145 209
137 146 94
137 147 231
137 148 116
137 149 1
137 150 138
137 151 23
137 152 160
137 153 45
137 154 182
137 155 67
137 156 204
137 157 89
137 158 226
137 159 111
137 160 248
137 161 133
137 162 18
137 163 155
137 164 40
137 165 177
137 166 62
137 167 199
137 168 84
137 169 221
137 170 106
137 171 243
137 172 128
137 173 13
137 174 150
137 175 35
137 176 172
137 177 57
137 178 194
137 179 79
137 180 216
137 181 101
137 182 238
137 183 123
137 184 8
137 185 145
137 186 30
137 187 167
137 188 52
137 189 189
137 190 74
137 191 211
137 192 96
137 193 233
137 194 118
137 195 3
137 196 140
137 197 25
137 198 162
137 199 47
137 200 184
137 201 69
137 202 206
137 203 91
137 204 228
137 205 113
137 206 250
137 207 135
137 208 20
137 209 157
137 210 42
137 211 179
137 212 64
137 213 201
137 214 86
137 215 223
137 216 108
137 217 245
137 218 130
137 219 15
137 220 152
137 221 37
137 222 174
137 223 59
137 224 196
137 225 81
137 226 218
137 227 103
137 228 240
137 229 125
137 230 10
137 231 147
137 232 32
137 233 169
137 234 54
137 235 191
137 236 76
137 237 213
137 238 98
137 239 235
137 240 120
137 241 5
137 242 142
137 243 27
137 244 164
137 245 49
137 246 186
137 247 71
137 248 208
137 249 93
137 250 230
137 251 115
137 252 0
137 253 137
137 254 22
137 255 159
137 256 44
138 139 30
138 140 168
138 141 54
138 142 192
138 143 78
138 144 216
138 145 102
138 146 240
138 147 126
138 148 12
138 149 150
138 150 36
138 151 174
138 152 60
138 153 198
138 154 84
138 155 222
138 156 108
138 157 246
138 158 132
138 159 18
138 160 156
138 161 42
138 162 180
138 163 66
138 164 204
138 165 90
138 166 228
138 167 114
138 168 0
138 169 138
138 170 24
138 171 162
138 172 48
138 173 186
138 174 72
138 175 210
138 176 96
138 177 234
138 178 120
138 179 6
138 180 144
138 181 30
138 182 168
138 183 54
138 184 192
138 185 78
138 186 216
138 187 102
138 188 240
138 189 126
138 190 12
138 191 150
138 192 36
138 193 174
138 194 60
138 195 198
138 196 84
138 197 222
138 198 108
138 199 246
138 200 132
138 201 18
138 202 156
138 203 42
138 204 180
138 205 66
138 206 204
138 207 90
138 208 228
138 209 114
138 210 0
138 211 138
138 212 24
138 213 162
138 214 48
138 215 186
138 216 72
138 217 210
138 218 96
138 219 234
138 220 120
138 221 6
138 222 144
138 223 30
138 224 168
138 225 54
138 226 192
138 227 78
138 228 216
138 229 102
138 230 240
138 231 126
138 232 12
138 233 150
138 234 36
138 235 174
138 236 60
138 237 198
138 238 84
138 239 222
138 240 108
138 241 246
138 242 132
138 243 18
138 244 156
138 245 42
138 246 180
138 247 66
138 248 204
138 249 90
138 250 228
138 251 114
138 252 0
138 253 138
138 254 24
138 255 162
138 256 48
139 140 56
139 141 195
139 142 82
139 143 221
139 144 108
139 145 247
139 146 134
139 147 21
139 148 160
139 149 47
139 150 186
139 151 73
139 152 212
139 153 99
139 154 238
139 155 125
139 156 12
139 157 151
139 158 38
139 159 177
139 160 64
139 161 203
139 162 90
139 163 229
139 164 116
139 165 3
139 166 142
139 167 29
139 168 168
139 169 55
139 170 194
139 171 81
139 172 220
139 173 107
139 174 246
139 175 133
139 176 20
139 177 159
139 178 46
139 179 185
139 180 72
139 181 211
139 182 98
139 183 237
139 184 124
139 185 11
139 186 150
139 187 37
139 188 176
139 189 63
139 190 202
139 191 89
139 192 228
139 193 115
139 194 2
139 195 141
139 196 28
139 197 167
139 198 54
139 199 193
139 200 80
139 201 219
139 202 106
139 203 245
139 204 132
139 205 19
139 206 158
139 207 45
139 208 184
139 209 71
139 210 210
139 211 97
139 212 236
139 213 123
139 214 10
139 215 149
139 216 36
139 217 175
139 218 62
139 219 201
139 220 88
139 221 227
139 222 114
139 223 1
139 224 140
139 225 27
139 226 166
139 227 53
139 228 192
139 229 79
139 230 218
139 231 105
139 232 244
139 233 131
139 234 18
139 235 157
139 236 44
139 237 183
139 238 70
139 239 209
139 240 96
139 241 235
139 242 122
139 243 9
139 244 148
139 245 35
139 246 174
139 247 61
139 248 200
139 249 87
139 250 226
139 251 113
139 252 0
139 253 139
139 254 26
139 255 165
139 256 52
140 141 84
140 142 224
140 143 112
140 144 0
140 145 140
140 146 28
140 147 168
140 148 56
140 149 196
140 150 84
140 151 224
140 152 112
140 153 0
140 154 140
140 155 28
140 156 168
140 157 56
140 158 196
140 159 84
140 160 224
140 161 112
140 162 0
140 163 140
140 164 28
140 165 168
140 166 56
140 167 196
140 168 84
140 169 224
140 170 112
140 171 0
140 172 140
140 173 28
140 174 168
140 175 56
140 176 196
140 177 84
140 178 224
140 179 112
140 180 0
140 181 140
140 182 28
140 183 168
140 184 56
140 185 196
140 186 84
140 187 224
140 188 112
140 189 0
140 190 140
140 191 28
140 192 168
140 193 56
140 194 196
140 195 84
140 196 224
140 197 112
140 198 0
140 199 140
140 200 28
140 201 168
140 202 56
140 203 196
140 204 84
140 205 224
140 206 112
140 207 0
140 208 140
140 209 28
140 210 168
140 211 56
140 212 196
140 213 84
140 214 224
140 215 112
140 216 0
140 217 140
140 218 28
140 219 168
140 220 56
140 221 196
140 222 84
140 223 224
140 224 112
140 225 0
140 226 140
140 227 28
140 228 168
140 229 56
140 230 196
140 231 84
140 232 224
140 233 112
140 234 0
140 235 140
140 236 28
140 237 168
140 238 56
140 239 196
140 240 84
140 241 224
140 242 112
140 243 0
140 244 140
140 245 28
140 246 168
140 247 56
140 248 196
140 249 84
140 250 224
140 251 112
140 252 0
140 253 140
140 254 28
140 255 168
140 256 56
141 142 114
141 143 3
141 144 144
141 145 33
141 146 174
141 147 63
141 148 204
141 149 93
141 150 234
141 151 123
141 152 12
141 153 153
141 154 42
141 155 183
141 156 72
141 157 213
141 158 102
141 159 243
141 160 132
141 161 21
141 162 162
141 163 51
141 164 192
141 165 81
141 166 222
141 167 111
141 168 0
141 169 141
141 170 30
141 171 171
141 172 60
141 173 201
141 174 90
141 175 231
141 176 120
141 177 9
141 178 150
141 179 39
141 180 180
141 181 69
141 182 210
141 183 99
141 184 240
141 185 129
141 186 18
141 187 159
141 188 48
141 189 189
141 190 78
141 191 219
141 192 108
141 193 249
141 194 138
141 195 27
141 196 168
141 197 57
141 198 198
141 199 87
141 200 228
141 201 117
141 202 6
141 203 147
141 204 36
141 205 177
141 206 66
141 207 207
141 208 96
141 209 237
141 210 126
141 211 15
141 212 156
141 213 45
141 214 186
141 215 75
141 216 216
141 217 105
141 218 246
141 219 135
141 220 24
141 221 165
141 222 54
141 223 195
141 224 84
141 225 225
141 226 114
141 227 3
141 228 144
141 229 33
141 230 174
141 231 63
141 232 204
141 233 93
141 234 234
141 235 123
141 236 12
141 237 153
141 238 42
141 239 183
141 240 72
141 241 213
141 242 102
141 243 243
141 244 132
141 245 21
141 246 162
141 247 51
141 248 192
141 249 81
141 250 222
141 251 111
141 252 0
141 253 141
141 254 30
141 255 171
141 256 60
142 143 146
142 144 36
142 145 178
142 146 68
142 147 210
142 148 100
142 149 242
142 150 132
142 151 22
142 152 164
142 153 54
142 154 196
142 155 86
142 156 228
142 157 118
142 158 8
142 159 150
142 160 40
142 161 182
142 162 72
142 163 214
142 164 104
142 165 246
142 166 136
142 167 26
142 168 168
142 169 58
142 170 200
142 171 90
142 172 232
142 173 122
142 174 12
142 175 154
142 176 44
142 177 186
142 178 76
142 179 218
142 180 108
142 181 250
142 182 140
142 183 30
142 184 172
142 185 62
142 186 204
142 187 94
142 188 236
142 189 126
142 190 16
142 191 158
142 192 48
142 193 190
142 194 80
142 195 222
142 196 112
142 197 2
142 198 144
142 199 34
142 200 176
142 201 66
142 202 208
142 203 98
142 204 240
142 205 130
142 206 20
142 207 162
142 208 52
142 209 194
142 210 84
142 211 226
142 212 116
142 213 6
142 214 148
142 215 38
142 216 180
142 217 70
142 218 212
142 219 102
142 220 244
142 221 134
142 222 24
142 223 166
142 224 56
142 225 198
142 226 88
142 227 230
142 228 120
142 229 10
142 230 152
142 231 42
142 232 184
142 233 74
142 234 216
142 235 106
142 236 248
142 237 138
142 238 28
142 239 170
142 240 60
142 241 202
142 242 92
142 243 234
142 244 124
142 245 14
142 246 156
142 247 46
142 248 188
142 249 78
142 250 220
142 251 110
142 252 0
142 253 142
142 254 32
142 255 174
142 256 64
143 144 180
143 145 71
143 146 214
143 147 105
143 148 248
143 149 139
143 150 30
143 151 173
143 152 64
143 153 207
143 154 98
143 155 241
143 156 132
143 157 23
143 158 166
143 159 57
143 160 200
143 161 91
143 162 234
143 163 125
143 164 16
143 165 159
143 166 50
143 167 193
143 168 84
143 169 227
143 170 118
143 171 9
143 172 152
143 173 43
143 174 186
143 175 77
143 176 220
143 177 111
143 178 2
143 179 145
143 180 36
143 181 179
143 182 70
143 183 213
143 184 104
143 185 247
143 186 138
143 187 29
143 188 172
143 189 63
143 190 206
143 191 97
143 192 240
143 193 131
143 194 22
143 195 165
143 196 56
143 197 199
143 198 90
143 199 233
143 200 124
143 201 15
143 202 158
143 203 49
143 204 192
143 205 83
143 206 226
143 207 117
143 208 8
143 209 151
143 210 42
143 211 185
143 212 76
143 213 219
143 214 110
143 215 1
143 216 144
143 217 35
143 218 178
143 219 69
143 220 212
143 221 103
143 222 246
143 223 137
143 224 28
143 225 171
143 226 62
143 227 205
143 228 96
143 229 239
143 230 130
143 231 21
143 232 164
143 233 55
143 234 198
143 235 89
143 236 232
143 237 123
143 238 14
143 239 157
143 240 48
143 241 191
143 242 82
143 243 225
143 244 116
143 245 7
143 246 150
143 247 41
143 248 184
143 249 75
143 250 218
143 251 109
143 252 0
143 253 143
143 254 34
143 255 177
143 256 68
144 145 216
144 146 108
144 147 0
144 148 144
144 149 36
144 150 180
144 151 72
144 152 216
144 153 108
144 154 0
144 155 144
144 156 36
144 157 180
144 158 72
144 159 216
144 160 108
144 161 0
144 162 144
144 163 36
144 164 180
144 165 72
144 166 216
144 167 108
144 168 0
144 169 144
144 170 36
144 171 180
144 172 72
144 173 216
144 174 108
144 175 0
144 176 144
144 177 36
144 178 180
144 179 72
144 180 216
144 181 108
144 182 0
144 183 144
144 184 36
144 185 180
144 186 72
144 187 216
144 188 108
144 189 0
144 190 144
144 191 36
144 192 180
144 193 72
144 194 216
144 195 108
144 196 0
144 197 144
144 198 36
144 199 180
144 200 72
144 201 216
144 202 108
144 203 0
144 204 144
144 205 36
144 206 180
144 207 72
144 208 216
144 209 108
144 210 0
144 211 144
144 212 36
144 213 180
144 214 72
144 215 216
144 216 108
144 217 0
144 218 144
144 219 36
144 220 180
144 221 72
144 222 216
144 223 108
144 224 0
144 225 144
144 226 36
144 227 180
144 228 72
144 229 216
144 230 108
144 231 0
144 232 144
144 233 36
144 234 180
144 235 72
144 236 216
144 237 108
144 238 0
144 239 144
144 240 36
144 241 180
144 242 72
144 243 216
144 244 108
144 245 0
144 246 144
144 247 36
144 248 180
144 249 72
144 250 216
144 251 108
144 252 0
144 253 144
144 254 36
144 255 180
144 256 72
145 146 2
145 147 147
145 148 40
145 149 185
145 150 78
145 151 223
145 152 116
145 153 9
145 154 154
145 155 47
145 156 192
145 157 85
145 158 230
145 159 123
145 160 16
145 161 161
145 162 54
145 163 199
145 164 92
145 165 237
145 166 130
145 167 23
145 168 168
145 169 61
145 170 206
145 171 99
145 172 244
145 173 137
145 174 30
145 175 175
145 176 68
145 177 213
145 178 106
145 179 251
145 180 144
145 181 37
145 182 182
145 183 75
145 184 220
145 185 113
145 186 6
145 187 151
145 188 44
145 189 189
145 190 82
145 191 227
145 192 120
145 193 13
145 194 158
145 195 51
145 196 196
145 197 89
145 198 234
145 199 127
145 200 20
145 201 165
145 202 58
145 203 203
145 204 96
145 205 241
145 206 134
145 207 27
145 208 172
145 209 65
145 210 210
145 211 103
145 212 248
145 213 141
145 214 34
145 215 179
145 216 72
145 217 217
145 218 110
145 219 3
145 220 148
145 221 41
145 222 186
145 223 79
145 224 224
145 225 117
145 226 10
145 227 155
145 228 48
145 229 193
145 230 86
145 231 231
145 232 124
145 233 17
145 234 162
145 235 55
145 236 200
145 237 93
145 238 238
145 239 131
145 240 24
145 241 169
145 242 62
145 243 207
145 244 100
145 245 245
145 246 138
145 247 31
145 248 176
145 249 69
145 250 214
145 251 107
145 252 0
145 253 145
145 254 38
145 255 183
145 256 76
146 147 42
146 148 188
146 149 82
146 150 228
146 151 122
146 152 16
146 153 162
146 154 56
146 155 202
146 156 96
146 157 242
146 158 136
146 159 30
146 160 176
146 161 70
146 162 216
146 163 110
146 164 4
146 165 150
146 166 44
146 167 190
146 168 84
146 169 230
146 170 124
146 171 18
146 172 164
146 173 58
146 174 204
146 175 98
146 176 244
146 177 138
146 178 32
146 179 178
146 180 72
146 181 218
146 182 112
146 183 6
146 184 152
146 185 46
146 186 192
146 187 86
146 188 232
146 189 126
146 190 20
146 191 166
146 192 60
146 193 206
146 194 100
146 195 246
146 196 140
146 197 34
146 198 180
146 199 74
146 200 220
146 201 114
146 202 8
146 203 154
146 204 48
146 205 194
146 206 88
146 207 234
146 208 128
146 209 22
146 210 168
146 211 62
146 212 208
146 213 102
146 214 248
146 215 142
146 216 36
146 217 182
146 218 76
146 219 222
146 220 116
146 221 10
146 222 156
146 223 50
146 224 196
146 225 90
146 226 236
146 227 130
146 228 24
146 229 170
146 230 64
146 231 210
146 232 104
146 233 250
146 234 144
146 235 38
146 236 184
146 237 78
146 238 224
146 239 118
146 240 12
146 241 158
146 242 52
146 243 198
146 244 92
146 245 238
146 246 132
146 247 26
146 248 172
146 249 66
146 250 212
146 251 106
146 252 0
146 253 146
146 254 40
146 255 186
146 256 80
147 148 84
147 149 231
147 150 126
147 151 21
147 152 168
147 153 63
147 154 210
147 155 105
147 156 0
147 157 147
147 158 42
147 159 189
147 160 84
147 161 231
147 162 126
147 163 21
147 164 168
147 165 63
147 166 210
147 167 105
147 168 0
147 169 147
147 170 42
147 171 189
147 172 84
147 173 231
147 174 126
147 175 21
147 176 168
147 177 63
147 178 210
147 179 105
147 180 0
147 181 147
147 182 42
147 183 189
147 184 84
147 185 231
147 186 126
147 187 21
147 188 168
147 189 63
147 190 210
147 191 105
147 192 0
147 193 147
147 194 42
147 195 189
147 196 84
147 197 231
147 198 126
147 199 21
147 200 168
147 201 63
147 202 210
147 203 105
147 204 0
147 205 147
147 206 42
147 207 189
147 208 84
147 209 231
147 210 126
147 211 21
147 212 168
147 213 63
147 214 210
147 215 105
147 216 0
147 217 147
147 218 42
147 219 189
147 220 84
147 221 231
147 222 126
147 223 21
147 224 168
147 225 63
147 226 210
147 227 105
147 228 0
147 229 147
147 230 42
147 231 189
147 232 84
147 233 231
147 234 126
147 235 21
147 236 168
147 237 63
147 238 210
147 239 105
147 240 0
147 241 147
147 242 42
147 243 189
147 244 84
147 245 231
147 246 126
147 247 21
147 248 168
147 249 63
147 250 210
147 251 105
147 252 0
147 253 147
147 254 42
147 255 189
147 256 84
148 149 128
148 150 24
148 151 172
148 152 68
148 153 216
148 154 112
148 155 8
148 156 156
148 157 52
148 158 200
148 159 96
148 160 244
148 161 140
148 162 36
148 163 184
148 164 80
148 165 228
148 166 124
148 167 20
148 168 168
148 169 64
148 170 212
148 171 108
148 172 4
148 173 152
148 174 48
148 175 196
148 176 92
148 177 240
148 178 136
148 179 32
148 180 180
148 181 76
148 182 224
148 183 120
148 184 16
148 185 164
148 186 60
148 187 208
148 188 104
148 189 0
148 190 148
148 191 44
148 192 192
148 193 88
148 194 236
148 195 132
148 196 28
148 197 176
148 198 72
148 199 220
148 200 116
148 201 12
148 202 160
148 203 56
148 204 204
148 205 100
148 206 248
148 207 144
148 208 40
148 209 188
148 210 84
148 211 232
148 212 128
148 213 24
148 214 172
148 215 68
148 216 216
148 217 112
148 218 8
148 219 156
148 220 52
148 221 200
148 222 96
148 223 244
148 224 140
148 225 36
148 226 184
148 227 80
148 228 228
148 229 124
148 230 20
148 231 168
148 232 64
148 233 212
148 234 108
148 235 4
148 236 152
148 237 48
148 238 196
148 239 92
148 240 240
148 241 136
148 242 32
148 243 180
148 244 76
148 245 224
148 246 120
148 247 16
148 248 164
148 249 60
148 250 208
148 251 104
148 252 0
148 253 148
148 254 44
148 255 192
148 256 88
149 150 174
149 151 71
149 152 220
149 153 117
149 154 14
149 155 163
149 156 60
149 157 209
149 158 106
149 159 3
149 160 152
149 161 49
149 162 198
149 163 95
149 164 244
149 165 141
149 166 38
149 167 187
149 168 84
149 169 233
149 170 130
149 171 27
149 172 176
149 173 73
149 174 222
149 175 119
149 176 16
149 177 165
149 178 62
149 179 211
149 180 108
149 181 5
149 182 154
149 183 51
149 184 200
149 185 97
149 186 246
149 187 143
149 188 40
149 189 189
149 190 86
149 191 235
149 192 132
149 193 29
149 194 178
149 195 75
149 196 224
149 197 121
149 198 18
149 199 167
149 200 64
149 201 213
149 202 110
149 203 7
149 204 156
149 205 53
149 206 202
149 207 99
149 208 248
149 209 145
149 210 42
149 211 191
149 212 88
149 213 237
149 214 134
149 215 31
149 216 180
149 217 77
149 218 226
149 219 123
149 220 20
149 221 169
149 222 66
149 223 215
149 224 112
149 225 9
149 226 158
149 227 55
149 228 204
149 229 101
149 230 250
149 231 147
149 232 44
149 233 193
149 234 90
149 235 239
149 236 136
149 237 33
149 238 182
149 239 79
149 240 228
149 241 125
149 242 22
149 243 171
149 244 68
149 245 217
149 246 114
149 247 11
149 248 160
149 249 57
149 250 206
149 251 103
149 252 0
149 253 149
149 254 46
149 255 195
149 256 92
150 151 222
150 152 120
150 153 18
150 154 168
150 155 66
150 156 216
150 157 114
150 158 12
150 159 162
150 160 60
150 161 210
150 162 108
150 163 6
150 164 156
150 165 54
150 166 204
150 167 102
150 168 0
150 169 150
150 170 48
150 171 198
150 172 96
150 173 246
150 174 144
150 175 42
150 176 192
150 177 90
150 178 240
150 179 138
150 180 36
150 181 186
150 182 84
150 183 234
150 184 132
150 185 30
150 186 180
150 187 78
150 188 228
150 189 126
150 190 24
150 191 174
150 192 72
150 193 222
150 194 120
150 195 18
150 196 168
150 197 66
150 198 216
150 199 114
150 200 12
150 201 162
150 202 60
150 203 210
150 204 108
150 205 6
150 206 156
150 207 54
150 208 204
150 209 102
150 210 0
150 211 150
150 212 48
150 213 198
150 214 96
150 215 246
150 216 144
150 217 42
150 218 192
150 219 90
150 220 240
150 221 138
150 222 36
150 223 186
150 224 84
150 225 234
150 226 132
150 227 30
150 228 180
150 229 78
150 230 228
150 231 126
150 232 24
150 233 174
150 234 72
150 235 222
150 236 120
150 237 18
150 238 168
150 239 66
150 240 216
150 241 114
150 242 12
150 243 162
150 244 60
150 245 210
150 246 108
150 247 6
150 248 156
150 249 54
150 250 204
150 251 102
150 252 0
150 253 150
150 254 48
150 255 198
150 256 96
151 152 20
151 153 171
151 154 70
151 155 221
151 156 120
151 157 19
151 158 170
151 159 69
151 160 220
151 161 119
151 162 18
151 163 169
151 164 68
151 165 219
151 166 118
151 167 17
151 168 168
151 169 67
151 170 218
151 171 117
151 172 16
151 173 167
151 174 66
151 175 217
151 176 116
151 177 15
151 178 166
151 179 65
151 180 216
151 181 115
151 182 14
151 183 165
151 184 64
151 185 215
151 186 114
151 187 13
151 188 164
151 189 63
151 190 214
151 191 113
151 192 12
151 193 163
151 194 62
151 195 213
151 196 112
151 197 11
151 198 162
151 199 61
151 200 212
151 201 111
151 202 10
151 203 161
151 204 60
151 205 211
151 206 110
151 207 9
151 208 160
151 209 59
151 210 210
151 211 109
151 212 8
151 213 159
151 214 58
151 215 209
151 216 108
151 217 7
151 218 158
151 219 57
151 220 208
151 221 107
151 222 6
151 223 157
151 224 56
151 225 207
151 226 106
151 227 5
151 228 156
151 229 55
151 230 206
151 231 105
151 232 4
151 233 155
151 234 54
151 235 205
151 236 104
151 237 3
151 238 154
151 239 53
151 240 204
151 241 103
151 242 2
151 243 153
151 244 52
151 245 203
151 246 102
151 247 1
151 248 152
151 249 51
151 250 202
151 251 101
151 252 0
151 253 151
151 254 50
151 255 201
151 256 100
152 153 72
152 154 224
152 155 124
152 156 24
152 157 176
152 158 76
152 159 228
152 160 128
152 161 28
152 162 180
152 163 80
152 164 232
152 165 132
152 166 32
152 167 184
152 168 84
152 169 236
152 170 136
152 171 36
152 172 188
152 173 88
152 174 240
152 175 140
152 176 40
152 177 192
152 178 92
152 179 244
152 180 144
152 181 44
152 182 196
152 183 96
152 184 248
152 185 148
152 186 48
152 187 200
152 188 100
152 189 0
152 190 152
152 191 52
152 192 204
152 193 104
152 194 4
152 195 156
152 196 56
152 197 208
152 198 108
152 199 8
152 200 160
152 201 60
152 202 212
152 203 112
152 204 12
152 205 164
152 206 64
152 207 216
152 208 116
152 209 16
152 210 168
152 211 68
152 212 220
152 213 120
152 214 20
152 215 172
152 216 72
152 217 224
152 218 124
152 219 24
152 220 176
152 221 76
152 222 228
152 223 128
152 224 28
152 225 180
152 226 80
152 227 232
152 228 132
152 229 32
152 230 184
152 231 84
152 232 236
152 233 136
152 234 36
152 235 188
152 236 88
152 237 240
152 238 140
152 239 40
152 240 192
152 241 92
152 242 244
152 243 144
152 244 44
152 245 196
152 246 96
152 247 248
152 248 148
152 249 48
152 250 200
152 251 100
152 252 0
152 253 152
152 254 52
152 255 204
152 256 104
153 154 126
153 155 27
153 156 180
153 157 81
153 158 234
153 159 135
153 160 36
153 161 189
153 162 90
153 163 243
153 164 144
153 165 45
153 166 198
153 167 99
153 168 0
153 169 153
153 170 54
153 171 207
153 172 108
153 173 9
153 174 162
153 175 63
153 176 216
153 177 117
153 178 18
153 179 171
153 180 72
153 181 225
153 182 126
153 183 27
153 184 180
153 185 81
153 186 234
153 187 135
153 188 36
153 189 189
153 190 90
153 191 243
153 192 144
153 193 45
153 194 198
153 195 99
153 196 0
153 197 153
153 198 54
153 199 207
153 200 108
153 201 9
153 202 162
153 203 63
153 204 216
153 205 117
153 206 18
153 207 171
153 208 72
153 209 225
153 210 126
153 211 27
153 212 180
153 213 81
153 214 234
153 215 135
153 216 36
153 217 189
153 218 90
153 219 243
153 220 144
153 221 45
153 222 198
153 223 99
153 224 0
153 225 153
153 226 54
153 227 207
153 228 108
153 229 9
153 230 162
153 231 63
153 232 216
153 233 117
153 234 18
153 235 171
153 236 72
153 237 225
153 238 126
153 239 27
153 240 180
153 241 81
153 242 234
153 243 135
153 244 36
153 245 189
153 246 90
153 247 243
153 248 144
153 249 45
153 250 198
153 251 99
153 252 0
153 253 153
153 254 54
153 255 207
153 256 108
154 155 182
154 156 84
154 157 238
154 158 140
154 159 42
154 160 196
154 161 98
154 162 0
154 163 154
154 164 56
154 165 210
154 166 112
154 167 14
154 168 168
154 169 70
154 170 224
154 171 126
154 172 28
154 173 182
154 174 84
154 175 238
154 176 140
154 177 42
154 178 196
154 179 98
154 180 0
154 181 154
154 182 56
154 183 210
154 184 112
154 185 14
154 186 168
154 187 70
154 188 224
154 189 126
154 190 28
154 191 182
154 192 84
154 193 238
154 194 140
154 195 42
154 196 196
154 197 98
154 198 0
154 199 154
154 200 56
154 201 210
154 202 112
154 203 14
154 204 168
154 205 70
154 206 224
154 207 126
154 208 28
154 209 182
154 210 84
154 211 238
154 212 140
154 213 42
154 214 196
154 215 98
154 216 0
154 217 154
154 218 56
154 219 210
154 220 112
154 221 14
154 222 168
154 223 70
154 224 224
154 225 126
154 226 28
154 227 182
154 228 84
154 229 238
154 230 140
154 231 42
154 232 196
154 233 98
154 234 0
154 235 154
154 236 56
154 237 210
154 238 112
154 239 14
154 240 168
154 241 70
154 242 224
154 243 126
154 244 28
154 245 182
154 246 84
154 247 238
154 248 140
154 249 42
154 250 196
154 251 98
154 252 0
154 253 154
154 254 56
154 255 210
154 256 112
155 156 240
155 157 143
155 158 46
155 159 201
155 160 104
155 161 7
155 162 162
155 163 65
155 164 220
155 165 123
155 166 26
155 167 181
155 168 84
155 169 239
155 170 142
155 171 45
155 172 200
155 173 103
155 174 6
155 175 161
155 176 64
155 177 219
155 178 122
155 179 25
155 180 180
155 181 83
155 182 238
155 183 141
155 184 44
155 185 199
155 186 102
155 187 5
155 188 160
155 189 63
155 190 218
155 191 121
155 192 24
155 193 179
155 194 82
155 195 237
155 196 140
155 197 43
155 198 198
155 199 101
155 200 4
155 201 159
155 202 62
155 203 217
155 204 120
155 205 23
155 206 178
155 207 81
155 208 236
155 209 139
155 210 42
155 211 197
155 212 100
155 213 3
155 214 158
155 215 61
155 216 216
155 217 119
155 218 22
155 219 177
155 220 80
155 221 235
155 222 138
155 223 41
155 224 196
155 225 99
155 226 2
155 227 157
155 228 60
155 229 215
155 230 118
155 231 21
155 232 176
155 233 79
155 234 234
155 235 137
155 236 40
155 237 195
155 238 98
155 239 1
155 240 156
155 241 59
155 242 214
155 243 117
155 244 20
155 245 175
155 246 78
155 247 233
155 248 136
155 249 39
155 250 194
155 251 97
155 252 0
155 253 155
155 254 58
155 255 213
155 256 116
156 157 48
156 158 204
156 159 108
156 160 12
156 161 168
156 162 72
156 163 228
156 164 132
156 165 36
156 166 192
156 167 96
156 168 0
156 169 156
156 170 60
156 171 216
156 172 120
156 173 24
156 174 180
156 175 84
156 176 240
156 177 144
156 178 48
156 179 204
156 180 108
156 181 12
156 182 168
156 183 72
156 184 228
156 185 132
156 186 36
156 187 192
156 188 96
156 189 0
156 190 156
156 191 60
156 192 216
156 193 120
156 194 24
156 195 180
156 196 84
156 197 240
156 198 144
156 199 48
156 200 204
156 201 108
156 202 12
156 203 168
156 204 72
156 205 228
156 206 132
156 207 36
156 208 192
156 209 96
156 210 0
156 211 156
156 212 60
156 213 216
156 214 120
156 215 24
156 216 180
156 217 84
156 218 240
156 219 144
156 220 48
156 221 204
156 222 108
156 223 12
156 224 168
156 225 72
156 226 228
156 227 132
156 228 36
156 229 192
156 230 96
156 231 0
156 232 156
156 233 60
156 234 216
156 235 120
156 236 24
156 237 180
156 238 84
156 239 240
156 240 144
156 241 48
156 242 204
156 243 108
156 244 12
156 245 168
156 246 72
156 247 228
156 248 132
156 249 36
156 250 192
156 251 96
156 252 0
156 253 156
156 254 60
156 255 216
156 256 120
157 158 110
157 159 15
157 160 172
157 161 77
157 162 234
157 163 139
157 164 44
157 165 201
157 166 106
157 167 11
157 168 168
157 169 73
157 170 230
157 171 135
157 172 40
157 173 197
157 174 102
157 175 7
157 176 164
157 177 69
157 178 226
157 179 131
157 180 36
157 181 193
157 182 98
157 183 3
157 184 160
157 185 65
157 186 222
157 187 127
157 188 32
157 189 189
157 190 94
157 191 251
157 192 156
157 193 61
157 194 218
157 195 123
157 196 28
157 197 185
157 198 90
157 199 247
157 200 152
157 201 57
157 202 214
157 203 119
157 204 24
157 205 181
157 206 86
157 207 243
157 208 148
157 209 53
157 210 210
157 211 115
157 212 20
157 213 177
157 214 82
157 215 239
157 216 144
157 217 49
157 218 206
157 219 111
157 220 16
157 221 173
157 222 78
157 223 235
157 224 140
157 225 45
157 226 202
157 227 107
157 228 12
157 229 169
157 230 74
157 231 231
157 232 136
157 233 41
157 234 198
157 235 103
157 236 8
157 237 165
157 238 70
157 239 227
157 240 132
157 241 37
157 242 194
157 243 99
157 244 4
157 245 161
157 246 66
157 247 223
157 248 128
157 249 33
157 250 190
157 251 95
157 252 0
157 253 157
157 254 62
157 255 219
157 256 124
158 159 174
158 160 80
158 161 238
158 162 144
158 163 50
158 164 208
158 165 114
158 166 20
158 167 178
158 168 84
158 169 242
158 170 148
158 171 54
158 172 212
158 173 118
158 174 24
158 175 182
158 176 88
158 177 246
158 178 152
158 179 58
158 180 216
158 181 122
158 182 28
158 183 186
158 184 92
158 185 250
158 186 156
158 187 62
158 188 220
158 189 126
158 190 32
158 191 190
158 192 96
158 193 2
158 194 160
158 195 66
158 196 224
158 197 130
158 198 36
158 199 194
158 200 100
158 201 6
158 202 164
158 203 70
158 204 228
158 205 134
158 206 40
158 207 198
158 208 104
158 209 10
158 210 168
158 211 74
158 212 232
158 213 138
158 214 44
158 215 202
158 216 108
158 217 14
158 218 172
158 219 78
158 220 236
158 221 142
158 222 48
158 223 206
158 224 112
158 225 18
158 226 176
158 227 82
158 228 240
158 229 146
158 230 52
158 231 210
158 232 116
158 233 22
158 234 180
158 235 86
158 236 244
158 237 150
158 238 56
158 239 214
158 240 120
158 241 26
158 242 184
158 243 90
158 244 248
158 245 154
158 246 60
158 247 218
158 248 124
158 249 30
158 250 188
158 251 94
158 252 0
158 253 158
158 254 64
158 255 222
158 256 128
159 160 240
159 161 147
159 162 54
159 163 213
159 164 120
159 165 27
159 166 186
159 167 93
159 168 0
159 169 159
159 170 66
159 171 225
159 172 132
159 173 39
159 174 198
159 175 105
159 176 12
159 177 171
159 178 78
159 179 237
159 180 144
159 181 51
159 182 210
159 183 117
159 184 24
159 185 183
159 186 90
159 187 249
159 188 156
159 189 63
159 190 222
159 191 129
159 192 36
159 193 195
159 194 102
159 195 9
159 196 168
159 197 75
159 198 234
159 199 141
159 200 48
159 201 207
159 202 114
159 203 21
159 204 180
159 205 87
159 206 246
159 207 153
159 208 60
159 209 219
159 210 126
159 211 33
159 212 192
159 213 99
159 214 6
159 215 165
159 216 72
159 217 231
159 218 138
159 219 45
159 220 204
159 221 111
159 222 18
159 223 177
159 224 84
159 225 243
159 226 150
159 227 57
159 228 216
159 229 123
159 230 30
159 231 189
159 232 96
159 233 3
159 234 162
159 235 69
159 236 228
159 237 135
159 238 42
159 239 201
159 240 108
159 241 15
159 242 174
159 243 81
159 244 240
159 245 147
159 246 54
159 247 213
159 248 120
159 249 27
159 250 186
159 251 93
159 252 0
159 253 159
159 254 66
159 255 225
159 256 132
160 161 56
160 162 216
160 163 124
160 164 32
160 165 192
160 166 100
160 167 8
160 168 168
160 169 76
160 170 236
160 171 144
160 172 52
160 173 212
160 174 120
160 175 28
160 176 188
160 177 96
160 178 4
160 179 164
160 180 72
160 181 232
160 182 140
160 183 48
160 184 208
160 185 116
160 186 24
160 187 184
160 188 92
160 189 0
160 190 160
160 191 68
160 192 228
160 193 136
160 194 44
160 195 204
160 196 112
160 197 20
160 198 180
160 199 88
160 200 248
160 201 156
160 202 64
160 203 224
160 204 132
160 205 40
160 206 200
160 207 108
160 208 16
160 209 176
160 210 84
160 211 244
160 212 152
160 213 60
160 214 220
160 215 128
160 216 36
160 217 196
160 218 104
160 219 12
160 220 172
160 221 80
160 222 240
160 223 148
160 224 56
160 225 216
160 226 124
160 227 32
160 228 192
160 229 100
160 230 8
160 231 168
160 232 76
160 233 236
160 234 144
160 235 52
160 236 212
160 237 120
160 238 28
160 239 188
160 240 96
160 241 4
160 242 164
160 243 72
160 244 232
160 245 140
160 246 48
160 247 208
160 248 116
160 249 24
160 250 184
160 251 92
160 252 0
160 253 160
160 254 68
160 255 228
160 256 136
161 162 126
161 163 35
161 164 196
161 165 105
161 166 14
161 167 175
161 168 84
161 169 245
161 170 154
161 171 63
161 172 224
161 173 133
161 174 42
161 175 203
161 176 112
161 177 21
161 178 182
161 179 91
161 180 0
161 181 161
161 182 70
161 183 231
161 184 140
161 185 49
161 186 210
161 187 119
161 188 28
161 189 189
161 190 98
161 191 7
161 192 168
161 193 77
161 194 238
161 195 147
161 196 56
161 197 217
161 198 126
161 199 35
161 200 196
161 201 105
161 202 14
161 203 175
161 204 84
161 205 245
161 206 154
161 207 63
161 208 224
161 209 133
161 210 42
161 211 203
161 212 112
161 213 21
161 214 182
161 215 91
161 216 0
161 217 161
161 218 70
161 219 231
161 220 140
161 221 49
161 222 210
161 223 119
161 224 28
161 225 189
161 226 98
161 227 7
161 228 168
161 229 77
161 230 238
161 231 147
161 232 56
161 233 217
161 234 126
161 235 35
161 236 196
161 237 105
161 238 14
161 239 175
161 240 84
161 241 245
161 242 154
161 243 63
161 244 224
161 245 133
161 246 42
161 247 203
161 248 112
161 249 21
161 250 182
161 251 91
161 252 0
161 253 161
161 254 70
161 255 231
161 256 140
162 163 198
162 164 108
162 165 18
162 166 180
162 167 90
162 168 0
162 169 162
162 170 72
162 171 234
162 172 144
162 173 54
162 174 216
162 175 126
162 176 36
162 177 198
162 178 108
162 179 18
162 180 180
162 181 90
162 182 0
162 183 162
162 184 72
162 185 234
162 186 144
162 187 54
162 188 216
162 189 126
162 190 36
162 191 198
162 192 108
162 193 18
162 194 180
162 195 90
162 196 0
162 197 162
162 198 72
162 199 234
162 200 144
162 201 54
162 202 216
162 203 126
162 204 36
162 205 198
162 206 108
162 207 18
162 208 180
162 209 90
162 210 0
162 211 162
162 212 72
162 213 234
162 214 144
162 215 54
162 216 216
162 217 126
162 218 36
162 219 198
162 220 108
162 221 18
162 222 180
162 223 90
162 224 0
162 225 162
162 226 72
162 227 234
162 228 144
162 229 54
162 230 216
162 231 126
162 232 36
162 233 198
162 234 108
162 235 18
162 236 180
162 237 90
162 238 0
162 239 162
162 240 72
162 241 234
162 242 144
162 243 54
162 244 216
162 245 126
162 246 36
162 247 198
162 248 108
162 249 18
162 250 180
162 251 90
162 252 0
162 253 162
162 254 72
162 255 234
162 256 144
163 164 20
163 165 183
163 166 94
163 167 5
163 168 168
163 169 79
163 170 242
163 171 153
163 172 64
163 173 227
163 174 138
163 175 49
163 176 212
163 177 123
163 178 34
163 179 197
163 180 108
163 181 19
163 182 182
163 183 93
163 184 4
163 185 167
163 186 78
163 187 241
163 188 152
163 189 63
163 190 226
163 191 137
163 192 48
163 193 211
163 194 122
163 195 33
163 196 196
163 197 107
163 198 18
163 199 181
163 200 92
163 201 3
163 202 166
163 203 77
163 204 240
163 205 151
163 206 62
163 207 225
163 208 136
163 209 47
163 210 210
163 211 121
163 212 32
163 213 195
163 214 106
163 215 17
163 216 180
163 217 91
163 218 2
163 219 165
163 220 76
163 221 239
163 222 150
163 223 61
163 224 224
163 225 135
163 226 46
163 227 209
163 228 120
163 229 31
163 230 194
163 231 105
163 232 16
163 233 179
163 234 90
163 235 1
163 236 164
163 237 75
163 238 238
163 239 149
163 240 60
163 241 223
163 242 134
163 243 45
163 244 208
163 245 119
163 246 30
163 247 193
163 248 104
163 249 15
163 250 178
163 251 89
163 252 0
163 253 163
163 254 74
163 255 237
163 256 148
164 165 96
164 166 8
164 167 172
164 168 84
164 169 248
164 170 160
164 171 72
164 172 236
164 173 148
164 174 60
164 175 224
164 176 136
164 177 48
164 178 212
164 179 124
164 180 36
164 181 200
164 182 112
164 183 24
164 184 188
164 185 100
164 186 12
164 187 176
164 188 88
164 189 0
164 190 164
164 191 76
164 192 240
164 193 152
164 194 64
164 195 228
164 196 140
164 197 52
164 198 216
164 199 128
164 200 40
164 201 204
164 202 116
164 203 28
164 204 192
164 205 104
164 206 16
164 207 180
164 208 92
164 209 4
164 210 168
164 211 80
164 212 244
164 213 156
164 214 68
164 215 232
164 216 144
164 217 56
164 218 220
164 219 132
164 220 44
164 221 208
164 222 120
164 223 32
164 224 196
164 225 108
164 226 20
164 227 184
164 228 96
164 229 8
164 230 172
164 231 84
164 232 248
164 233 160
164 234 72
164 235 236
164 236 148
164 237 60
164 238 224
164 239 136
164 240 48
164 241 212
164 242 124
164 243 36
164 244 200
164 245 112
164 246 24
164 247 188
164 248 100
164 249 12
164 250 176
164 251 88
164 252 0
164 253 164
164 254 76
164 255 240
164 256 152
165 166 174
165 167 87
165 168 0
165 169 165
165 170 78
165 171 243
165 172 156
165 173 69
165 174 234
165 175 147
165 176 60
165 177 225
165 178 138
165 179 51
165 180 216
165 181 129
165 182 42
165 183 207
165 184 120
165 185 33
165 186 198
165 187 111
165 188 24
165 189 189
165 190 102
165 191 15
165 192 180
165 193 93
165 194 6
165 195 171
165 196 84
165 197 249
165 198 162
165 199 75
165 200 240
165 201 153
165 202 66
165 203 231
165 204 144
165 205 57
165 206 222
165 207 135
165 208 48
165 209 213
165 210 126
165 211 39
165 212 204
165 213 117
165 214 30
165 215 195
165 216 108
165 217 21
165 218 186
165 219 99
165 220 12
165 221 177
165 222 90
165 223 3
165 224 168
165 225 81
165 226 246
165 227 159
165 228 72
165 229 237
165 230 150
165 231 63
165 232 228
165 233 141
165 234 54
165 235 219
165 236 132
165 237 45
165 238 210
165 239 123
165 240 36
165 241 201
165 242 114
165 243 27
165 244 192
165 245 105
165 246 18
165 247 183
165 248 96
165 249 9
165 250 174
165 251 87
165 252 0
165 253 165
165 254 78
165 255 243
165 256 156
166 167 2
166 168 168
166 169 82
166 170 248
166 171 162
166 172 76
166 173 242
166 174 156
166 175 70
166 176 236
166 177 150
166 178 64
166 179 230
166 180 144
166 181 58
166 182 224
166 183 138
166 184 52
166 185 218
166 186 132
166 187 46
166 188 212
166 189 126
166 190 40
166 191 206
166 192 120
166 193 34
166 194 200
166 195 114
166 196 28
166 197 194
166 198 108
166 199 22
166 200 188
166 201 102
166 202 16
166 203 182
166 204 96
166 205 10
166 206 176
166 207 90
166 208 4
166 209 170
166 210 84
166 211 250
166 212 164
166 213 78
166 214 244
166 215 158
166 216 72
166 217 238
166 218 152
166 219 66
166 220 232
166 221 146
166 222 60
166 223 226
166 224 140
166 225 54
166 226 220
166 227 134
166 228 48
166 229 214
166 230 128
166 231 42
166 232 208
166 233 122
166 234 36
166 235 202
166 236 116
166 237 30
166 238 196
166 239 110
166 240 24
166 241 190
166 242 104
166 243 18
166 244 184
166 245 98
166 246 12
166 247 178
166 248 92
166 249 6
166 250 172
166 251 86
166 252 0
166 253 166
166 254 80
166 255 246
166 256 160
167 168 84
167 169 251
167 170 166
167 171 81
167 172 248
167 173 163
167 174 78
167 175 245
167 176 160
167 177 75
167 178 242
167 179 157
167 180 72
167 181 239
167 182 154
167 183 69
167 184 236
167 185 151
167 186 66
167 187 233
167 188 148
167 189 63
167 190 230
167 191 145
167 192 60
167 193 227
167 194 142
167 195 57
167 196 224
167 197 139
167 198 54
167 199 221
167 200 136
167 201 51
167 202 218
167 203 133
167 204 48
167 205 215
167 206 130
167 207 45
167 208 212
167 209 127
167 210 42
167 211 209
167 212 124
167 213 39
167 214 206
167 215 121
167 216 36
167 217 203
167 218 118
167 219 33
167 220 200
167 221 115
167 222 30
167 223 197
167 224 112
167 225 27
167 226 194
167 227 109
167 228 24
167 229 191
167 230 106
167 231 21
167 232 188
167 233 103
167 234 18
167 235 185
167 236 100
167 237 15
167 238 182
167 239 97
167 240 12
167 241 179
167 242 94
167 243 9
167 244 176
167 245 91
167 246 6
167 247 173
167 248 88
167 249 3
167 250 170
167 251 85
167 252 0
167 253 167
167 254 82
167 255 249
167 256 164
168 169 168
168 170 84
168 171 0
168 172 168
168 173 84
168 174 0
168 175 168
168 176 84
168 177 0
168 178 168
168 179 84
168 180 0
168 181 168
168 182 84
168 183 0
168 184 168
168 185 84
168 186 0
168 187 168
168 188 84
168 189 0
168 190 168
168 191 84
168 192 0
168 193 168
168 194 84
168 195 0
168 196 168
168 197 84
168 198 0
168 199 168
168 200 84
168 201 0
168 202 168
168 203 84
168 204 0
168 205 168
168 206 84
168 207 0
168 208 168
168 209 84
168 210 0
168 211 168
168 212 84
168 213 0
168 214 168
168 215 84
168 216 0
168 217 168
168 218 84
168 219 0
168 220 168
168 221 84
168 222 0
168 223 168
168 224 84
168 225 0
168 226 168
168 227 84
168 228 0
168 229 168
168 230 84
168 231 0
168 232 168
168 233 84
168 234 0
168 235 168
168 236 84
168 237 0
168 238 168
168 239 84
168 240 0
168 241 168
168 242 84
168 243 0
168 244 168
168 245 84
168 246 0
168 247 168
168 248 84
168 249 0
168 250 168
168 251 84
168 252 0
168 253 168
168 254 84
168 255 0
168 256 168
169 170 2
169 171 171
169 172 88
169 173 5
169 174 174
169 175 91
169 176 8
169 177 177
169 178 94
169 179 11
169 180 180
169 181 97
169 182 14
169 183 183
169 184 100
169 185 17
169 186 186
169 187 103
169 188 20
169 189 189
169 190 106
169 191 23
169 192 192
169 193 109
169 194 26
169 195 195
169 196 112
169 197 29
169 198 198
169 199 115
169 200 32
169 201 201
169 202 118
169 203 35
169 204 204
169 205 121
169 206 38
169 207 207
169 208 124
169 209 41
169 210 210
169 211 127
169 212 44
169 213 213
169 214 130
169 215 47
169 216 216
169 217 133
169 218 50
169 219 219
169 220 136
169 221 53
169 222 222
169 223 139
169 224 56
169 225 225
169 226 142
169 227 59
169 228 228
169 229 145
169 230 62
169 231 231
169 232 148
169 233 65
169 234 234
169 235 151
169 236 68
169 237 237
169 238 154
169 239 71
169 240 240
169 241 157
169 242 74
169 243 243
169 244 160
169 245 77
169 246 246
169 247 163
169 248 80
169 249 249
169 250 166
169 251 83
169 252 0
169 253 169
169 254 86
169 255 3
169 256 172
170 171 90
170 172 8
170 173 178
170 174 96
170 175 14
170 176 184
170 177 102
170 178 20
170 179 190
170 180 108
170 181 26
170 182 196
170 183 114
170 184 32
170 185 202
170 186 120
170 187 38
170 188 208
170 189 126
170 190 44
170 191 214
170 192 132
170 193 50
170 194 220
170 195 138
170 196 56
170 197 226
170 198 144
170 199 62
170 200 232
170 201 150
170 202 68
170 203 238
170 204 156
170 205 74
170 206 244
170 207 162
170 208 80
170 209 250
170 210 168
170 211 86
170 212 4
170 213 174
170 214 92
170 215 10
170 216 180
170 217 98
170 218 16
170 219 186
170 220 104
170 221 22
170 222 192
170 223 110
170 224 28
170 225 198
170 226 116
170 227 34
170 228 204
170 229 122
170 230 40
170 231 210
170 232 128
170 233 46
170 234 216
170 235 134
170 236 52
170 237 222
170 238 140
170 239 58
170 240 228
170 241 146
170 242 64
170 243 234
170 244 152
170 245 70
170 246 240
170 247 158
170 248 76
170 249 246
170 250 164
170 251 82
170 252 0
170 253 170
170 254 88
170 255 6
170 256 176
171 172 180
171 173 99
171 174 18
171 175 189
171 176 108
171 177 27
171 178 198
171 179 117
171 180 36
171 181 207
171 182 126
171 183 45
171 184 216
171 185 135
171 186 54
171 187 225
171 188 144
171 189 63
171 190 234
171 191 153
171 192 72
171 193 243
171 194 162
171 195 81
171 196 0
171 197 171
171 198 90
171 199 9
171 200 180
171 201 99
171 202 18
171 203 189
171 204 108
171 205 27
171 206 198
171 207 117
171 208 36
171 209 207
171 210 126
171 211 45
171 212 216
171 213 135
171 214 54
171 215 225
171 216 144
171 217 63
171 218 234
171 219 153
171 220 72
171 221 243
171 222 162
171 223 81
171 224 0
171 225 171
171 226 90
171 227 9
171 228 180
171 229 99
171 230 18
171 231 189
171 232 108
171 233 27
171 234 198
171 235 117
171 236 36
171 237 207
171 238 126
171 239 45
171 240 216
171 241 135
171 242 54
171 243 225
171 244 144
171 245 63
171 246 234
171 247 153
171 248 72
171 249 243
171 250 162
171 251 81
171 252 0
171 253 171
171 254 90
171 255 9
171 256 180
172 173 20
172 174 192
172 175 112
172 176 32
172 177 204
172 178 124
172 179 44
172 180 216
172 181 136
172 182 56
172 183 228
172 184 148
172 185 68
172 186 240
172 187 160
172 188 80
172 189 0
172 190 172
172 191 92
172 192 12
172 193 184
172 194 104
172 195 24
172 196 196
172 197 116
172 198 36
172 199 208
172 200 128
172 201 48
172 202 220
172 203 140
172 204 60
172 205 232
172 206 152
172 207 72
172 208 244
172 209 164
172 210 84
172 211 4
172 212 176
172 213 96
172 214 16
172 215 188
172 216 108
172 217 28
172 218 200
172 219 120
172 220 40
172 221 212
172 222 132
172 223 52
172 224 224
172 225 144
172 226 64
172 227 236
172 228 156
172 229 76
172 230 248
172 231 168
172 232 88
172 233 8
172 234 180
172 235 100
172 236 20
172 237 192
172 238 112
172 239 32
172 240 204
172 241 124
172 242 44
172 243 216
172 244 136
172 245 56
172 246 228
172 247 148
172 248 68
172 249 240
172 250 160
172 251 80
172 252 0
172 253 172
172 254 92
172 255 12
172 256 184
173 174 114
173 175 35
173 176 208
173 177 129
173 178 50
173 179 223
173 180 144
173 181 65
173 182 238
173 183 159
173 184 80
173 185 1
173 186 174
173 187 95
173 188 16
173 189 189
173 190 110
173 191 31
173 192 204
173 193 125
173 194 46
173 195 219
173 196 140
173 197 61
173 198 234
173 199 155
173 200 76
173 201 249
173 202 170
173 203 91
173 204 12
173 205 185
173 206 106
173 207 27
173 208 200
173 209 121
173 210 42
173 211 215
173 212 136
173 213 57
173 214 230
173 215 151
173 216 72
173 217 245
173 218 166
173 219 87
173 220 8
173 221 181
173 222 102
173 223 23
173 224 196
173 225 117
173 226 38
173 227 211
173 228 132
173 229 53
173 230 226
173 231 147
173 232 68
173 233 241
173 234 162
173 235 83
173 236 4
173 237 177
173 238 98
173 239 19
173 240 192
173 241 113
173 242 34
173 243 207
173 244 128
173 245 49
173 246 222
173 247 143
173 248 64
173 249 237
173 250 158
173 251 79
173 252 0
173 253 173
173 254 94
173 255 15
173 256 188
174 175 210
174 176 132
174 177 54
174 178 228
174 179 150
174 180 72
174 181 246
174 182 168
174 183 90
174 184 12
174 185 186
174 186 108
174 187 30
174 188 204
174 189 126
174 190 48
174 191 222
174 192 144
174 193 66
174 194 240
174 195 162
174 196 84
174 197 6
174 198 180
174 199 102
174 200 24
174 201 198
174 202 120
174 203 42
174 204 216
174 205 138
174 206 60
174 207 234
174 208 156
174 209 78
174 210 0
174 211 174
174 212 96
174 213 18
174 214 192
174 215 114
174 216 36
174 217 210
174 218 132
174 219 54
174 220 228
174 221 150
174 222 72
174 223 246
174 224 168
174 225 90
174 226 12
174 227 186
174 228 108
174 229 30
174 230 204
174 231 126
174 232 48
174 233 222
174 234 144
174 235 66
174 236 240
174 237 162
174 238 84
174 239 6
174 240 180
174 241 102
174 242 24
174 243 198
174 244 120
174 245 42
174 246 216
174 247 138
174 248 60
174 249 234
174 250 156
174 251 78
174 252 0
174 253 174
174 254 96
174 255 18
174 256 192
175 176 56
175 177 231
175 178 154
175 179 77
175 180 0
175 181 175
175 182 98
175 183 21
175 184 196
175 185 119
175 186 42
175 187 217
175 188 140
175 189 63
175 190 238
175 191 161
175 192 84
175 193 7
175 194 182
175 195 105
175 196 28
175 197 203
175 198 126
175 199 49
175 200 224
175 201 147
175 202 70
175 203 245
175 204 168
175 205 91
175 206 14
175 207 189
175 208 112
175 209 35
175 210 210
175 211 133
175 212 56
175 213 231
175 214 154
175 215 77
175 216 0
175 217 175
175 218 98
175 219 21
175 220 196
175 221 119
175 222 42
175 223 217
175 224 140
175 225 63
175 226 238
175 227 161
175 228 84
175 229 7
175 230 182
175 231 105
175 232 28
175 233 203
175 234 126
175 235 49
175 236 224
175 237 147
175 238 70
175 239 245
175 240 168
175 241 91
175 242 14
175 243 189
175 244 112
175 245 35
175 246 210
175 247 133
175 248 56
175 249 231
175 250 154
175 251 77
175 252 0
175 253 175
175 254 98
175 255 21
175 256 196
176 177 156
176 178 80
176 179 4
176 180 180
176 181 104
176 182 28
176 183 204
176 184 128
176 185 52
176 186 228
176 187 152
176 188 76
176 189 0
176 190 176
176 191 100
176 192 24
176 193 200
176 194 124
176 195 48
176 196 224
176 197 148
176 198 72
176 199 248
176 200 172
176 201 96
176 202 20
176 203 196
176 204 120
176 205 44
176 206 220
176 207 144
176 208 68
176 209 244
176 210 168
176 211 92
176 212 16
176 213 192
176 214 116
176 215 40
176 216 216
176 217 140
176 218 64
176 219 240
176 220 164
176 221 88
176 222 12
176 223 188
176 224 112
176 225 36
176 226 212
176 227 136
176 228 60
176 229 236
176 230 160
176 231 84
176 232 8
176 233 184
176 234 108
176 235 32
176 236 208
176 237 132
176 238 56
176 239 232
176 240 156
176 241 80
176 242 4
176 243 180
176 244 104
176 245 28
176 246 204
176 247 128
176 248 52
176 249 228
176 250 152
176 251 76
176 252 0
176 253 176
176 254 100
176 255 24
176 256 200
177 178 6
177 179 183
177 180 108
177 181 33
177 182 210
177 183 135
177 184 60
177 185 237
177 186 162
177 187 87
177 188 12
177 189 189
177 190 114
177 191 39
177 192 216
177 193 141
177 194 66
177 195 243
177 196 168
177 197 93
177 198 18
177 199 195
177 200 120
177 201 45
177 202 222
177 203 147
177 204 72
177 205 249
177 206 174
177 207 99
177 208 24
177 209 201
177 210 126
177 211 51
177 212 228
177 213 153
177 214 78
177 215 3
177 216 180
177 217 105
177 218 30
177 219 207
177 220 132
177 221 57
177 222 234
177 223 159
177 224 84
177 225 9
177 226 186
177 227 111
177 228 36
177 229 213
177 230 138
177 231 63
177 232 240
177 233 165
177 234 90
177 235 15
177 236 192
177 237 117
177 238 42
177 239 219
177 240 144
177 241 69
177 242 246
177 243 171
177 244 96
177 245 21
177 246 198
177 247 123
177 248 48
177 249 225
177 250 150
177 251 75
177 252 0
177 253 177
177 254 102
177 255 27
177 256 204
178 179 110
178 180 36
178 181 214
178 182 140
178 183 66
178 184 244
178 185 170
178 186 96
178 187 22
178 188 200
178 189 126
178 190 52
178 191 230
178 192 156
178 193 82
178 194 8
178 195 186
178 196 112
178 197 38
178 198 216
178 199 142
178 200 68
178 201 246
178 202 172
178 203 98
178 204 24
178 205 202
178 206 128
178 207 54
178 208 232
178 209 158
178 210 84
178 211 10
178 212 188
178 213 114
178 214 40
178 215 218
178 216 144
178 217 70
178 218 248
178 219 174
178 220 100
178 221 26
178 222 204
178 223 130
178 224 56
178 225 234
178 226 160
178 227 86
178 228 12
178 229 190
178 230 116
178 231 42
178 232 220
178 233 146
178 234 72
178 235 250
178 236 176
178 237 102
178 238 28
178 239 206
178 240 132
178 241 58
178 242 236
178 243 162
178 244 88
178 245 14
178 246 192
178 247 118
178 248 44
178 249 222
178 250 148
178 251 74
178 252 0
178 253 178
178 254 104
178 255 30
178 256 208
179 180 216
179 181 143
179 182 70
179 183 249
179 184 176
179 185 103
179 186 30
179 187 209
179 188 136
179 189 63
179 190 242
179 191 169
179 192 96
179 193 23
179 194 202
179 195 129
179 196 56
179 197 235
179 198 162
179 199 89
179 200 16
179 201 195
179 202 122
179 203 49
179 204 228
179 205 155
179 206 82
179 207 9
179 208 188
179 209 115
179 210 42
179 211 221
179 212 148
179 213 75
179 214 2
179 215 181
179 216 108
179 217 35
179 218 214
179 219 141
179 220 68
179 221 247
179 222 174
179 223 101
179 224 28
179 225 207
179 226 134
179 227 61
179 228 240
179 229 167
179 230 94
179 231 21
179 232 200
179 233 127
179 234 54
179 235 233
179 236 160
179 237 87
179 238 14
179 239 193
179 240 120
179 241 47
179 242 226
179 243 153
179 244 80
179 245 7
179 246 186
179 247 113
179 248 40
179 249 219
179 250 146
179 251 73
179 252 0
179 253 179
179 254 106
179 255 33
179 256 212
180 181 72
180 182 0
180 183 180
180 184 108
180 185 36
180 186 216
180 187 144
180 188 72
180 189 0
180 190 180
180 191 108
180 192 36
180 193 216
180 194 144
180 195 72
180 196 0
180 197 180
180 198 108
180 199 36
180 200 216
180 201 144
180 202 72
180 203 0
180 204 180
180 205 108
180 206 36
180 207 216
180 208 144
180 209 72
180 210 0
180 211 180
180 212 108
180 213 36
180 214 216
180 215 144
180 216 72
180 217 0
180 218 180
180 219 108
180 220 36
180 221 216
180 222 144
180 223 72
180 224 0
180 225 180
180 226 108
180 227 36
180 228 216
180 229 144
180 230 72
180 231 0
180 232 180
180 233 108
180 234 36
180 235 216
180 236 144
180 237 72
180 238 0
180 239 180
180 240 108
180 241 36
180 242 216
180 243 144
180 244 72
180 245 0
180 246 180
180 247 108
180 248 36
180 249 216
180 250 144
180 251 72
180 252 0
180 253 180
180 254 108
180 255 36
180 256 216
181 182 182
181 183 111
181 184 40
181 185 221
181 186 150
181 187 79
181 188 8
181 189 189
181 190 118
181 191 47
181 192 228
181 193 157
181 194 86
181 195 15
181 196 196
181 197 125
181 198 54
181 199 235
181 200 164
181 201 93
181 202 22
181 203 203
181 204 132
181 205 61
181 206 242
181 207 171
181 208 100
181 209 29
181 210 210
181 211 139
181 212 68
181 213 249
181 214 178
181 215 107
181 216 36
181 217 217
181 218 146
181 219 75
181 220 4
181 221 185
181 222 114
181 223 43
181 224 224
181 225 153
181 226 82
181 227 11
181 228 192
181 229 121
181 230 50
181 231 231
181 232 160
181 233 89
181 234 18
181 235 199
181 236 128
181 237 57
181 238 238
181 239 167
181 240 96
181 241 25
181 242 206
181 243 135
181 244 64
181 245 245
181 246 174
181 247 103
181 248 32
181 249 213
181 250 142
181 251 71
181 252 0
181 253 181
181 254 110
181 255 39
181 256 220
182 183 42
182 184 224
182 185 154
182 186 84
182 187 14
182 188 196
182 189 126
182 190 56
182 191 238
182 192 168
182 193 98
182 194 28
182 195 210
182 196 140
182 197 70
182 198 0
182 199 182
182 200 112
182 201 42
182 202 224
182 203 154
182 204 84
182 205 14
182 206 196
182 207 126
182 208 56
182 209 238
182 210 168
182 211 98
182 212 28
182 213 210
182 214 140
182 215 70
182 216 0
182 217 182
182 218 112
182 219 42
182 220 224
182 221 154
182 222 84
182 223 14
182 224 196
182 225 126
182 226 56
182 227 238
182 228 168
182 229 98
182 230 28
182 231 210
182 232 140
182 233 70
182 234 0
182 235 182
182 236 112
182 237 42
182 238 224
182 239 154
182 240 84
182 241 14
182 242 196
182 243 126
182 244 56
182 245 238
182 246 168
182 247 98
182 248 28
182 249 210
182 250 140
182 251 70
182 252 0
182 253 182
182 254 112
182 255 42
182 256 224
183 184 156
183 185 87
183 186 18
183 187 201
183 188 132
183 189 63
183 190 246
183 191 177
183 192 108
183 193 39
183 194 222
183 195 153
183 196 84
183 197 15
183 198 198
183 199 129
183 200 60
183 201 243
183 202 174
183 203 105
183 204 36
183 205 219
183 206 150
183 207 81
183 208 12
183 209 195
183 210 126
183 211 57
183 212 240
183 213 171
183 214 102
183 215 33
183 216 216
183 217 147
183 218 78
183 219 9
183 220 192
183 221 123
183 222 54
183 223 237
183 224 168
183 225 99
183 226 30
183 227 213
183 228 144
183 229 75
183 230 6
183 231 189
183 232 120
183 233 51
183 234 234
183 235 165
183 236 96
183 237 27
183 238 210
183 239 141
183 240 72
183 241 3
183 242 186
183 243 117
183 244 48
183 245 231
183 246 162
183 247 93
183 248 24
183 249 207
183 250 138
183 251 69
183 252 0
183 253 183
183 254 114
183 255 45
183 256 228
184 185 20
184 186 204
184 187 136
184 188 68
184 189 0
184 190 184
184 191 116
184 192 48
184 193 232
184 194 164
184 195 96
184 196 28
184 197 212
184 198 144
184 199 76
184 200 8
184 201 192
184 202 124
184 203 56
184 204 240
184 205 172
184 206 104
184 207 36
184 208 220
184 209 152
184 210 84
184 211 16
184 212 200
184 213 132
184 214 64
184 215 248
184 216 180
184 217 112
184 218 44
184 219 228
184 220 160
184 221 92
184 222 24
184 223 208
184 224 140
184 225 72
184 226 4
184 227 188
184 228 120
184 229 52
184 230 236
184 231 168
184 232 100
184 233 32
184 234 216
184 235 148
184 236 80
184 237 12
184 238 196
184 239 128
184 240 60
184 241 244
184 242 176
184 243 108
184 244 40
184 245 224
184 246 156
184 247 88
184 248 20
184 249 204
184 250 136
184 251 68
184 252 0
184 253 184
184 254 116
184 255 48
184 256 232
185 186 138
185 187 71
185 188 4
185 189 189
185 190 122
185 191 55
185 192 240
185 193 173
185 194 106
185 195 39
185 196 224
185 197 157
185 198 90
185 199 23
185 200 208
185 201 141
185 202 74
185 203 7
185 204 192
185 205 125
185 206 58
185 207 243
185 208 176
185 209 109
185 210 42
185 211 227
185 212 160
185 213 93
185 214 26
185 215 211
185 216 144
185 217 77
185 218 10
185 219 195
185 220 128
185 221 61
185 222 246
185 223 179
185 224 112
185 225 45
185 226 230
185 227 163
185 228 96
185 229 29
185 230 214
185 231 147
185 232 80
185 233 13
185 234 198
185 235 131
185 236 64
185 237 249
185 238 182
185 239 115
185 240 48
185 241 233
185 242 166
185 243 99
185 244 32
185 245 217
185 246 150
185 247 83
185 248 16
185 249 201
185 250 134
185 251 67
185 252 0
185 253 185
185 254 118
185 255 51
185 256 236
186 187 6
186 188 192
186 189 126
186 190 60
186 191 246
186 192 180
186 193 114
186 194 48
186 195 234
186 196 168
186 197 102
186 198 36
186 199 222
186 200 156
186 201 90
186 202 24
186 203 210
186 204 144
186 205 78
186 206 12
186 207 198
186 208 132
186 209 66
186 210 0
186 211 186
186 212 120
186 213 54
186 214 240
186 215 174
186 216 108
186 217 42
186 218 228
186 219 162
186 220 96
186 221 30
186 222 216
186 223 150
186 224 84
186 225 18
186 226 204
186 227 138
186 228 72
186 229 6
186 230 192
186 231 126
186 232 60
186 233 246
186 234 180
186 235 114
186 236 48
186 237 234
186 238 168
186 239 102
186 240 36
186 241 222
186 242 156
186 243 90
186 244 24
186 245 210
186 246 144
186 247 78
186 248 12
186 249 198
186 250 132
186 251 66
186 252 0
186 253 186
186 254 120
186 255 54
186 256 240
187 188 128
187 189 63
187 190 250
187 191 185
187 192 120
187 193 55
187 194 242
187 195 177
187 196 112
187 197 47
187 198 234
187 199 169
187 200 104
187 201 39
187 202 226
187 203 161
187 204 96
187 205 31
187 206 218
187 207 153
187 208 88
187 209 23
187 210 210
187 211 145
187 212 80
187 213 15
187 214 202
187 215 137
187 216 72
187 217 7
187 218 194
187 219 129
187 220 64
187 221 251
187 222 186
187 223 121
187 224 56
187 225 243
187 226 178
187 227 113
187 228 48
187 229 235
187 230 170
187 231 105
187 232 40
187 233 227
187 234 162
187 235 97
187 236 32
187 237 219
187 238 154
187 239 89
187 240 24
187 241 211
187 242 146
187 243 81
187 244 16
187 245 203
187 246 138
187 247 73
187 248 8
187 249 195
187 250 130
187 251 65
187 252 0
187 253 187
187 254 122
187 255 57
187 256 244
188 189 0
188 190 188
188 191 124
188 192 60
188 193 248
188 194 184
188 195 120
188 196 56
188 197 244
188 198 180
188 199 116
188 200 52
188 201 240
188 202 176
188 203 112
188 204 48
188 205 236
188 206 172
188 207 108
188 208 44
188 209 232
188 210 168
188 211 104
188 212 40
188 213 228
188 214 164
188 215 100
188 216 36
188 217 224
188 218 160
188 219 96
188 220 32
188 221 220
188 222 156
188 223 92
188 224 28
188 225 216
188 226 152
188 227 88
188 228 24
188 229 212
188 230 148
188 231 84
188 232 20
188 233 208
188 234 144
188 235 80
188 236 16
188 237 204
188 238 140
188 239 76
188 240 12
188 241 200
188 242 136
188 243 72
188 244 8
188 245 196
188 246 132
188 247 68
188 248 4
188 249 192
188 250 128
188 251 64
188 252 0
188 253 188
188 254 124
188 255 60
188 256 248
189 190 126
189 191 63
189 192 0
189 193 189
189 194 126
189 195 63
189 196 0
189 197 189
189 198 126
189 199 63
189 200 0
189 201 189
189 202 126
189 203 63
189 204 0
189 205 189
189 206 126
189 207 63
189 208 0
189 209 189
189 210 126
189 211 63
189 212 0
189 213 189
189 214 126
189 215 63
189 216 0
189 217 189
189 218 126
189 219 63
189 220 0
189 221 189
189 222 126
189 223 63
189 224 0
189 225 189
189 226 126
189 227 63
189 228 0
189 229 189
189 230 126
189 231 63
189 232 0
189 233 189
189 234 126
189 235 63
189 236 0
189 237 189
189 238 126
189 239 63
189 240 0
189 241 189
189 242 126
189 243 63
189 244 0
189 245 189
189 246 126
189 247 63
189 248 0
189 249 189
189 250 126
189 251 63
189 252 0
189 253 189
189 254 126
189 255 63
189 256 0
190 191 2
190 192 192
190 193 130
190 194 68
190 195 6
190 196 196
190 197 134
190 198 72
190 199 10
190 200 200
190 201 138
190 202 76
190 203 14
190 204 204
190 205 142
190 206 80
190 207 18
190 208 208
190 209 146
190 210 84
190 211 22
190 212 212
190 213 150
190 214 88
190 215 26
190 216 216
190 217 154
190 218 92
190 219 30
190 220 220
190 221 158
190 222 96
190 223 34
190 224 224
190 225 162
190 226 100
190 227 38
190 228 228
190 229 166
190 230 104
190 231 42
190 232 232
190 233 170
190 234 108
190 235 46
190 236 236
190 237 174
190 238 112
190 239 50
190 240 240
190 241 178
190 242 116
190 243 54
190 244 244
190 245 182
190 246 120
190 247 58
190 248 248
190 249 186
190 250 124
190 251 62
190 252 0
190 253 190
190 254 128
190 255 66
190 256 4
191 192 132
191 193 71
191 194 10
191 195 201
191 196 140
191 197 79
191 198 18
191 199 209
191 200 148
191 201 87
191 202 26
191 203 217
191 204 156
191 205 95
191 206 34
191 207 225
191 208 164
191 209 103
191 210 42
191 211 233
191 212 172
191 213 111
191 214 50
191 215 241
191 216 180
191 217 119
191 218 58
191 219 249
191 220 188
191 221 127
191 222 66
191 223 5
191 224 196
191 225 135
191 226 74
191 227 13
191 228 204
191 229 143
191 230 82
191 231 21
191 232 212
191 233 151
191 234 90
191 235 29
191 236 220
191 237 159
191 238 98
191 239 37
191 240 228
191 241 167
191 242 106
191 243 45
191 244 236
191 245 175
191 246 114
191 247 53
191 248 244
191 249 183
191 250 122
191 251 61
191 252 0
191 253 191
191 254 130
191 255 69
191 256 8
192 193 12
192 194 204
192 195 144
192 196 84
192 197 24
192 198 216
192 199 156
192 200 96
192 201 36
192 202 228
192 203 168
192 204 108
192 205 48
192 206 240
192 207 180
192 208 120
192 209 60
192 210 0
192 211 192
192 212 132
192 213 72
192 214 12
192 215 204
192 216 144
192 217 84
192 218 24
192 219 216
192 220 156
192 221 96
192 222 36
192 223 228
192 224 168
192 225 108
192 226 48
192 227 240
192 228 180
192 229 120
192 230 60
192 231 0
192 232 192
192 233 132
192 234 72
192 235 12
192 236 204
192 237 144
192 238 84
192 239 24
192 240 216
192 241 156
192 242 96
192 243 36
192 244 228
192 245 168
192 246 108
192 247 48
192 248 240
192 249 180
192 250 120
192 251 60
192 252 0
192 253 192
192 254 132
192 255 72
192 256 12
193 194 146
193 195 87
193 196 28
193 197 221
193 198 162
193 199 103
193 200 44
193 201 237
193 202 178
193 203 119
193 204 60
193 205 1
193 206 194
193 207 135
193 208 76
193 209 17
193 210 210
193 211 151
193 212 92
193 213 33
193 214 226
193 215 167
193 216 108
193 217 49
193 218 242
193 219 183
193 220 124
193 221 65
193 222 6
193 223 199
193 224 140
193 225 81
193 226 22
193 227 215
193 228 156
193 229 97
193 230 38
193 231 231
193 232 172
193 233 113
193 234 54
193 235 247
193 236 188
193 237 129
193 238 70
193 239 11
193 240 204
193 241 145
193 242 86
193 243 27
193 244 220
193 245 161
193 246 102
193 247 43
193 248 236
193 249 177
193 250 118
193 251 59
193 252 0
193 253 193
193 254 134
193 255 75
193 256 16
194 195 30
194 196 224
194 197 166
194 198 108
194 199 50
194 200 244
194 201 186
194 202 128
194 203 70
194 204 12
194 205 206
194 206 148
194 207 90
194 208 32
194 209 226
194 210 168
194 211 110
194 212 52
194 213 246
194 214 188
194 215 130
194 216 72
194 217 14
194 218 208
194 219 150
194 220 92
194 221 34
194 222 228
194 223 170
194 224 112
194 225 54
194 226 248
194 227 190
194 228 132
194 229 74
194 230 16
194 231 210
194 232 152
194 233 94
194 234 36
194 235 230
194 236 172
194 237 114
194 238 56
194 239 250
194 240 192
194 241 134
194 242 76
194 243 18
194 244 212
194 245 154
194 246 96
194 247 38
194 248 232
194 249 174
194 250 116
194 251 58
194 252 0
194 253 194
194 254 136
194 255 78
194 256 20
195 196 168
195 197 111
195 198 54
195 199 249
195 200 192
195 201 135
195 202 78
195 203 21
195 204 216
195 205 159
195 206 102
195 207 45
195 208 240
195 209 183
195 210 126
195 211 69
195 212 12
195 213 207
195 214 150
195 215 93
195 216 36
195 217 231
195 218 174
195 219 117
195 220 60
195 221 3
195 222 198
195 223 141
195 224 84
195 225 27
195 226 222
195 227 165
195 228 108
195 229 51
195 230 246
195 231 189
195 232 132
195 233 75
195 234 18
195 235 213
195 236 156
195 237 99
195 238 42
195 239 237
195 240 180
195 241 123
195 242 66
195 243 9
195 244 204
195 245 147
195 246 90
195 247 33
195 248 228
195 249 171
195 250 114
195 251 57
195 252 0
195 253 195
195 254 138
195 255 81
195 256 24
196 197 56
196 198 0
196 199 196
196 200 140
196 201 84
196 202 28
196 203 224
196 204 168
196 205 112
196 206 56
196 207 0
196 208 196
196 209 140
196 210 84
196 211 28
196 212 224
196 213 168
196 214 112
196 215 56
196 216 0
196 217 196
196 218 140
196 219 84
196 220 28
196 221 224
196 222 168
196 223 112
196 224 56
196 225 0
196 226 196
196 227 140
196 228 84
196 229 28
196 230 224
196 231 168
196 232 112
196 233 56
196 234 0
196 235 196
196 236 140
196 237 84
196 238 28
196 239 224
196 240 168
196 241 112
196 242 56
196 243 0
196 244 196
196 245 140
196 246 84
196 247 28
196 248 224
196 249 168
196 250 112
196 251 56
196 252 0
196 253 196
196 254 140
196 255 84
196 256 28
197 198 198
197 199 143
197 200 88
197 201 33
197 202 230
197 203 175
197 204 120
197 205 65
197 206 10
197 207 207
197 208 152
197 209 97
197 210 42
197 211 239
197 212 184
197 213 129
197 214 74
197 215 19
197 216 216
197 217 161
197 218 106
197 219 51
197 220 248
197 221 193
197 222 138
197 223 83
197 224 28
197 225 225
197 226 170
197 227 115
197 228 60
197 229 5
197 230 202
197 231 147
197 232 92
197 233 37
197 234 234
197 235 179
197 236 124
197 237 69
197 238 14
197 239 211
197 240 156
197 241 101
197 242 46
197 243 243
197 244 188
197 245 133
197 246 78
197 247 23
197 248 220
197 249 165
197 250 110
197 251 55
197 252 0
197 253 197
197 254 142
197 255 87
197 256 32
198 199 90
198 200 36
198 201 234
198 202 180
198 203 126
198 204 72
198 205 18
198 206 216
198 207 162
198 208 108
198 209 54
198 210 0
198 211 198
198 212 144
198 213 90
198 214 36
198 215 234
198 216 180
198 217 126
198 218 72
198 219 18
198 220 216
198 221 162
198 222 108
198 223 54
198 224 0
198 225 198
198 226 144
198 227 90
198 228 36
198 229 234
198 230 180
198 231 126
198 232 72
198 233 18
198 234 216
198 235 162
198 236 108
198 237 54
198 238 0
198 239 198
198 240 144
198 241 90
198 242 36
198 243 234
198 244 180
198 245 126
198 246 72
198 247 18
198 248 216
198 249 162
198 250 108
198 251 54
198 252 0
198 253 198
198 254 144
198 255 90
198 256 36
199 200 236
199 201 183
199 202 130
199 203 77
199 204 24
199 205 223
199 206 170
199 207 117
199 208 64
199 209 11
199 210 210
199 211 157
199 212 104
199 213 51
199 214 250
199 215 197
199 216 144
199 217 91
199 218 38
199 219 237
199 220 184
199 221 131
199 222 78
199 223 25
199 224 224
199 225 171
199 226 118
199 227 65
199 228 12
199 229 211
199 230 158
199 231 105
199 232 52
199 233 251
199 234 198
199 235 145
199 236 92
199 237 39
199 238 238
199 239 185
199 240 132
199 241 79
199 242 26
199 243 225
199 244 172
199 245 119
199 246 66
199 247 13
199 248 212
199 249 159
199 250 106
199 251 53
199 252 0
199 253 199
199 254 146
199 255 93
199 256 40
200 201 132
200 202 80
200 203 28
200 204 228
200 205 176
200 206 124
200 207 72
200 208 20
200 209 220
200 210 168
200 211 116
200 212 64
200 213 12
200 214 212
200 215 160
200 216 108
200 217 56
200 218 4
200 219 204
200 220 152
200 221 100
200 222 48
200 223 248
200 224 196
200 225 144
200 226 92
200 227 40
200 228 240
200 229 188
200 230 136
200 231 84
200 232 32
200 233 232
200 234 180
200 235 128
200 236 76
200 237 24
200 238 224
200 239 172
200 240 120
200 241 68
200 242 16
200 243 216
200 244 164
200 245 112
200 246 60
200 247 8
200 248 208
200 249 156
200 250 104
200 251 52
200 252 0
200 253 200
200 254 148
200 255 96
200 256 44
201 202 30
201 203 231
201 204 180
201 205 129
201 206 78
201 207 27
201 208 228
201 209 177
201 210 126
201 211 75
201 212 24
201 213 225
201 214 174
201 215 123
201 216 72
201 217 21
201 218 222
201 219 171
201 220 120
201 221 69
201 222 18
201 223 219
201 224 168
201 225 117
201 226 66
201 227 15
201 228 216
201 229 165
201 230 114
201 231 63
201 232 12
201 233 213
201 234 162
201 235 111
201 236 60
201 237 9
201 238 210
201 239 159
201 240 108
201 241 57
201 242 6
201 243 207
201 244 156
201 245 105
201 246 54
201 247 3
201 248 204
201 249 153
201 250 102
201 251 51
201 252 0
201 253 201
201 254 150
201 255 99
201 256 48
202 203 182
202 204 132
202 205 82
202 206 32
202 207 234
202 208 184
202 209 134
202 210 84
202 211 34
202 212 236
202 213 186
202 214 136
202 215 86
202 216 36
202 217 238
202 218 188
202 219 138
202 220 88
202 221 38
202 222 240
202 223 190
202 224 140
202 225 90
202 226 40
202 227 242
202 228 192
202 229 142
202 230 92
202 231 42
202 232 244
202 233 194
202 234 144
202 235 94
202 236 44
202 237 246
202 238 196
202 239 146
202 240 96
202 241 46
202 242 248
202 243 198
202 244 148
202 245 98
202 246 48
202 247 250
202 248 200
202 249 150
202 250 100
202 251 50
202 252 0
202 253 202
202 254 152
202 255 102
202 256 52
203 204 84
203 205 35
203 206 238
203 207 189
203 208 140
203 209 91
203 210 42
203 211 245
203 212 196
203 213 147
203 214 98
203 215 49
203 216 0
203 217 203
203 218 154
203 219 105
203 220 56
203 221 7
203 222 210
203 223 161
203 224 112
203 225 63
203 226 14
203 227 217
203 228 168
203 229 119
203 230 70
203 231 21
203 232 224
203 233 175
203 234 126
203 235 77
203 236 28
203 237 231
203 238 182
203 239 133
203 240 84
203 241 35
203 242 238
203 243 189
203 244 140
203 245 91
203 246 42
203 247 245
203 248 196
203 249 147
203 250 98
203 251 49
203 252 0
203 253 203
203 254 154
203 255 105
203 256 56
204 205 240
204 206 192
204 207 144
204 208 96
204 209 48
204 210 0
204 211 204
204 212 156
204 213 108
204 214 60
204 215 12
204 216 216
204 217 168
204 218 120
204 219 72
204 220 24
204 221 228
204 222 180
204 223 132
204 224 84
204 225 36
204 226 240
204 227 192
204 228 144
204 229 96
204 230 48
204 231 0
204 232 204
204 233 156
204 234 108
204 235 60
204 236 12
204 237 216
204 238 168
204 239 120
204 240 72
204 241 24
204 242 228
204 243 180
204 244 132
204 245 84
204 246 36
204 247 240
204 248 192
204 249 144
204 250 96
204 251 48
204 252 0
204 253 204
204 254 156
204 255 108
204 256 60
205 206 146
205 207 99
205 208 52
205 209 5
205 210 210
205 211 163
205 212 116
205 213 69
205 214 22
205 215 227
205 216 180
205 217 133
205 218 86
205 219 39
205 220 244
205 221 197
205 222 150
205 223 103
205 224 56
205 225 9
205 226 214
205 227 167
205 228 120
205 229 73
205 230 26
205 231 231
205 232 184
205 233 137
205 234 90
205 235 43
205 236 248
205 237 201
205 238 154
205 239 107
205 240 60
205 241 13
205 242 218
205 243 171
205 244 124
205 245 77
205 246 30
205 247 235
205 248 188
205 249 141
205 250 94
205 251 47
205 252 0
205 253 205
205 254 158
205 255 111
205 256 64
206 207 54
206 208 8
206 209 214
206 210 168
206 211 122
206 212 76
206 213 30
206 214 236
206 215 190
206 216 144
206 217 98
206 218 52
206 219 6
206 220 212
206 221 166
206 222 120
206 223 74
206 224 28
206 225 234
206 226 188
206 227 142
206 228 96
206 229 50
206 230 4
206 231 210
206 232 164
206 233 118
206 234 72
206 235 26
206 236 232
206 237 186
206 238 140
206 239 94
206 240 48
206 241 2
206 242 208
206 243 162
206 244 116
206 245 70
206 246 24
206 247 230
206 248 184
206 249 138
206 250 92
206 251 46
206 252 0
206 253 206
206 254 160
206 255 114
206 256 68
207 208 216
207 209 171
207 210 126
207 211 81
207 212 36
207 213 243
207 214 198
207 215 153
207 216 108
207 217 63
207 218 18
207 219 225
207 220 180
207 221 135
207 222 90
207 223 45
207 224 0
207 225 207
207 226 162
207 227 117
207 228 72
207 229 27
207 230 234
207 231 189
207 232 144
207 233 99
207 234 54
207 235 9
207 236 216
207 237 171
207 238 126
207 239 81
207 240 36
207 241 243
207 242 198
207 243 153
207 244 108
207 245 63
207 246 18
207 247 225
207 248 180
207 249 135
207 250 90
207 251 45
207 252 0
207 253 207
207 254 162
207 255 117
207 256 72
208 209 128
208 210 84
208 211 40
208 212 248
208 213 204
208 214 160
208 215 116
208 216 72
208 217 28
208 218 236
208 219 192
208 220 148
208 221 104
208 222 60
208 223 16
208 224 224
208 225 180
208 226 136
208 227 92
208 228 48
208 229 4
208 230 212
208 231 168
208 232 124
208 233 80
208 234 36
208 235 244
208 236 200
208 237 156
208 238 112
208 239 68
208 240 24
208 241 232
208 242 188
208 243 144
208 244 100
208 245 56
208 246 12
208 247 220
208 248 176
208 249 132
208 250 88
208 251 44
208 252 0
208 253 208
208 254 164
208 255 120
208 256 76
209 210 42
209 211 251
209 212 208
209 213 165
209 214 122
209 215 79
209 216 36
209 217 245
209 218 202
209 219 159
209 220 116
209 221 73
209 222 30
209 223 239
209 224 196
209 225 153
209 226 110
209 227 67
209 228 24
209 229 233
209 230 190
209 231 147
209 232 104
209 233 61
209 234 18
209 235 227
209 236 184
209 237 141
209 238 98
209 239 55
209 240 12
209 241 221
209 242 178
209 243 135
209 244 92
209 245 49
209 246 6
209 247 215
209 248 172
209 249 129
209 250 86
209 251 43
209 252 0
209 253 209
209 254 166
209 255 123
209 256 80
210 211 210
210 212 168
210 213 126
210 214 84
210 215 42
210 216 0
210 217 210
210 218 168
210 219 126
210 220 84
210 221 42
210 222 0
210 223 210
210 224 168
210 225 126
210 226 84
210 227 42
210 228 0
210 229 210
210 230 168
210 231 126
210 232 84
210 233 42
210 234 0
210 235 210
210 236 168
210 237 126
210 238 84
210 239 42
210 240 0
210 241 210
210 242 168
210 243 126
210 244 84
210 245 42
210 246 0
210 247 210
210 248 168
210 249 126
210 250 84
210 251 42
210 252 0
210 253 210
210 254 168
210 255 126
210 256 84
211 212 128
211 213 87
211 214 46
211 215 5
211 216 216
211 217 175
211 218 134
211 219 93
211 220 52
211 221 11
211 222 222
211 223 181
211 224 140
211 225 99
211 226 58
211 227 17
211 228 228
211 229 187
211 230 146
211 231 105
211 232 64
211 233 23
211 234 234
211 235 193
211 236 152
211 237 111
211 238 70
211 239 29
211 240 240
211 241 199
211 242 158
211 243 117
211 244 76
211 245 35
211 246 246
211 247 205
211 248 164
211 249 123
211 250 82
211 251 41
211 252 0
211 253 211
211 254 170
211 255 129
211 256 88
212 213 48
212 214 8
212 215 220
212 216 180
212 217 140
212 218 100
212 219 60
212 220 20
212 221 232
212 222 192
212 223 152
212 224 112
212 225 72
212 226 32
212 227 244
212 228 204
212 229 164
212 230 124
212 231 84
212 232 44
212 233 4
212 234 216
212 235 176
212 236 136
212 237 96
212 238 56
212 239 16
212 240 228
212 241 188
212 242 148
212 243 108
212 244 68
212 245 28
212 246 240
212 247 200
212 248 160
212 249 120
212 250 80
212 251 40
212 252 0
212 253 212
212 254 172
212 255 132
212 256 92
213 214 222
213 215 183
213 216 144
213 217 105
213 218 66
213 219 27
213 220 240
213 221 201
213 222 162
213 223 123
213 224 84
213 225 45
213 226 6
213 227 219
213 228 180
213 229 141
213 230 102
213 231 63
213 232 24
213 233 237
213 234 198
213 235 159
213 236 120
213 237 81
213 238 42
213 239 3
213 240 216
213 241 177
213 242 138
213 243 99
213 244 60
213 245 21
213 246 234
213 247 195
213 248 156
213 249 117
213 250 78
213 251 39
213 252 0
213 253 213
213 254 174
213 255 135
213 256 96
214 215 146
214 216 108
214 217 70
214 218 32
214 219 246
214 220 208
214 221 170
214 222 132
214 223 94
214 224 56
214 225 18
214 226 232
214 227 194
214 228 156
214 229 118
214 230 80
214 231 42
214 232 4
214 233 218
214 234 180
214 235 142
214 236 104
214 237 66
214 238 28
214 239 242
214 240 204
214 241 166
214 242 128
214 243 90
214 244 52
214 245 14
214 246 228
214 247 190
214 248 152
214 249 114
214 250 76
214 251 38
214 252 0
214 253 214
214 254 176
214 255 138
214 256 100
215 216 72
215 217 35
215 218 250
215 219 213
215 220 176
215 221 139
215 222 102
215 223 65
215 224 28
215 225 243
215 226 206
215 227 169
215 228 132
215 229 95
215 230 58
215 231 21
215 232 236
215 233 199
215 234 162
215 235 125
215 236 88
215 237 51
215 238 14
215 239 229
215 240 192
215 241 155
215 242 118
215 243 81
215 244 44
215 245 7
215 246 222
215 247 185
215 248 148
215 249 111
215 250 74
215 251 37
215 252 0
215 253 215
215 254 178
215 255 141
215 256 104
216 217 0
216 218 216
216 219 180
216 220 144
216 221 108
216 222 72
216 223 36
216 224 0
216 225 216
216 226 180
216 227 144
216 228 108
216 229 72
216 230 36
216 231 0
216 232 216
216 233 180
216 234 144
216 235 108
216 236 72
216 237 36
216 238 0
216 239 216
216 240 180
216 241 144
216 242 108
216 243 72
216 244 36
216 245 0
216 246 216
216 247 180
216 248 144
216 249 108
216 250 72
216 251 36
216 252 0
216 253 216
216 254 180
216 255 144
216 256 108
217 218 182
217 219 147
217 220 112
217 221 77
217 222 42
217 223 7
217 224 224
217 225 189
217 226 154
217 227 119
217 228 84
217 229 49
217 230 14
217 231 231
217 232 196
217 233 161
217 234 126
217 235 91
217 236 56
217 237 21
217 238 238
217 239 203
217 240 168
217 241 133
217 242 98
217 243 63
217 244 28
217 245 245
217 246 210
217 247 175
217 248 140
217 249 105
217 250 70
217 251 35
217 252 0
217 253 217
217 254 182
217 255 147
217 256 112
218 219 114
218 220 80
218 221 46
218 222 12
218 223 230
218 224 196
218 225 162
218 226 128
218 227 94
218 228 60
218 229 26
218 230 244
218 231 210
218 232 176
218 233 142
218 234 108
218 235 74
218 236 40
218 237 6
218 238 224
218 239 190
218 240 156
218 241 122
218 242 88
218 243 54
218 244 20
218 245 238
218 246 204
218 247 170
218 248 136
218 249 102
218 250 68
218 251 34
218 252 0
218 253 218
218 254 184
218 255 150
218 256 116
219 220 48
219 221 15
219 222 234
219 223 201
219 224 168
219 225 135
219 226 102
219 227 69
219 228 36
219 229 3
219 230 222
219 231 189
219 232 156
219 233 123
219 234 90
219 235 57
219 236 24
219 237 243
219 238 210
219 239 177
219 240 144
219 241 111
219 242 78
219 243 45
219 244 12
219 245 231
219 246 198
219 247 165
219 248 132
219 249 99
219 250 66
219 251 33
219 252 0
219 253 219
219 254 186
219 255 153
219 256 120
220 221 236
220 222 204
220 223 172
220 224 140
220 225 108
220 226 76
220 227 44
220 228 12
220 229 232
220 230 200
220 231 168
220 232 136
220 233 104
220 234 72
220 235 40
220 236 8
220 237 228
220 238 196
220 239 164
220 240 132
220 241 100
220 242 68
220 243 36
220 244 4
220 245 224
220 246 192
220 247 160
220 248 128
220 249 96
220 250 64
220 251 32
220 252 0
220 253 220
220 254 188
220 255 156
220 256 124
221 222 174
221 223 143
221 224 112
221 225 81
221 226 50
221 227 19
221 228 240
221 229 209
221 230 178
221 231 147
221 232 116
221 233 85
221 234 54
221 235 23
221 236 244
221 237 213
221 238 182
221 239 151
221 240 120
221 241 89
221 242 58
221 243 27
221 244 248
221 245 217
221 246 186
221 247 155
221 248 124
221 249 93
221 250 62
221 251 31
221 252 0
221 253 221
221 254 190
221 255 159
221 256 128
222 223 114
222 224 84
222 225 54
222 226 24
222 227 246
222 228 216
222 229 186
222 230 156
222 231 126
222 232 96
222 233 66
222 234 36
222 235 6
222 236 228
222 237 198
222 238 168
222 239 138
222 240 108
222 241 78
222 242 48
222 243 18
222 244 240
222 245 210
222 246 180
222 247 150
222 248 120
222 249 90
222 250 60
222 251 30
222 252 0
222 253 222
222 254 192
222 255 162
222 256 132
223 224 56
223 225 27
223 226 250
223 227 221
223 228 192
223 229 163
223 230 134
223 231 105
223 232 76
223 233 47
223 234 18
223 235 241
223 236 212
223 237 183
223 238 154
223 239 125
223 240 96
223 241 67
223 242 38
223 243 9
223 244 232
223 245 203
223 246 174
223 247 145
223 248 116
223 249 87
223 250 58
223 251 29
223 252 0
223 253 223
223 254 194
223 255 165
223 256 136
224 225 0
224 226 224
224 227 196
224 228 168
224 229 140
224 230 112
224 231 84
224 232 56
224 233 28
224 234 0
224 235 224
224 236 196
224 237 168
224 238 140
224 239 112
224 240 84
224 241 56
224 242 28
224 243 0
224 244 224
224 245 196
224 246 168
224 247 140
224 248 112
224 249 84
224 250 56
224 251 28
224 252 0
224 253 224
224 254 196
224 255 168
224 256 140
225 226 198
225 227 171
225 228 144
225 229 117
225 230 90
225 231 63
225 232 36
225 233 9
225 234 234
225 235 207
225 236 180
225 237 153
225 238 126
225 239 99
225 240 72
225 241 45
225 242 18
225 243 243
225 244 216
225 245 189
225 246 162
225 247 135
225 248 108
225 249 81
225 250 54
225 251 27
225 252 0
225 253 225
225 254 198
225 255 171
225 256 144
226 227 146
226 228 120
226 229 94
226 230 68
226 231 42
226 232 16
226 233 242
226 234 216
226 235 190
226 236 164
226 237 138
226 238 112
226 239 86
226 240 60
226 241 34
226 242 8
226 243 234
226 244 208
226 245 182
226 246 156
226 247 130
226 248 104
226 249 78
226 250 52
226 251 26
226 252 0
226 253 226
226 254 200
226 255 174
226 256 148
227 228 96
227 229 71
227 230 46
227 231 21
227 232 248
227 233 223
227 234 198
227 235 173
227 236 148
227 237 123
227 238 98
227 239 73
227 240 48
227 241 23
227 242 250
227 243 225
227 244 200
227 245 175
227 246 150
227 247 125
227 248 100
227 249 75
227 250 50
227 251 25
227 252 0
227 253 227
227 254 202
227 255 177
227 256 152
228 229 48
228 230 24
228 231 0
228 232 228
228 233 204
228 234 180
228 235 156
228 236 132
228 237 108
228 238 84
228 239 60
228 240 36
228 241 12
228 242 240
228 243 216
228 244 192
228 245 168
228 246 144
228 247 120
228 248 96
228 249 72
228 250 48
228 251 24
228 252 0
228 253 228
228 254 204
228 255 180
228 256 156
229 230 2
229 231 231
229 232 208
229 233 185
229 234 162
229 235 139
229 236 116
229 237 93
229 238 70
229 239 47
229 240 24
229 241 1
229 242 230
229 243 207
229 244 184
229 245 161
229 246 138
229 247 115
229 248 92
229 249 69
229 250 46
229 251 23
229 252 0
229 253 229
229 254 206
229 255 183
229 256 160
230 231 210
230 232 188
230 233 166
230 234 144
230 235 122
230 236 100
230 237 78
230 238 56
230 239 34
230 240 12
230 241 242
230 242 220
230 243 198
230 244 176
230 245 154
230 246 132
230 247 110
230 248 88
230 249 66
230 250 44
230 251 22
230 252 0
230 253 230
230 254 208
230 255 186
230 256 164
231 232 168
231 233 147
231 234 126
231 235 105
231 236 84
231 237 63
231 238 42
231 239 21
231 240 0
231 241 231
231 242 210
231 243 189
231 244 168
231 245 147
231 246 126
231 247 105
231 248 84
231 249 63
231 250 42
231 251 21
231 252 0
231 253 231
231 254 210
231 255 189
231 256 168
232 233 128
232 234 108
232 235 88
232 236 68
232 237 48
232 238 28
232 239 8
232 240 240
232 241 220
232 242 200
232 243 180
232 244 160
232 245 140
232 246 120
232 247 100
232 248 80
232 249 60
232 250 40
232 251 20
232 252 0
232 253 232
232 254 212
232 255 192
232 256 172
233 234 90
233 235 71
233 236 52
233 237 33
233 238 14
233 239 247
233 240 228
233 241 209
233 242 190
233 243 171
233 244 152
233 245 133
233 246 114
233 247 95
233 248 76
233 249 57
233 250 38
233 251 19
233 252 0
233 253 233
233 254 214
233 255 195
233 256 176
234 235 54
234 236 36
234 237 18
234 238 0
234 239 234
234 240 216
234 241 198
234 242 180
234 243 162
234 244 144
234 245 126
234 246 108
234 247 90
234 248 72
234 249 54
234 250 36
234 251 18
234 252 0
234 253 234
234 254 216
234 255 198
234 256 180
235 236 20
235 237 3
235 238 238
235 239 221
235 240 204
235 241 187
235 242 170
235 243 153
235 244 136
235 245 119
235 246 102
235 247 85
235 248 68
235 249 51
235 250 34
235 251 17
235 252 0
235 253 235
235 254 218
235 255 201
235 256 184
236 237 240
236 238 224
236 239 208
236 240 192
236 241 176
236 242 160
236 243 144
236 244 128
236 245 112
236 246 96
236 247 80
236 248 64
236 249 48
236 250 32
236 251 16
236 252 0
236 253 236
236 254 220
236 255 204
236 256 188
237 238 210
237 239 195
237 240 180
237 241 165
237 242 150
237 243 135
237 244 120
237 245 105
237 246 90
237 247 75
237 248 60
237 249 45
237 250 30
237 251 15
237 252 0
237 253 237
237 254 222
237 255 207
237 256 192
238 239 182
238 240 168
238 241 154
238 242 140
238 243 126
238 244 112
238 245 98
238 246 84
238 247 70
238 248 56
238 249 42
238 250 28
238 251 14
238 252 0
238 253 238
238 254 224
238 255 210
238 256 196
239 240 156
239 241 143
239 242 130
239 243 117
239 244 104
239 245 91
239 246 78
239 247 65
239 248 52
239 249 39
239 250 26
239 251 13
239 252 0
239 253 239
239 254 226
239 255 213
239 256 200
240 241 132
240 242 120
240 243 108
240 244 96
240 245 84
240 246 72
240 247 60
240 248 48
240 249 36
240 250 24
240 251 12
240 252 0
240 253 240
240 254 228
240 255 216
240 256 204
241 242 110
241 243 99
241 244 88
241 245 77
241 246 66
241 247 55
241 248 44
241 249 33
241 250 22
241 251 11
241 252 0
241 253 241
241 254 230
241 255 219
241 256 208
242 243 90
242 244 80
242 245 70
242 246 60
242 247 50
242 248 40
242 249 30
242 250 20
242 251 10
242 252 0
242 253 242
242 254 232
242 255 222
242 256 212
243 244 72
243 245 63
243 246 54
243 247 45
243 248 36
243 249 27
243 250 18
243 251 9
243 252 0
243 253 243
243 254 234
243 255 225
243 256 216
244 245 56
244 246 48
244 247 40
244 248 32
244 249 24
244 250 16
244 251 8
244 252 0
244 253 244
244 254 236
244 255 228
244 256 220
245 246 42
245 247 35
245 248 28
245 249 21
245 250 14
245 251 7
245 252 0
245 253 245
245 254 238
245 255 231
245 256 224
246 247 30
246 248 24
246 249 18
246 250 12
246 251 6
246 252 0
246 253 246
246 254 240
246 255 234
246 256 228
247 248 20
247 249 15
247 250 10
247 251 5
247 252 0
247 253 247
247 254 242
247 255 237
247 256 232
248 249 12
248 250 8
248 251 4
248 252 0
248 253 248
248 254 244
248 255 240
248 256 236
249 250 6
249 251 3
249 252 0
249 253 249
249 254 246
249 255 243
249 256 240
250 251 2
250 252 0
250 253 250
250 254 248
250 255 246
250 256 244
251 252 0
251 253 251
251 254 250
251 255 249
251 256 248
252 253 0
252 254 0
252 255 0
252 256 0
253 254 2
253 255 3
253 256 4
254 255 6
254 256 8
255 256 12
